Date,ETH_Close,SPY_Close,DXY_Close,GOLD_Close
2014-09-17,,164.56753540039062,18.821577072143555,117.54000091552734
2014-09-18,,165.4446563720703,18.738037109375,117.77999877929688
2014-09-19,,165.2956085205078,18.838281631469727,117.08999633789062
2014-09-22,,164.01907348632812,18.821577072143555,116.8499984741211
2014-09-23,,163.08010864257812,18.821577072143555,117.5999984741211
2014-09-24,,164.35665893554688,18.905115127563477,117.0500030517578
2014-09-25,,161.70469665527344,18.93853187561035,117.38999938964844
2014-09-26,,162.98948669433594,19.04713249206543,117.05999755859376
2014-09-29,,162.6929931640625,19.030426025390625,117.02999877929688
2014-09-30,,162.26478576660156,19.10561180114746,116.20999908447266
2014-10-01,,160.06578063964844,19.08890151977539,116.7699966430664
2014-10-02,,160.0904541015625,19.030426025390625,116.73999786376952
2014-10-03,,161.85296630859375,19.28104591369629,114.61000061035156
2014-10-06,,161.6635284423828,19.063840866088867,116.02999877929688
2014-10-07,,159.1680145263672,19.030426025390625,116.36000061035156
2014-10-08,,161.95175170898438,18.94688415527344,117.47000122070312
2014-10-09,,158.7397918701172,19.005361557006836,117.63999938964844
2014-10-10,,156.9279022216797,19.097259521484375,117.58999633789062
2014-10-13,,154.3500518798828,18.988656997680664,118.5199966430664
2014-10-14,,154.58880615234375,19.07219696044922,118.58999633789062
2014-10-15,,153.54283142089844,18.8716983795166,118.98999786376952
2014-10-16,,153.41110229492188,18.8716983795166,119.22000122070312
2014-10-17,,155.22305297851562,18.930177688598633,118.98999786376952
2014-10-20,,156.73019409179688,18.863346099853516,119.8000030517578
2014-10-21,,159.8351593017578,18.963594436645508,120.0199966430664
2014-10-22,,158.6986083984375,19.04713249206543,119.33999633789062
2014-10-23,,160.5435028076172,19.063840866088867,118.5199966430664
2014-10-24,,161.77883911132812,19.030426025390625,118.3499984741211
2014-10-27,,161.55650329589844,18.98029899597168,118.05999755859376
2014-10-28,,163.4095916748047,18.94688415527344,118.0999984741211
2014-10-29,,163.16249084472656,19.08890151977539,116.41000366210938
2014-10-30,,164.2084503173828,19.139028549194336,115.19000244140624
2014-10-31,,166.0862579345703,19.289400100708008,112.66000366210938
2014-11-03,,166.17681884765625,19.38129425048828,112.1500015258789
2014-11-04,,165.60032653808594,19.331167221069336,112.22000122070312
2014-11-05,,166.64627075195312,19.423067092895508,109.79000091552734
2014-11-06,,167.31336975097656,19.556726455688477,109.87999725341795
2014-11-07,,167.46986389160156,19.439769744873047,112.97000122070312
2014-11-10,,167.9969940185547,19.49825096130371,110.45999908447266
2014-11-11,,168.1617431640625,19.423067092895508,112.04000091552734
2014-11-12,,167.9805145263672,19.489896774291992,111.5
2014-11-13,,168.169921875,19.47318649291992,111.66999816894533
2014-11-14,,168.2111053466797,19.423067092895508,114.47000122070312
2014-11-17,,168.31822204589844,19.52331161499023,114.0500030517578
2014-11-18,,169.2899932861328,19.431419372558594,115.0500030517578
2014-11-19,,169.0182647705078,19.464834213256836,113.68000030517578
2014-11-20,,169.31472778320312,19.439769744873047,114.86000061035156
2014-11-21,,170.220703125,19.59849739074707,115.38999938964844
2014-11-24,,170.69837951660156,19.548376083374023,115.11000061035156
2014-11-25,,170.5748291015625,19.50660514831543,115.37999725341795
2014-11-26,,171.0113525390625,19.44812774658203,115.16000366210938
2014-11-28,,170.64894104003906,19.60685157775879,112.11000061035156
2014-12-01,,169.46299743652344,19.514957427978516,116.58000183105467
2014-12-02,,170.558349609375,19.673683166503903,115.13999938964844
2014-12-03,,171.2172393798828,19.732160568237305,116.33000183105467
2014-12-04,,171.02786254882812,19.6569766998291,115.87999725341795
2014-12-05,,171.307861328125,19.807348251342773,114.43000030517578
2014-12-08,,170.1630859375,19.76557731628418,115.77999877929688
2014-12-09,,170.04776000976562,19.673683166503903,118.19000244140624
2014-12-10,,167.3217010498047,19.565080642700195,117.95999908447266
2014-12-11,,168.169921875,19.640270233154297,117.69000244140624
2014-12-12,,165.4521026611328,19.57343864440918,117.41000366210938
2014-12-15,,164.3155059814453,19.615205764770508,114.38999938964844
2014-12-16,,162.99777221679688,19.47318649291992,114.9499969482422
2014-12-17,,166.1932830810547,19.7154541015625,114.2699966430664
2014-12-18,,170.3030548095703,19.7739315032959,115.1500015258789
2014-12-19,,171.02774047851562,19.857471466064453,114.7699966430664
2014-12-22,,171.81439208984375,19.874181747436523,112.5500030517578
2014-12-23,,172.04629516601562,19.974428176879883,112.73999786376952
2014-12-24,,172.0628662109375,19.949365615844727,112.7699966430664
2014-12-26,,172.61770629882812,19.957719802856445,114.83000183105467
2014-12-29,,172.8495635986328,20.00784683227539,113.66999816894533
2014-12-30,,171.9220733642578,19.957719802856445,115.1999969482422
2014-12-31,,170.21612548828125,20.02455139160156,113.58000183105467
2015-01-02,,170.1249237060547,20.216697692871097,114.08000183105467
2015-01-05,,167.05255126953125,20.258464813232425,115.8000030517578
2015-01-06,,165.47909545898438,20.300233840942383,117.12000274658205
2015-01-07,,167.54119873046875,20.375417709350582,116.43000030517578
2015-01-08,,170.51422119140625,20.458961486816406,115.94000244140624
2015-01-09,,169.14776611328125,20.367067337036133,117.26000213623048
2015-01-12,,167.82276916503906,20.367067337036133,118.55999755859376
2015-01-13,,167.35073852539062,20.42554473876953,118.16000366210938
2015-01-14,,166.34042358398438,20.383773803710938,117.97000122070312
2015-01-15,,164.81661987304688,20.450605392456055,120.94000244140624
2015-01-16,,166.97805786132812,20.542503356933594,122.5199966430664
2015-01-20,,167.33416748046875,20.626041412353516,124.1999969482422
2015-01-21,,168.1789093017578,20.567562103271484,124.2300033569336
2015-01-22,,170.6798858642578,20.876659393310547,125.2300033569336
2015-01-23,,169.7440948486328,21.060447692871097,124.2300033569336
2015-01-26,,170.14151000976562,21.02703285217285,122.98999786376952
2015-01-27,,167.89732360839844,20.826536178588867,124.4000015258789
2015-01-28,,165.744140625,20.951847076416016,123.41999816894533
2015-01-29,,167.27618408203125,20.96855735778809,120.76000213623048
2015-01-30,,165.17276000976562,20.99361801147461,123.4499969482422
2015-02-02,,167.21826171875,20.951847076416016,122.41999816894533
2015-02-03,,169.6363983154297,20.70957946777344,121.0500030517578
2015-02-04,,168.990478515625,20.834890365600582,121.58000183105467
2015-02-05,,170.69644165039062,20.68451881408691,121.79000091552734
2015-02-06,,170.22434997558594,20.935136795043945,118.63999938964844
2015-02-09,,169.4625244140625,20.918432235717773,119.16999816894533
2015-02-10,,171.2678985595703,20.94349479675293,118.47000122070312
2015-02-11,,171.36721801757812,21.0186767578125,117.06999969482422
2015-02-12,,173.0151824951172,20.81818389892578,117.33999633789062
2015-02-13,,173.72744750976562,20.80982780456543,117.9800033569336
2015-02-17,,174.0007781982422,20.784765243530273,116.01000213623048
2015-02-18,,174.01722717285156,20.793121337890625,116.33999633789062
2015-02-19,,173.89300537109375,20.868305206298828,115.94000244140624
2015-02-20,,174.9365234375,20.85159683227539,115.27999877929688
2015-02-23,,174.91165161132812,20.910078048706055,115.43000030517578
2015-02-24,,175.40859985351562,20.868305206298828,115.26000213623048
2015-02-25,,175.2594757080078,20.826536178588867,115.6999969482422
2015-02-26,,175.05245971679688,21.04374122619629,116.06999969482422
2015-02-27,,174.45614624023438,21.05209732055664,116.16000366210938
2015-03-02,,175.55760192871094,21.0938663482666,115.68000030517578
2015-03-03,,174.8371124267578,21.085508346557617,115.47000122070312
2015-03-04,,174.10006713867188,21.194114685058594,115.11000061035156
2015-03-05,,174.29058837890625,21.294361114501953,115.0
2015-03-06,,171.8392791748047,21.553333282470703,111.86000061035156
2015-03-09,,172.55149841308594,21.553333282470703,111.97000122070312
2015-03-10,,169.75230407714844,21.778894424438477,111.41999816894533
2015-03-11,,169.3548583984375,22.021162033081055,110.75
2015-03-12,,171.5080108642578,21.904205322265625,110.72000122070312
2015-03-13,,170.4562530517578,22.1297607421875,110.87999725341795
2015-03-16,,172.73361206054688,21.96268081665039,110.80999755859376
2015-03-17,,172.22023010253906,21.97103500366211,110.20999908447266
2015-03-18,,174.29058837890625,21.5366268157959,112.37000274658205
2015-03-19,,173.49554443359375,21.8624324798584,112.29000091552734
2015-03-20,,175.0269775390625,21.570043563842773,113.56999969482422
2015-03-23,,174.68589782714844,21.336132049560547,114.29000091552734
2015-03-24,,173.704345703125,21.402963638305664,114.56999969482422
2015-03-25,,171.158935546875,21.344484329223633,114.7300033569336
2015-03-26,,170.75131225585938,21.41967010498047,115.4800033569336
2015-03-27,,171.1422882080078,21.43638038635254,115.05999755859376
2015-03-30,,173.2301483154297,21.603458404541016,113.75
2015-03-31,,171.71620178222656,21.636877059936523,113.66000366210938
2015-04-01,,171.10897827148438,21.645227432250977,115.5999984741211
2015-04-02,,171.72451782226562,21.4781494140625,115.27999877929688
2015-04-06,,172.8808135986328,21.31106948852539,116.69000244140624
2015-04-07,,172.42330932617188,21.553333282470703,116.11000061035156
2015-04-08,,173.0055389404297,21.58675193786621,115.47000122070312
2015-04-09,,173.77085876464844,21.81230735778809,114.66999816894533
2015-04-10,,174.71917724609375,21.8624324798584,115.97000122070312
2015-04-13,,173.928955078125,21.895845413208008,115.13999938964844
2015-04-14,,174.26168823242188,21.728769302368164,114.44000244140624
2015-04-15,,175.0435791015625,21.628520965576172,115.43000030517578
2015-04-16,,174.99366760253906,21.461441040039062,115.02999877929688
2015-04-17,,172.9806365966797,21.41131591796875,115.5999984741211
2015-04-20,,174.5611572265625,21.5366268157959,114.72000122070312
2015-04-21,,174.3531494140625,21.561689376831055,115.37999725341795
2015-04-22,,175.20999145507812,21.561689376831055,113.83000183105467
2015-04-23,,175.6508026123047,21.402963638305664,114.66000366210938
2015-04-24,,176.05844116210938,21.31942367553711,113.0500030517578
2015-04-27,,175.32640075683594,21.25259017944336,115.33000183105467
2015-04-28,,175.88377380371094,21.11893081665039,116.33000183105467
2015-04-29,,175.16001892089844,20.935136795043945,115.51000213623048
2015-04-30,,173.40489196777344,20.80982780456543,113.47000122070312
2015-05-01,,175.28485107421875,20.910078048706055,113.08000183105467
2015-05-04,,175.78392028808594,20.96855735778809,114.0999984741211
2015-05-05,,173.77085876464844,20.910078048706055,114.41999816894533
2015-05-06,,173.05543518066406,20.67616271972656,114.36000061035156
2015-05-07,,173.74594116210938,20.784765243530273,113.41999816894533
2015-05-08,,176.03346252441406,20.80982780456543,113.97000122070312
2015-05-11,,175.1933135986328,20.876659393310547,113.52999877929688
2015-05-12,,174.6692352294922,20.75970458984375,114.5
2015-05-13,,174.7025909423828,20.575916290283203,116.5500030517578
2015-05-14,,176.5242462158203,20.50908470153809,117.18000030517578
2015-05-15,,176.71560668945312,20.475669860839844,117.52999877929688
2015-05-18,,177.2645721435547,20.67616271972656,117.5199966430664
2015-05-19,,177.20635986328125,20.918432235717773,115.88999938964844
2015-05-20,,177.0815887451172,20.96019744873047,116.08000183105467
2015-05-21,,177.59735107421875,20.92678451538086,115.69000244140624
2015-05-22,,177.17311096191406,21.11893081665039,115.5999984741211
2015-05-26,,175.26817321777344,21.35283851623535,113.91000366210938
2015-05-27,,176.93185424804688,21.36119079589844,113.88999938964844
2015-05-28,,176.73223876953125,21.302717208862305,114.0199966430664
2015-05-29,,175.63412475585938,21.26930046081543,114.0999984741211
2015-06-01,,175.9918670654297,21.394607543945312,114.0
2015-06-02,,175.8172149658203,21.068803787231445,114.45999908447266
2015-06-03,,176.28298950195312,20.92678451538086,113.63999938964844
2015-06-04,,174.7939910888672,20.951847076416016,112.83999633789062
2015-06-05,,174.49459838867188,21.13563346862793,112.23999786376952
2015-06-08,,173.42152404785156,20.893367767333984,112.56999969482422
2015-06-09,,173.39649963378906,20.868305206298828,112.81999969482422
2015-06-10,,175.47618103027344,20.75135040283203,113.77999877929688
2015-06-11,,176.0417938232422,20.80982780456543,113.26000213623048
2015-06-12,,174.69419860839844,20.793121337890625,113.2300033569336
2015-06-15,,173.94554138183594,20.776412963867188,113.7300033569336
2015-06-16,,174.89382934570312,20.81818389892578,113.31999969482422
2015-06-17,,175.17665100097656,20.6343936920166,113.8499984741211
2015-06-18,,176.99839782714844,20.567562103271484,115.31999969482422
2015-06-19,,176.21267700195312,20.617687225341797,115.12000274658205
2015-06-22,,177.1154022216797,20.65945625305176,113.63999938964844
2015-06-23,,177.24081420898438,20.901723861694336,112.88999938964844
2015-06-24,,175.95359802246094,20.859954833984375,112.58999633789062
2015-06-25,,175.4185791015625,20.826536178588867,112.44000244140624
2015-06-26,,175.38516235351562,20.8850154876709,112.55999755859376
2015-06-29,,171.70726013183594,20.76805877685547,113.06999969482422
2015-06-30,,172.0666961669922,20.910078048706055,112.37000274658205
2015-07-01,,173.4459228515625,21.077157974243164,111.9800033569336
2015-07-02,,173.28704833984375,21.02703285217285,111.76000213623048
2015-07-06,,172.79393005371094,21.068803787231445,112.05999755859376
2015-07-07,,173.8805389404297,21.13563346862793,110.76000213623048
2015-07-08,,170.96334838867188,21.05209732055664,111.08999633789062
2015-07-09,,171.27261352539062,21.11893081665039,111.36000061035156
2015-07-10,,173.42916870117188,20.96855735778809,111.48999786376952
2015-07-13,,175.3433837890625,21.177406311035156,110.98999786376952
2015-07-14,,176.10400390625,21.14398956298828,110.73999786376952
2015-07-15,,176.0454864501953,21.235883712768555,110.16000366210938
2015-07-16,,177.4581756591797,21.35283851623535,109.76000213623048
2015-07-17,,177.608642578125,21.402963638305664,108.6500015258789
2015-07-20,,177.70053100585938,21.41131591796875,105.6999969482422
2015-07-21,,176.9984130859375,21.26094627380371,105.37000274658205
2015-07-22,,176.6807861328125,21.31106948852539,104.8000030517578
2015-07-23,,175.68609619140625,21.227529525756836,104.33000183105467
2015-07-24,,173.8638458251953,21.26094627380371,105.3499984741211
2015-07-27,,172.85240173339844,21.0938663482666,104.86000061035156
2015-07-28,,174.9755859375,21.110572814941406,105.0199966430664
2015-07-29,,176.17922973632812,21.227529525756836,105.16999816894533
2015-07-30,,176.2210693359375,21.31106948852539,104.2699966430664
2015-07-31,,175.95359802246094,21.244237899780273,104.93000030517578
2015-08-03,,175.36007690429688,21.294361114501953,104.0999984741211
2015-08-04,,175.017333984375,21.402963638305664,104.30999755859376
2015-08-05,,175.59413146972656,21.394607543945312,103.93000030517578
2015-08-06,,174.156494140625,21.35283851623535,104.38999938964844
2015-08-07,,173.82205200195312,21.31942367553711,104.6500015258789
2015-08-10,,176.0120391845703,21.219173431396484,105.72000122070312
2015-08-11,,174.42385864257812,21.219173431396484,106.26000213623048
2015-08-12,,174.63282775878906,20.99361801147461,107.75
2015-08-13,,174.41554260253906,21.02703285217285,106.86000061035156
2015-08-14,,175.05079650878906,21.085508346557617,106.8499984741211
2015-08-17,,176.02874755859375,21.11893081665039,107.12999725341795
2015-08-18,,175.51885986328125,21.169050216674805,107.11000061035156
2015-08-19,,174.13137817382812,21.03538703918457,108.5500030517578
2015-08-20,,170.4952392578125,20.918432235717773,110.44000244140624
2015-08-21,,165.36289978027344,20.717937469482425,111.12999725341795
2015-08-24,,158.40000915527344,20.375417709350582,110.52999877929688
2015-08-25,,156.5360107421875,20.517438888549805,109.16000366210938
2015-08-26,,162.5459442138672,20.76805877685547,107.66999816894533
2015-08-27,,166.56658935546875,20.901723861694336,107.7300033569336
2015-08-28,,166.574951171875,20.96855735778809,108.6999969482422
2015-08-31,,165.22915649414062,20.935136795043945,108.81999969482422
2015-09-01,,160.29745483398438,20.80982780456543,109.1999969482422
2015-09-02,,163.34007263183594,20.918432235717773,108.62000274658205
2015-09-03,,163.4571075439453,21.0186767578125,107.83999633789062
2015-09-04,,160.98284912109375,20.99361801147461,107.48999786376952
2015-09-08,,165.02854919433594,20.918432235717773,107.5199966430664
2015-09-09,,162.82179260253906,20.918432235717773,106.12999725341795
2015-09-10,,163.7078857421875,20.834890365600582,106.37999725341795
2015-09-11,,164.4517822265625,20.742996215820312,106.16000366210938
2015-09-14,,163.841552734375,20.75135040283203,106.22000122070312
2015-09-15,,165.88951110839844,20.834890365600582,105.9000015258789
2015-09-16,,167.3271942138672,20.776412963867188,107.30999755859376
2015-09-17,,166.95106506347656,20.5592098236084,108.41000366210938
2015-09-18,,164.22283935546875,20.76805877685547,109.20999908447266
2015-09-21,,165.07147216796875,20.893367767333984,108.52999877929688
2015-09-22,,162.92893981933594,20.98526382446289,107.79000091552734
2015-09-23,,162.66842651367188,20.98526382446289,108.22000122070312
2015-09-24,,162.08030700683594,20.918432235717773,110.48999786376952
2015-09-25,,162.03831481933594,20.951847076416016,109.80999755859376
2015-09-28,,157.9714813232422,20.92678451538086,108.41999816894533
2015-09-29,,158.06396484375,20.893367767333984,107.9800033569336
2015-09-30,,161.01316833496094,20.96855735778809,106.86000061035156
2015-10-01,,161.43328857421875,20.96019744873047,106.7300033569336
2015-10-02,,163.84478759765625,20.910078048706055,108.98999786376952
2015-10-05,,166.76036071777344,20.918432235717773,108.7699966430664
2015-10-06,,166.18899536132812,20.776412963867188,109.86000061035156
2015-10-07,,167.5501251220703,20.801475524902344,109.6999969482422
2015-10-08,,169.06256103515625,20.75135040283203,109.13999938964844
2015-10-09,,169.16339111328125,20.651103973388672,110.87000274658205
2015-10-12,,169.32305908203125,20.6343936920166,111.30999755859376
2015-10-13,,168.25596618652344,20.60097885131836,111.86000061035156
2015-10-14,,167.44937133789062,20.42554473876953,113.80999755859376
2015-10-15,,170.0204315185547,20.5592098236084,113.29000091552734
2015-10-16,,170.7934112548828,20.59262466430664,112.48999786376952
2015-10-19,,170.8774871826172,20.651103973388672,112.0199966430664
2015-10-20,,170.65902709960938,20.6343936920166,112.7300033569336
2015-10-21,,169.60032653808594,20.65945625305176,111.7300033569336
2015-10-22,,172.4654998779297,20.96019744873047,111.69000244140624
2015-10-23,,174.35601806640625,21.13563346862793,111.5
2015-10-26,,173.92747497558594,21.068803787231445,111.43000030517578
2015-10-27,,173.59141540527344,21.085508346557617,111.68000030517578
2015-10-28,,175.56591796875,21.26094627380371,110.77999877929688
2015-10-29,,175.46514892578125,21.169050216674805,109.72000122070312
2015-10-30,,174.7089080810547,21.0938663482666,109.3000030517578
2015-11-02,,176.77587890625,21.077157974243164,108.58999633789062
2015-11-03,,177.28846740722656,21.13563346862793,106.9800033569336
2015-11-04,,176.75067138671875,21.31106948852539,105.97000122070312
2015-11-05,,176.5741729736328,21.327777862548828,105.63999938964844
2015-11-06,,176.4818115234375,21.57839584350586,104.0999984741211
2015-11-09,,174.83494567871094,21.5366268157959,104.4000015258789
2015-11-10,,175.2383270263672,21.595104217529297,104.18000030517578
2015-11-11,,174.5492706298828,21.5366268157959,103.83000183105467
2015-11-12,,172.11260986328125,21.444734573364254,103.8499984741211
2015-11-13,,170.1800079345703,21.51991844177246,103.55999755859376
2015-11-16,,172.76797485351562,21.636877059936523,103.70999908447266
2015-11-17,,172.64195251464844,21.670289993286133,102.33999633789062
2015-11-18,,175.38107299804688,21.670289993286133,102.43000030517578
2015-11-19,,175.22988891601562,21.51991844177246,103.55999755859376
2015-11-20,,175.86846923828125,21.670289993286133,103.08999633789062
2015-11-23,,175.66677856445312,21.703706741333008,102.26000213623048
2015-11-24,,175.90206909179688,21.661935806274418,102.94000244140624
2015-11-25,,175.87686157226562,21.703706741333008,102.45999908447266
2015-11-27,,176.0784912109375,21.737125396728516,101.25
2015-11-30,,175.34747314453125,21.78724670410156,101.91999816894533
2015-12-01,,177.01954650878906,21.686996459960938,102.27999877929688
2015-12-02,,175.2130584716797,21.737125396728516,100.69000244140624
2015-12-03,,172.75958251953125,21.219173431396484,101.76000213623048
2015-12-04,,176.12890625,21.36954689025879,104.0199966430664
2015-12-07,,175.0618438720703,21.43638038635254,102.66999816894533
2015-12-08,,173.88543701171875,21.36954689025879,102.83999633789062
2015-12-09,,172.5327911376953,21.14398956298828,102.63999938964844
2015-12-10,,172.97805786132812,21.26094627380371,102.5500030517578
2015-12-11,,169.6255645751953,21.177406311035156,103.11000061035156
2015-12-14,,170.48255920410156,21.219173431396484,101.79000091552734
2015-12-15,,172.2722625732422,21.336132049560547,101.5199966430664
2015-12-16,,174.79298400878906,21.336132049560547,102.75
2015-12-17,,172.12942504882812,21.5366268157959,100.5
2015-12-18,,169.06295776367188,21.41131591796875,102.04000091552734
2015-12-21,,170.45755004882812,21.336132049560547,103.1500015258789
2015-12-22,,172.00433349609375,21.302717208862305,102.61000061035156
2015-12-23,,174.13429260253906,21.336132049560547,102.30999755859376
2015-12-24,,173.846923828125,21.2860050201416,103.0500030517578
2015-12-28,,173.44964599609375,21.26094627380371,102.2699966430664
2015-12-29,,175.30072021484375,21.31942367553711,102.1999969482422
2015-12-30,,174.0582275390625,21.31942367553711,101.41999816894533
2015-12-31,,172.3170623779297,21.428024291992188,101.45999908447266
2016-01-04,,169.90814208984375,21.461441040039062,102.88999938964844
2016-01-05,,170.1954803466797,21.58675193786621,103.18000030517578
2016-01-06,,168.0486602783203,21.528276443481445,104.66999816894533
2016-01-07,,164.0168914794922,21.31106948852539,106.1500015258789
2016-01-08,,162.216552734375,21.35283851623535,105.68000030517578
2016-01-11,,162.37713623046875,21.453086853027344,104.73999786376952
2016-01-12,,163.68728637695312,21.48650360107422,104.20999908447266
2016-01-13,,159.60484313964844,21.453086853027344,104.72000122070312
2016-01-14,,162.2250213623047,21.511564254760746,103.0199966430664
2016-01-15,,158.74264526367188,21.461441040039062,104.08000183105467
2016-01-19,,158.9539337158203,21.503211975097656,103.9800033569336
2016-01-20,,156.91696166992188,21.511564254760746,105.37000274658205
2016-01-21,,157.7960205078125,21.48650360107422,105.48999786376952
2016-01-22,,161.03326416015625,21.603458404541016,105.0
2016-01-25,,158.5989227294922,21.5366268157959,106.08000183105467
2016-01-26,,160.7627410888672,21.494855880737305,107.29000091552734
2016-01-27,,159.01318359375,21.4781494140625,107.69000244140624
2016-01-28,,159.8414764404297,21.37790298461914,106.54000091552734
2016-01-29,,163.73797607421875,21.603458404541016,106.9499969482422
2016-02-01,,163.67881774902344,21.461441040039062,108.0500030517578
2016-02-02,,160.7289581298828,21.444734573364254,108.08999633789062
2016-02-03,,161.69247436523438,21.077157974243164,109.25
2016-02-04,,161.9461212158203,20.935136795043945,110.56999969482422
2016-02-05,,158.86094665527344,21.02703285217285,112.31999969482422
2016-02-08,,156.72259521484375,20.976909637451172,113.83000183105467
2016-02-09,,156.7310028076172,20.826536178588867,113.58000183105467
2016-02-10,,156.59576416015625,20.784765243530273,114.45999908447266
2016-02-11,,154.55877685546875,20.726287841796875,119.05999755859376
2016-02-12,,157.7452850341797,20.81818389892578,118.36000061035156
2016-02-16,,160.4077911376953,21.001968383789062,114.7699966430664
2016-02-17,,163.02798461914062,20.99361801147461,115.4800033569336
2016-02-18,,162.3602752685547,21.001968383789062,118.29000091552734
2016-02-19,,162.28414916992188,20.94349479675293,117.58000183105467
2016-02-22,,164.63392639160156,21.102218627929688,115.48999786376952
2016-02-23,,162.55465698242188,21.110572814941406,117.22000122070312
2016-02-24,,163.29847717285156,21.127281188964844,117.61000061035156
2016-02-25,,165.2762908935547,21.110572814941406,117.91999816894533
2016-02-26,,164.8959197998047,21.25259017944336,117.11000061035156
2016-02-29,,163.60276794433594,21.294361114501953,118.63999938964844
2016-03-01,,167.448486328125,21.302717208862305,117.7699966430664
2016-03-02,,168.20074462890625,21.2860050201416,118.68000030517578
2016-03-03,,168.8600311279297,21.15234375,120.7300033569336
2016-03-04,,169.4095001220703,21.0938663482666,120.54000091552734
2016-03-07,,169.54466247558594,21.05209732055664,121.13999938964844
2016-03-08,,167.69361877441406,21.060447692871097,120.58000183105467
2016-03-09,,168.52195739746094,21.068803787231445,119.58000183105467
2016-03-10,,168.6571807861328,20.859954833984375,121.5
2016-03-11,,171.3787841796875,20.843244552612305,119.41000366210938
2016-03-14,,171.1590576171875,20.92678451538086,117.87000274658205
2016-03-15,,170.88021850585938,20.94349479675293,117.95999908447266
2016-03-16,,171.86903381347656,20.717937469482425,120.58999633789062
2016-03-17,,172.95936584472656,20.53414726257324,120.12999725341795
2016-03-18,,173.63906860351562,20.58427047729492,119.8000030517578
2016-03-21,,173.88546752929688,20.651103973388672,118.95999908447266
2016-03-22,,173.79200744628906,20.70957946777344,119.30999755859376
2016-03-23,,172.64508056640625,20.81818389892578,116.61000061035156
2016-03-24,,172.56863403320312,20.826536178588867,116.33000183105467
2016-03-28,,172.67059326171875,20.784765243530273,116.5999984741211
2016-03-29,,174.267822265625,20.60097885131836,118.76000213623048
2016-03-30,,175.03237915039062,20.53414726257324,117.0999984741211
2016-03-31,,174.60763549804688,20.500730514526367,117.63999938964844
2016-04-01,,175.7970428466797,20.49237632751465,116.93000030517578
2016-04-04,,175.2278289794922,20.475669860839844,116.1500015258789
2016-04-05,,173.47772216796875,20.49237632751465,117.66000366210938
2016-04-06,,175.37225341796875,20.450605392456055,116.94000244140624
2016-04-07,,173.2737274169922,20.475669860839844,118.61000061035156
2016-04-08,,173.74102783203125,20.400482177734375,118.43000030517578
2016-04-11,,173.33322143554688,20.350357055664062,120.02999877929688
2016-04-12,,174.94747924804688,20.350357055664062,120.0500030517578
2016-04-13,,176.714599609375,20.50908470153809,118.7699966430664
2016-04-14,,176.7230987548828,20.5592098236084,117.11000061035156
2016-04-15,,176.52769470214844,20.500730514526367,117.91999816894533
2016-04-18,,177.7681121826172,20.458961486816406,117.73999786376952
2016-04-19,,178.32884216308594,20.358713150024418,119.58000183105467
2016-04-20,,178.49880981445312,20.475669860839844,118.97000122070312
2016-04-21,,177.53866577148438,20.475669860839844,119.41999816894533
2016-04-22,,177.53866577148438,20.59262466430664,117.88999938964844
2016-04-25,,177.23284912109375,20.52579116821289,118.2300033569336
2016-04-26,,177.49623107910156,20.467315673828125,118.6999969482422
2016-04-27,,177.86158752441406,20.442249298095703,119.04000091552734
2016-04-28,,176.24732971191406,20.275171279907227,121.29000091552734
2016-04-29,,175.2958221435547,20.13315773010254,123.6500015258789
2016-05-02,,176.6891326904297,20.057966232299805,123.23999786376952
2016-05-03,,175.15135192871094,20.116445541381836,122.95999908447266
2016-05-04,,174.17431640625,20.191631317138672,122.20999908447266
2016-05-05,,174.14036560058594,20.291879653930664,122.06999969482422
2016-05-06,,174.7775421142578,20.316938400268555,123.18000030517578
2016-05-09,,174.92201232910156,20.375417709350582,120.6500015258789
2016-05-10,,177.0968780517578,20.39213180541992,120.9800033569336
2016-05-11,,175.44021606445312,20.291879653930664,122.12000274658205
2016-05-12,,175.49118041992188,20.367067337036133,121.16000366210938
2016-05-13,,173.9619598388672,20.458961486816406,121.70999908447266
2016-05-16,,175.6781005859375,20.450605392456055,121.8000030517578
2016-05-17,,174.03842163085938,20.450605392456055,122.22000122070312
2016-05-18,,174.0894012451172,20.59262466430664,120.0999984741211
2016-05-19,,173.48614501953125,20.626041412353516,119.87000274658205
2016-05-20,,174.58213806152344,20.626041412353516,119.70999908447266
2016-05-23,,174.34423828125,20.617687225341797,119.37000274658205
2016-05-24,,176.60414123535156,20.68451881408691,117.3000030517578
2016-05-25,,177.80209350585938,20.626041412353516,116.9800033569336
2016-05-26,,177.85305786132812,20.59262466430664,116.58000183105467
2016-05-27,,178.61770629882812,20.70957946777344,115.62000274658205
2016-05-31,,178.2778778076172,20.75135040283203,116.05999755859376
2016-06-01,,178.64321899414062,20.6343936920166,115.94000244140624
2016-06-02,,179.18690490722656,20.65945625305176,115.66999816894533
2016-06-03,,178.6516571044922,20.33365249633789,118.87999725341795
2016-06-06,,179.56072998046875,20.33365249633789,118.91999816894533
2016-06-07,,179.841064453125,20.300233840942383,118.81999969482422
2016-06-08,,180.4273223876953,20.241756439208984,120.58000183105467
2016-06-09,,180.1809234619141,20.33365249633789,121.25
2016-06-10,,178.4732666015625,20.467315673828125,121.73999786376952
2016-06-13,,177.0968780517578,20.417190551757812,122.63999938964844
2016-06-14,,176.74859619140625,20.542503356933594,122.7699966430664
2016-06-15,,176.5022430419922,20.49237632751465,123.68000030517578
2016-06-16,,177.02899169921875,20.467315673828125,122.37999725341795
2016-06-17,,176.3696746826172,20.375417709350582,123.9499969482422
2016-06-20,,177.50550842285156,20.258464813232425,123.20999908447266
2016-06-21,,178.00933837890625,20.358713150024418,120.83999633789062
2016-06-22,,177.71902465820312,20.26681900024414,120.9000015258789
2016-06-23,,180.03330993652344,20.17492294311523,120.11000061035156
2016-06-24,,173.5685272216797,20.70122528076172,126.0
2016-06-27,,170.4599609375,20.876659393310547,126.68000030517578
2016-06-28,,173.53436279296875,20.776412963867188,125.31999969482422
2016-06-29,,176.4892578125,20.70957946777344,125.83999633789062
2016-06-30,,178.8975372314453,20.75135040283203,126.47000122070312
2016-07-01,,179.27325439453125,20.68451881408691,128.41000366210938
2016-07-05,,177.9837188720703,20.826536178588867,129.47000122070312
2016-07-06,,179.05125427246094,20.76805877685547,130.22999572753906
2016-07-07,,178.9402313232422,20.81818389892578,129.74000549316406
2016-07-08,,181.604736328125,20.826536178588867,130.52000427246094
2016-07-11,,182.24526977539065,20.8850154876709,129.2899932861328
2016-07-12,,183.5689697265625,20.868305206298828,127.1500015258789
2016-07-13,,183.54330444335935,20.81818389892578,128.32000732421875
2016-07-14,,184.5681304931641,20.76805877685547,127.33000183105467
2016-07-15,,184.32046508789065,20.85159683227539,126.83999633789062
2016-07-18,,184.8157958984375,20.868305206298828,127.04000091552734
2016-07-19,,184.62786865234375,20.96855735778809,127.20999908447266
2016-07-20,,185.39651489257812,20.98526382446289,125.38999938964844
2016-07-21,,184.6961975097656,20.951847076416016,127.3000030517578
2016-07-22,,185.524658203125,21.060447692871097,126.3499984741211
2016-07-25,,185.02081298828125,21.02703285217285,125.47000122070312
2016-07-26,,185.10617065429688,21.001968383789062,126.0
2016-07-27,,184.9097595214844,20.901723861694336,128.02999877929688
2016-07-28,,185.1232452392578,20.893367767333984,127.66000366210938
2016-07-29,,185.422119140625,20.60933303833008,128.97999572753906
2016-08-01,,185.26844787597656,20.667810440063477,129.22000122070312
2016-08-02,,184.0813751220703,20.52579116821289,130.27000427246094
2016-08-03,,184.619384765625,20.642745971679688,129.64999389648438
2016-08-04,,184.8157958984375,20.67616271972656,129.8699951171875
2016-08-05,,186.327392578125,20.784765243530273,127.5500030517578
2016-08-08,,186.21633911132812,20.801475524902344,127.44000244140624
2016-08-09,,186.327392578125,20.75970458984375,127.95999908447266
2016-08-10,,185.8662109375,20.651103973388672,128.55999755859375
2016-08-11,,186.7287750244141,20.70957946777344,127.66999816894533
2016-08-12,,186.56651306152344,20.67616271972656,127.4000015258789
2016-08-15,,187.1045684814453,20.642745971679688,127.83999633789062
2016-08-16,,186.13949584960935,20.458961486816406,128.47000122070312
2016-08-17,,186.4896545410156,20.475669860839844,128.5
2016-08-18,,186.9081268310547,20.32529640197754,129.11000061035156
2016-08-19,,186.6348419189453,20.400482177734375,127.97000122070312
2016-08-22,,186.62631225585935,20.42554473876953,127.77999877929688
2016-08-23,,187.00205993652344,20.408838272094727,127.76000213623048
2016-08-24,,186.04554748535156,20.467315673828125,126.33999633789062
2016-08-25,,185.91748046875,20.467315673828125,126.2300033569336
2016-08-26,,185.5673370361328,20.617687225341797,126.0500030517578
2016-08-29,,186.4811248779297,20.6343936920166,126.3000030517578
2016-08-30,,186.1737060546875,20.742996215820312,125.02999877929688
2016-08-31,,185.6442108154297,20.734642028808594,124.77999877929688
2016-09-01,,185.6527557373047,20.65945625305176,125.29000091552734
2016-09-02,,186.4896545410156,20.70957946777344,126.56999969482422
2016-09-06,,187.0533142089844,20.467315673828125,128.7100067138672
2016-09-07,,187.0362091064453,20.500730514526367,128.27000427246094
2016-09-08,,186.60919189453125,20.52579116821289,127.58999633789062
2016-09-09,,182.1427764892578,20.58427047729492,126.75
2016-09-12,,184.7559814453125,20.550853729248047,126.58999633789062
2016-09-13,,182.1000213623047,20.6343936920166,125.75
2016-09-14,,182.03172302246097,20.58427047729492,126.18000030517578
2016-09-15,,183.85073852539065,20.575916290283203,125.37000274658205
2016-09-16,,183.1400909423828,20.742996215820312,125.05999755859376
2016-09-19,,183.17442321777344,20.692873001098633,125.31999969482422
2016-09-20,,183.1830596923828,20.726287841796875,125.44000244140624
2016-09-21,,185.2429351806641,20.6343936920166,127.2699966430664
2016-09-22,,186.41029357910156,20.60933303833008,127.56999969482422
2016-09-23,,185.3888702392578,20.617687225341797,127.6500015258789
2016-09-26,,183.8868103027344,20.575916290283203,127.5500030517578
2016-09-27,,185.0284423828125,20.59262466430664,126.62000274658205
2016-09-28,,185.94680786132812,20.60933303833008,126.22000122070312
2016-09-29,,184.26446533203125,20.626041412353516,126.06999969482422
2016-09-30,,185.65493774414065,20.617687225341797,125.63999938964844
2016-10-03,,185.20864868164065,20.65945625305176,125.31999969482422
2016-10-04,,184.26446533203125,20.75135040283203,120.97000122070312
2016-10-05,,185.0798797607422,20.776412963867188,120.77999877929688
2016-10-06,,185.20864868164065,20.8850154876709,119.66000366210938
2016-10-07,,184.573486328125,20.85159683227539,119.73999786376952
2016-10-10,,185.53480529785156,20.935136795043945,120.16000366210938
2016-10-11,,183.1915740966797,21.0938663482666,119.5500030517578
2016-10-12,,183.4319305419922,21.15234375,119.73999786376952
2016-10-13,,182.8311004638672,21.077157974243164,120.02999877929688
2016-10-14,,182.9255218505859,21.185762405395508,119.36000061035156
2016-10-17,,182.29037475585935,21.13563346862793,119.68000030517578
2016-10-18,,183.4319305419922,21.15234375,120.41999816894533
2016-10-19,,183.92117309570312,21.16069602966309,121.11000061035156
2016-10-20,,183.5778350830078,21.227529525756836,120.73999786376952
2016-10-21,,183.6636657714844,21.302717208862305,120.83000183105467
2016-10-24,,184.44468688964844,21.327777862548828,120.55999755859376
2016-10-25,,183.82676696777344,21.31942367553711,121.47000122070312
2016-10-26,,183.45767211914065,21.31106948852539,120.79000091552734
2016-10-27,,182.96841430664065,21.35283851623535,121.01000213623048
2016-10-28,,182.42767333984375,21.227529525756836,121.58000183105467
2016-10-31,,182.43624877929688,21.235883712768555,121.94000244140624
2016-11-01,,181.1144256591797,21.127281188964844,122.7300033569336
2016-11-02,,180.02438354492188,21.05209732055664,123.63999938964844
2016-11-03,,179.20034790039062,20.99361801147461,124.3000030517578
2016-11-04,,179.00302124023438,20.935136795043945,124.38999938964844
2016-11-07,,182.95123291015625,21.110572814941406,122.1500015258789
2016-11-08,,183.77523803710935,21.169050216674805,121.63999938964844
2016-11-09,,185.72366333007812,21.302717208862305,121.55999755859376
2016-11-10,,186.18711853027344,21.344484329223633,119.75
2016-11-11,,185.75794982910156,21.37790298461914,117.0999984741211
2016-11-14,,185.90386962890625,21.58675193786621,116.11000061035156
2016-11-15,,187.3544464111328,21.62016487121582,117.12000274658205
2016-11-16,,187.0024871826172,21.678647994995117,116.7699966430664
2016-11-17,,187.9638671875,21.803956985473633,116.16999816894533
2016-11-18,,187.54327392578125,21.879140853881836,115.1500015258789
2016-11-21,,188.95950317382812,21.79559898376465,115.58000183105467
2016-11-22,,189.3285675048828,21.82901954650879,115.54000091552734
2016-11-23,,189.43157958984375,21.96268081665039,113.25
2016-11-25,,190.13540649414065,21.920907974243164,112.61000061035156
2016-11-28,,189.24270629882812,21.8624324798584,113.8000030517578
2016-11-29,,189.61183166503903,21.81230735778809,113.2699966430664
2016-11-30,,189.1569061279297,21.92926597595215,111.75
2016-12-01,,188.461669921875,21.81230735778809,111.54000091552734
2016-12-02,,188.5560760498047,21.762187957763672,112.13999938964844
2016-12-05,,189.6890869140625,21.62016487121582,111.54000091552734
2016-12-06,,190.28988647460935,21.703706741333008,111.43000030517578
2016-12-07,,192.7790374755859,21.636877059936523,111.83000183105467
2016-12-08,,193.2511444091797,21.82901954650879,111.56999969482422
2016-12-09,,194.41839599609375,21.920907974243164,110.4000015258789
2016-12-12,,194.19525146484375,21.79559898376465,110.81999969482422
2016-12-13,,195.4913024902344,21.82066535949707,110.4499969482422
2016-12-14,,193.877685546875,22.02951431274414,108.83000183105467
2016-12-15,,194.6758728027344,22.27178001403809,107.33999633789062
2016-12-16,,194.29522705078125,22.196592330932617,108.0500030517578
2016-12-19,,194.71820068359375,22.263423919677734,108.58999633789062
2016-12-20,,195.4693603515625,22.305194854736328,107.79000091552734
2016-12-21,,194.92547607421875,22.238365173339844,107.8499984741211
2016-12-22,,194.5887451171875,22.263423919677734,107.58999633789062
2016-12-23,,194.8736572265625,22.246715545654297,107.93000030517578
2016-12-27,,195.3571319580078,22.238365173339844,108.55999755859376
2016-12-28,,193.7425994873047,22.296844482421875,108.86000061035156
2016-12-29,,193.699462890625,22.171533584594727,110.29000091552734
2016-12-30,,192.9915008544922,22.104698181152344,109.61000061035156
2017-01-03,,194.4678649902344,22.305194854736328,110.47000122070312
2017-01-04,,195.62478637695312,22.13811492919922,110.86000061035156
2017-01-05,,195.4693603515625,21.904205322265625,112.58000183105467
2017-01-06,,196.168701171875,22.062931060791016,111.75
2017-01-09,,195.5211639404297,22.00444984436035,112.66999816894533
2017-01-10,,195.5211639404297,22.012807846069336,113.1500015258789
2017-01-11,,196.07374572753903,21.96268081665039,113.5
2017-01-12,,195.58157348632812,21.879140853881836,113.91000366210938
2017-01-13,,196.03060913085935,21.85407829284668,114.20999908447266
2017-01-17,,195.33987426757812,21.653587341308594,115.8499984741211
2017-01-18,,195.77151489257812,21.85407829284668,114.87000274658205
2017-01-19,,195.04637145996097,21.82066535949707,114.7699966430664
2017-01-20,,195.7628936767578,21.745473861694336,115.0500030517578
2017-01-23,,195.25347900390625,21.628520965576172,115.79000091552734
2017-01-24,,196.5054168701172,21.636877059936523,115.2699966430664
2017-01-25,,198.2063140869141,21.561689376831055,114.31999969482422
2017-01-26,,197.9990692138672,21.703706741333008,113.26000213623048
2017-01-27,,197.688232421875,21.712060928344727,113.48999786376952
2017-01-30,,196.4622802734375,21.670289993286133,113.97000122070312
2017-01-31,,196.4450225830078,21.494855880737305,115.5500030517578
2017-02-01,,196.5226593017578,21.511564254760746,115.1999969482422
2017-02-02,,196.65216064453125,21.544981002807617,115.83999633789062
2017-02-03,,198.0077209472656,21.5366268157959,116.12999725341795
2017-02-06,,197.6537170410156,21.553333282470703,117.6999969482422
2017-02-07,,197.6623382568359,21.661935806274418,117.45999908447266
2017-02-08,,197.92138671875,21.636877059936523,118.19000244140624
2017-02-09,,199.09555053710935,21.720415115356445,117.29000091552734
2017-02-10,,199.88124084472656,21.745473861694336,117.5999984741211
2017-02-13,,200.9691162109375,21.79559898376465,116.8000030517578
2017-02-14,,201.77200317382812,21.845726013183594,116.93000030517578
2017-02-15,,202.8253631591797,21.803956985473633,117.4499969482422
2017-02-16,,202.6527099609375,21.678647994995117,118.08000183105467
2017-02-17,,202.97215270996097,21.78724670410156,117.68000030517578
2017-02-21,,204.1808319091797,21.88749885559082,117.75
2017-02-22,,203.9995574951172,21.83736991882324,117.91000366210938
2017-02-23,,204.13768005371097,21.78724670410156,118.94000244140624
2017-02-24,,204.39669799804688,21.82901954650879,119.6999969482422
2017-02-27,,204.7162170410156,21.82901954650879,119.12000274658205
2017-02-28,,204.1636199951172,21.81230735778809,119.2300033569336
2017-03-01,,207.0213928222656,21.96268081665039,119.05999755859376
2017-03-02,,205.7176971435547,22.054574966430664,117.58000183105467
2017-03-03,,205.84718322753903,21.8624324798584,117.51000213623048
2017-03-06,,205.23423767089844,21.9376163482666,116.72000122070312
2017-03-07,,204.62120056152344,21.96268081665039,115.77999877929688
2017-03-08,,204.2412872314453,22.037866592407227,115.05999755859376
2017-03-09,,204.5003204345703,21.996097564697266,114.47000122070312
2017-03-10,,205.2169189453125,21.845726013183594,114.72000122070312
2017-03-13,,205.3205108642578,21.879140853881836,114.73999786376952
2017-03-14,,204.5348358154297,21.954328536987305,114.12000274658205
2017-03-15,,206.3047790527344,21.69535446166992,116.25
2017-03-16,,205.8990020751953,21.62016487121582,116.7300033569336
2017-03-17,,205.53744506835935,21.628520965576172,116.98999786376952
2017-03-20,,205.3119659423828,21.636877059936523,117.51000213623048
2017-03-21,,202.67588806152344,21.503211975097656,118.54000091552734
2017-03-22,,203.15277099609375,21.48650360107422,118.83000183105467
2017-03-23,,202.9359893798828,21.511564254760746,118.66999816894533
2017-03-24,,202.78858947753903,21.503211975097656,118.86000061035156
2017-03-27,,202.5804901123047,21.386255264282227,119.52999877929688
2017-03-28,,204.05462646484375,21.503211975097656,119.04000091552734
2017-03-29,,204.2453155517578,21.544981002807617,119.33000183105467
2017-03-30,,204.8957672119141,21.686996459960938,118.47000122070312
2017-03-31,,204.41880798339844,21.678647994995117,118.72000122070312
2017-04-03,,204.0632781982422,21.678647994995117,119.3499984741211
2017-04-04,,204.19332885742188,21.703706741333008,119.62000274658205
2017-04-05,,203.58639526367188,21.69535446166992,119.62000274658205
2017-04-06,,204.15863037109375,21.745473861694336,119.18000030517578
2017-04-07,,203.95054626464844,21.845726013183594,119.45999908447266
2017-04-10,,204.0719451904297,21.803956985473633,119.45999908447266
2017-04-11,,203.8291931152344,21.737125396728516,121.19000244140624
2017-04-12,,202.9359893798828,21.628520965576172,122.0199966430664
2017-04-13,,201.61795043945312,21.703706741333008,122.5999984741211
2017-04-17,,203.40426635742188,21.645227432250977,122.23999786376952
2017-04-18,,202.7972869873047,21.461441040039062,122.81999969482422
2017-04-19,,202.4243927001953,21.5366268157959,121.7300033569336
2017-04-20,,204.0719451904297,21.544981002807617,121.95999908447266
2017-04-21,,203.421630859375,21.561689376831055,122.30999755859376
2017-04-24,,205.6588134765625,21.36119079589844,121.4800033569336
2017-04-25,,206.85546875,21.302717208862305,120.25
2017-04-26,,206.72537231445312,21.35283851623535,120.83999633789062
2017-04-27,,206.89878845214844,21.386255264282227,120.38999938964844
2017-04-28,,206.4478759765625,21.36119079589844,120.7699966430664
2017-05-01,,206.9681701660156,21.37790298461914,119.66999816894533
2017-05-02,,207.04623413085935,21.344484329223633,119.6500015258789
2017-05-03,,206.7947540283203,21.428024291992188,117.9800033569336
2017-05-04,,207.03758239746097,21.294361114501953,116.79000091552734
2017-05-05,,207.8527069091797,21.26094627380371,117.01000213623048
2017-05-08,,207.81797790527344,21.37790298461914,116.75
2017-05-09,,207.62722778320312,21.48650360107422,116.0500030517578
2017-05-10,,208.00006103515625,21.494855880737305,116.04000091552734
2017-05-11,,207.5751953125,21.503211975097656,116.5
2017-05-12,,207.22830200195312,21.394607543945312,116.83000183105467
2017-05-15,,208.3728790283203,21.336132049560547,117.13999938964844
2017-05-16,,208.18218994140625,21.177406311035156,117.6500015258789
2017-05-17,,204.48814392089844,21.03538703918457,119.79000091552734
2017-05-18,,205.3119659423828,21.110572814941406,118.80999755859376
2017-05-19,,206.64735412597656,20.96019744873047,119.4000015258789
2017-05-22,,207.6965484619141,20.92678451538086,119.9000015258789
2017-05-23,,208.1562042236328,21.0186767578125,119.13999938964844
2017-05-24,,208.64173889160156,20.951847076416016,119.61000061035156
2017-05-25,,209.6389617919922,20.976909637451172,119.4800033569336
2017-05-26,,209.5956115722656,21.02703285217285,120.54000091552734
2017-05-30,,209.4134979248047,21.001968383789062,120.13999938964844
2017-05-31,,209.36148071289065,20.951847076416016,120.62000274658205
2017-06-01,,211.0263671875,20.976909637451172,120.72000122070312
2017-06-02,,211.7287750244141,20.876659393310547,121.61000061035156
2017-06-05,,211.57269287109375,20.893367767333984,121.7300033569336
2017-06-06,,210.8963623046875,20.843244552612305,123.0999984741211
2017-06-07,,211.28651428222656,20.868305206298828,122.4499969482422
2017-06-08,,211.3905792236328,20.94349479675293,121.6500015258789
2017-06-09,,211.0697479248047,21.010326385498047,120.54000091552734
2017-06-12,,211.0263671875,20.976909637451172,120.36000061035156
2017-06-13,,212.0582275390625,20.951847076416016,120.4800033569336
2017-06-14,,211.7894592285156,20.935136795043945,119.81999969482422
2017-06-15,,211.3819274902344,21.060447692871097,119.31999969482422
2017-06-16,,211.4281311035156,20.98526382446289,119.33999633789062
2017-06-19,,213.1882476806641,21.077157974243164,118.43000030517578
2017-06-20,,211.75051879882812,21.110572814941406,118.18000030517578
2017-06-21,,211.69822692871097,21.068803787231445,118.5199966430664
2017-06-22,,211.6023406982422,21.077157974243164,118.91999816894533
2017-06-23,,211.85508728027344,21.010326385498047,119.43000030517578
2017-06-26,,211.9945373535156,21.04374122619629,118.36000061035156
2017-06-27,,210.28660583496097,20.80982780456543,118.80999755859376
2017-06-28,,212.1687469482422,20.742996215820312,118.9000015258789
2017-06-29,,210.3040771484375,20.642745971679688,118.31999969482422
2017-06-30,,210.69613647460935,20.67616271972656,118.0199966430664
2017-07-03,,211.05343627929688,20.801475524902344,116.08999633789062
2017-07-05,,211.5413818359375,20.80982780456543,116.5199966430664
2017-07-06,,209.60694885253903,20.717937469482425,116.47000122070312
2017-07-07,,210.96629333496097,20.75135040283203,115.27999877929688
2017-07-10,,211.19281005859375,20.75970458984375,115.47000122070312
2017-07-11,,211.03602600097656,20.68451881408691,115.62000274658205
2017-07-12,,212.62185668945312,20.68451881408691,116.02999877929688
2017-07-13,,212.9791259765625,20.692873001098633,115.81999969482422
2017-07-14,,213.97250366210935,20.567562103271484,116.7699966430664
2017-07-17,,213.94635009765625,20.567562103271484,117.29000091552734
2017-07-18,,214.0596618652344,20.458961486816406,118.11000061035156
2017-07-19,,215.21859741210935,20.50908470153809,118.08000183105467
2017-07-20,,215.3144073486328,20.383773803710938,118.23999786376952
2017-07-21,,215.1226806640625,20.316938400268555,119.26000213623048
2017-07-24,,215.0704345703125,20.32529640197754,119.30999755859376
2017-07-25,,215.59326171875,20.358713150024418,118.91999816894533
2017-07-26,,215.60189819335935,20.241756439208984,119.87999725341795
2017-07-27,,215.40155029296875,20.316938400268555,119.79000091552734
2017-07-28,,215.14881896972656,20.191631317138672,120.69000244140624
2017-07-31,,215.02684020996097,20.10809326171875,120.75
2017-08-01,,215.5061187744141,20.141510009765625,120.6500015258789
2017-08-02,,215.6106109619141,20.116445541381836,120.4000015258789
2017-08-03,,215.19244384765625,20.066322326660156,120.58999633789062
2017-08-04,,215.58453369140625,20.241756439208984,119.6500015258789
2017-08-07,,215.98538208007812,20.233400344848633,119.51000213623048
2017-08-08,,215.4538116455078,20.26681900024414,119.86000061035156
2017-08-09,,215.44509887695312,20.25010871887207,121.30999755859376
2017-08-10,,212.404052734375,20.216697692871097,122.20999908447266
2017-08-11,,212.7176971435547,20.141510009765625,122.79000091552734
2017-08-14,,214.8264312744141,20.225048065185547,121.91999816894533
2017-08-15,,214.8002471923828,20.316938400268555,120.9800033569336
2017-08-16,,215.17498779296875,20.25010871887207,121.87000274658205
2017-08-17,,211.82025146484375,20.291879653930664,122.48999786376952
2017-08-18,,211.48910522460935,20.225048065185547,122.3000030517578
2017-08-21,,211.65463256835935,20.166568756103516,122.76000213623048
2017-08-22,,213.8679046630859,20.25010871887207,122.20999908447266
2017-08-23,,213.1011505126953,20.166568756103516,122.66999816894533
2017-08-24,,212.6044464111328,20.20833969116211,122.29000091552734
2017-08-25,,213.1011505126953,20.041259765625,122.73999786376952
2017-08-28,,213.10980224609375,19.9827823638916,124.69000244140624
2017-08-29,,213.3538055419922,20.00784683227539,124.41999816894533
2017-08-30,,214.36460876464844,20.13315773010254,124.36000061035156
2017-08-31,,215.65419006347656,20.074678421020508,125.81999969482422
2017-09-01,,215.95919799804688,20.116445541381836,126.05999755859376
2017-09-05,,214.40817260742188,20.00784683227539,127.45999908447266
2017-09-06,,215.14012145996097,19.99113655090332,126.80999755859376
2017-09-07,,215.1139678955078,19.849117279052734,128.1300048828125
2017-09-08,,214.8612823486328,19.798995971679688,127.97000122070312
2017-09-11,,217.15298461914065,19.93265914916992,126.19000244140624
2017-09-12,,217.8849334716797,19.924304962158203,126.55999755859376
2017-09-13,,217.9894866943359,20.041259765625,125.61000061035156
2017-09-14,,217.91973876953125,19.9827823638916,126.16000366210938
2017-09-15,,218.2131195068359,19.91594886779785,125.52999877929688
2017-09-18,,218.67721557617188,19.966073989868164,124.36000061035156
2017-09-19,,218.89614868164065,19.907594680786133,124.62000274658205
2017-09-20,,218.9750213623047,20.066322326660156,123.62000274658205
2017-09-21,,218.38829040527344,20.00784683227539,122.68000030517578
2017-09-22,,218.4320526123047,19.99113655090332,123.23999786376952
2017-09-25,,217.9854278564453,20.10809326171875,124.52999877929688
2017-09-26,,218.1168212890625,20.17492294311523,123.13999938964844
2017-09-27,,218.9662322998047,20.275171279907227,121.9800033569336
2017-09-28,,219.22894287109375,20.216697692871097,122.20999908447266
2017-09-29,,219.9995574951172,20.19998550415039,121.58000183105467
2017-10-02,,220.9540100097656,20.316938400268555,120.7699966430664
2017-10-03,,221.42694091796875,20.3085880279541,120.83000183105467
2017-10-04,,221.68966674804688,20.283527374267575,121.16999816894533
2017-10-05,,223.003173828125,20.39213180541992,120.5199966430664
2017-10-06,,222.74916076660156,20.358713150024418,121.08999633789062
2017-10-09,,222.38140869140625,20.32529640197754,122.08000183105467
2017-10-10,,222.96812438964844,20.216697692871097,122.4000015258789
2017-10-11,,223.31842041015625,20.15821647644043,122.79000091552734
2017-10-12,,222.9856414794922,20.19998550415039,122.88999938964844
2017-10-13,,223.25714111328125,20.19998550415039,123.81999969482422
2017-10-16,,223.5548095703125,20.25010871887207,122.97000122070312
2017-10-17,,223.71250915527344,20.300233840942383,122.12999725341795
2017-10-18,,223.9313812255859,20.275171279907227,121.66999816894533
2017-10-19,,223.99269104003903,20.225048065185547,122.38999938964844
2017-10-20,,225.14854431152344,20.342004776000977,121.61000061035156
2017-10-23,,224.2728729248047,20.367067337036133,121.8000030517578
2017-10-24,,224.66693115234375,20.400482177734375,121.33000183105467
2017-10-25,,223.5548095703125,20.350357055664062,121.3499984741211
2017-10-26,,223.8438262939453,20.567562103271484,120.33000183105467
2017-10-27,,225.6740264892578,20.617687225341797,120.9000015258789
2017-10-30,,224.8333282470703,20.517438888549805,121.12999725341795
2017-10-31,,225.1836395263672,20.53414726257324,120.66999816894533
2017-11-01,,225.4813690185547,20.575916290283203,121.11000061035156
2017-11-02,,225.56895446777344,20.575916290283203,121.19000244140624
2017-11-03,,226.32205200195312,20.626041412353516,120.62000274658205
2017-11-06,,226.67230224609375,20.575916290283203,121.6500015258789
2017-11-07,,226.51467895507812,20.60933303833008,121.20999908447266
2017-11-08,,226.8999786376953,20.60097885131836,121.62999725341795
2017-11-09,320.8840026855469,226.0768890380859,20.517438888549805,122.12999725341795
2017-11-10,299.25299072265625,226.0067138671875,20.500730514526367,121.12999725341795
2017-11-11,314.6809997558594,,,
2017-11-12,307.9079895019531,,,
2017-11-13,316.71600341796875,226.2169647216797,20.517438888549805,121.30999755859376
2017-11-14,337.6310119628906,225.69155883789065,20.375417709350582,121.55999755859376
2017-11-15,333.35699462890625,224.56190490722656,20.367067337036133,121.41000366210938
2017-11-16,330.92401123046875,226.4709014892578,20.39213180541992,121.4000015258789
2017-11-17,332.3940124511719,225.80538940429688,20.33365249633789,122.86000061035156
2017-11-18,347.61199951171875,,,
2017-11-19,354.385986328125,,,
2017-11-20,366.7300109863281,226.1906585693359,20.43389892578125,121.30999755859376
2017-11-21,360.4010009765625,227.6705322265625,20.408838272094727,121.51000213623048
2017-11-22,380.6520080566406,227.4691925048828,20.25010871887207,122.62999725341795
2017-11-23,410.1659851074219,,,
2017-11-24,474.9110107421875,227.99456787109375,20.15821647644043,122.31999969482422
2017-11-25,466.2760009765625,,,
2017-11-26,471.3299865722656,,,
2017-11-27,480.3550109863281,227.88075256347656,20.183279037475582,122.83000183105467
2017-11-28,472.9020080566406,230.1925506591797,20.26681900024414,122.80999755859376
2017-11-29,427.52301025390625,230.0524444580078,20.258464813232425,122.04000091552734
2017-11-30,447.114013671875,232.0665283203125,20.20833969116211,121.0999984741211
2017-12-01,466.5400085449219,231.58493041992188,20.191631317138672,121.58999633789062
2017-12-02,463.4490051269531,,,
2017-12-03,465.8529968261719,,,
2017-12-04,470.2040100097656,231.3046112060547,20.258464813232425,121.18000030517578
2017-12-05,463.281005859375,230.4727783203125,20.291879653930664,120.31999969482422
2017-12-06,428.5880126953125,230.5166015625,20.342004776000977,120.06999969482422
2017-12-07,434.4079895019531,231.24337768554688,20.383773803710938,118.48999786376952
2017-12-08,456.031005859375,232.50442504882812,20.417190551757812,118.4800033569336
2017-12-09,473.50201416015625,,,
2017-12-10,441.7210083007813,,,
2017-12-11,515.135986328125,233.2049560546875,20.417190551757812,118.01000213623048
2017-12-12,651.4310302734375,233.6165313720703,20.450605392456055,118.1500015258789
2017-12-13,702.7670288085938,233.5902862548828,20.3085880279541,119.16999816894533
2017-12-14,695.8159790039062,232.6357421875,20.32529640197754,118.93000030517578
2017-12-15,684.447998046875,234.572998046875,20.408838272094727,119.18000030517578
2017-12-16,696.208984375,,,
2017-12-17,719.9749755859375,,,
2017-12-18,794.64501953125,236.06053161621097,20.37789726257324,119.7300033569336
2017-12-19,826.822998046875,235.15391540527344,20.319364547729492,119.81999969482422
2017-12-20,819.0859985351562,235.03065490722656,20.294279098510746,120.13999938964844
2017-12-21,821.06298828125,235.5147247314453,20.285917282104492,120.30999755859376
2017-12-22,674.8599853515625,235.4532165527344,20.294279098510746,120.94000244140624
2017-12-23,719.3870239257812,,,
2017-12-24,694.1480102539062,,,
2017-12-25,765.833984375,,,
2017-12-26,773.8359985351562,235.17149353027344,20.27755546569824,121.7699966430664
2017-12-27,762.8419799804688,235.28591918945312,20.235748291015625,122.2300033569336
2017-12-28,737.0230102539062,235.77003479003903,20.17721176147461,122.8499984741211
2017-12-29,753.5919799804688,234.88099670410156,20.093595504760746,123.6500015258789
2017-12-30,717.2570190429688,,,
2017-12-31,756.7329711914062,,,
2018-01-01,772.6409912109375,,,
2018-01-02,884.4439697265625,236.5622100830078,20.009973526000977,125.1500015258789
2018-01-03,962.719970703125,238.0583953857422,20.08523178100586,124.81999969482422
2018-01-04,980.9219970703124,239.06185913085935,20.01833724975586,125.45999908447266
2018-01-05,997.719970703125,240.6549530029297,20.03506088256836,125.33000183105467
2018-01-06,1041.6800537109375,,,
2018-01-07,1153.1700439453125,,,
2018-01-08,1148.530029296875,241.09507751464844,20.12704086303711,125.30999755859376
2018-01-09,1299.739990234375,241.64077758789065,20.168851852416992,124.7300033569336
2018-01-10,1255.8199462890625,241.2710418701172,20.118677139282227,125.02999877929688
2018-01-11,1154.9300537109375,243.0313720703125,20.03506088256836,125.44000244140624
2018-01-12,1273.199951171875,244.61573791503903,19.826013565063477,126.95999908447266
2018-01-13,1396.4200439453125,,,
2018-01-14,1366.77001953125,,,
2018-01-15,1291.9200439453125,,,
2018-01-16,1053.68994140625,243.7794952392578,19.717309951782227,127.16999816894533
2018-01-17,1014.25,246.1031188964844,19.76748275756836,126.13999938964844
2018-01-18,1036.280029296875,245.6894989013672,19.742395401000977,125.86000061035156
2018-01-19,1039.0999755859375,246.80726623535156,19.77584457397461,126.41999816894533
2018-01-20,1155.1500244140625,,,
2018-01-21,1049.5799560546875,,,
2018-01-22,1003.260009765625,248.81411743164065,19.708946228027344,126.6500015258789
2018-01-23,986.22900390625,249.3422088623047,19.65877914428711,127.27999877929688
2018-01-24,1058.780029296875,249.2453765869141,19.466453552246097,128.8300018310547
2018-01-25,1056.030029296875,249.3510284423828,19.491535186767575,127.97000122070312
2018-01-26,1055.1700439453125,252.23793029785156,19.449729919433594,128.07000732421875
2018-01-27,1107.0699462890625,,,
2018-01-28,1246.010009765625,,,
2018-01-29,1182.3599853515625,250.5655517578125,19.49989891052246,127.3499984741211
2018-01-30,1071.1300048828125,247.9955596923828,19.466453552246097,126.8000030517578
2018-01-31,1118.31005859375,248.11878967285156,19.441370010375977,127.6500015258789
2018-02-01,1036.7900390625,247.8370361328125,19.34102249145508,128.07000732421875
2018-02-02,915.7849731445312,242.4416656494141,19.45808982849121,126.38999938964844
2018-02-03,964.0189819335938,,,
2018-02-04,834.6820068359375,,,
2018-02-05,697.9509887695312,232.30213928222656,19.541709899902344,126.70999908447266
2018-02-06,793.1220092773438,236.87905883789065,19.583518981933594,125.37999725341795
2018-02-07,757.0679931640625,235.59405517578125,19.734033584594727,124.79000091552734
2018-02-08,817.8070068359375,226.7571563720703,19.734033584594727,124.9800033569336
2018-02-09,883.864990234375,230.1633148193359,19.750755310058594,124.7699966430664
2018-02-10,860.4149780273438,,,
2018-02-11,814.6599731445312,,,
2018-02-12,868.7069702148438,233.5431671142578,19.683860778808594,125.37000274658205
2018-02-13,845.2579956054688,234.1240997314453,19.57515525817871,126.08000183105467
2018-02-14,923.5609741210938,237.28390502929688,19.42464256286621,128.22999572753906
2018-02-15,936.9760131835938,240.3116912841797,19.34102249145508,128.3800048828125
2018-02-16,944.2100219726562,240.3821258544922,19.474815368652344,127.95999908447266
2018-02-17,974.114990234375,,,
2018-02-18,923.9210205078124,,,
2018-02-19,943.864990234375,,,
2018-02-20,895.3709716796875,238.87705993652344,19.600242614746097,126.23999786376952
2018-02-21,849.9710083007812,237.68881225585935,19.675500869750977,125.66000366210938
2018-02-22,812.844970703125,237.99685668945312,19.608604431152344,126.3000030517578
2018-02-23,864.1890258789062,241.79037475585935,19.650415420532227,126.13999938964844
2018-02-24,840.5150146484375,,,
2018-02-25,844.8099975585938,,,
2018-02-26,869.3150024414062,244.5980987548828,19.62532615661621,126.4499969482422
2018-02-27,878.2650146484375,241.54388427734375,19.750755310058594,125.12999725341795
2018-02-28,855.198974609375,239.0970916748047,19.809289932250977,125.0
2018-03-01,872.2000122070312,235.6204071044922,19.742395401000977,124.72000122070312
2018-03-02,856.85302734375,236.83497619628903,19.65877914428711,125.38999938964844
2018-03-03,857.2249755859375,,,
2018-03-04,866.677978515625,,,
2018-03-05,853.6840209960938,239.5724639892578,19.65877914428711,125.18000030517578
2018-03-06,816.9509887695312,240.17958068847656,19.608604431152344,126.52999877929688
2018-03-07,752.8309936523438,240.09169006347656,19.591882705688477,125.72000122070312
2018-03-08,704.5960083007812,241.2535095214844,19.717309951782227,125.41999816894533
2018-03-09,728.916015625,245.4518280029297,19.692222595214844,125.54000091552734
2018-03-10,686.8900146484375,,,
2018-03-11,723.3389892578125,,,
2018-03-12,699.8309936523438,245.143798828125,19.667137145996097,125.54000091552734
2018-03-13,690.8270263671875,243.55950927734375,19.61696434020996,125.77999877929688
2018-03-14,614.291015625,242.30967712402344,19.62532615661621,125.6999969482422
2018-03-15,611.3040161132812,242.0456085205078,19.700586318969727,124.9000015258789
2018-03-16,601.666015625,242.30807495117188,19.750755310058594,124.5999984741211
2018-03-17,552.7789916992188,,,
2018-03-18,538.6439819335938,,,
2018-03-19,556.7260131835938,239.0295867919922,19.667137145996097,124.87000274658205
2018-03-20,557.1749877929688,239.43603515625,19.784204483032227,124.30999755859376
2018-03-21,561.7319946289062,238.9765625,19.62532615661621,126.4800033569336
2018-03-22,539.7020263671875,233.00282287597656,19.650415420532227,125.9800033569336
2018-03-23,539.6190185546875,228.03640747070312,19.583518981933594,127.61000061035156
2018-03-24,526.4390258789062,,,
2018-03-25,524.2869873046875,,,
2018-03-26,489.9509887695313,234.2752685546875,19.491535186767575,128.27999877929688
2018-03-27,450.1159973144531,230.28985595703125,19.583518981933594,127.48999786376952
2018-03-28,446.2789916992187,229.609375,19.759117126464844,125.7300033569336
2018-03-29,385.9679870605469,232.5432891845703,19.742395401000977,125.79000091552734
2018-03-30,394.6449890136719,,,
2018-03-31,396.4570007324219,,,
2018-04-01,379.60699462890625,,,
2018-04-02,386.4249877929687,227.52391052246097,19.734033584594727,127.26000213623048
2018-04-03,416.89300537109375,230.44009399414065,19.76748275756836,126.3000030517578
2018-04-04,380.5429992675781,232.90560913085935,19.759117126464844,126.4499969482422
2018-04-05,383.23199462890625,234.74368286132812,19.834373474121097,125.8000030517578
2018-04-06,370.2850036621094,229.51219177246097,19.759117126464844,126.38999938964844
2018-04-07,385.3139953613281,,,
2018-04-08,400.5079956054687,,,
2018-04-09,398.5260009765625,230.6433563232422,19.708946228027344,126.81999969482422
2018-04-10,414.2430114746094,234.3106231689453,19.65877914428711,127.12000274658205
2018-04-11,430.5400085449219,233.0823211669922,19.642051696777344,128.11000061035156
2018-04-12,492.9410095214844,234.99993896484375,19.683860778808594,126.62000274658205
2018-04-13,492.7349853515625,234.3106231689453,19.683860778808594,127.4499969482422
2018-04-14,501.4779968261719,,,
2018-04-15,531.7020263671875,,,
2018-04-16,511.1470031738281,236.23709106445312,19.61696434020996,127.62999725341795
2018-04-17,502.8940124511719,238.76449584960935,19.61696434020996,127.75
2018-04-18,524.7890014648438,238.9411773681641,19.65877914428711,127.8499984741211
2018-04-19,567.8889770507812,237.61566162109375,19.717309951782227,127.5999984741211
2018-04-20,615.718017578125,235.6007843017578,19.834373474121097,126.62999725341795
2018-04-21,605.39501953125,,,
2018-04-22,621.8599853515625,,,
2018-04-23,642.5479736328125,235.5655059814453,19.95980453491211,125.62000274658205
2018-04-24,708.1580200195312,232.39309692382812,19.934717178344727,126.2300033569336
2018-04-25,615.416015625,232.96742248535156,20.01833724975586,125.41000366210938
2018-04-26,662.8090209960938,235.3357391357422,20.11031723022461,124.97000122070312
2018-04-27,647.031982421875,235.55665588378903,20.093595504760746,125.5
2018-04-28,683.677978515625,,,
2018-04-29,688.8809814453125,,,
2018-04-30,669.9240112304688,233.7451629638672,20.17721176147461,124.58999633789062
2018-05-01,673.6129760742188,234.1604156494141,20.31100273132324,123.70999908447266
2018-05-02,687.1489868164062,232.58746337890625,20.402982711791992,123.6500015258789
2018-05-03,779.5430297851562,232.074951171875,20.319364547729492,124.27999877929688
2018-05-04,785.6240234375,235.0794677734375,20.34444999694824,124.54000091552734
2018-05-05,816.1199951171875,,,
2018-05-06,792.3109741210938,,,
2018-05-07,753.7249755859375,235.87478637695312,20.386259078979492,124.56999969482422
2018-05-08,752.8569946289062,235.87478637695312,20.46151351928711,124.58999633789062
2018-05-09,752.2750244140625,238.1547393798828,20.46151351928711,124.33000183105467
2018-05-10,727.2769775390625,240.381591796875,20.36953353881836,125.18000030517578
2018-05-11,679.5859985351562,241.1150360107422,20.336084365844727,125.0
2018-05-12,686.0479736328125,,,
2018-05-13,733.4959716796875,,,
2018-05-14,730.5490112304688,241.22994995117188,20.361173629760746,124.48999786376952
2018-05-15,708.8709716796875,239.568603515625,20.486602783203125,122.4800033569336
2018-05-16,707.0499877929688,240.5760803222656,20.536773681640625,122.29000091552734
2018-05-17,672.656982421875,240.37274169921875,20.561861038208008,122.36000061035156
2018-05-18,694.3670043945312,239.7718811035156,20.603666305541992,122.41000366210938
2018-05-19,696.530029296875,,,
2018-05-20,715.3690185546875,,,
2018-05-21,699.2219848632812,241.5745849609375,20.586942672729492,122.4800033569336
2018-05-22,647.7410278320312,240.90298461914065,20.578582763671875,122.41000366210938
2018-05-23,583.5850219726562,241.5657196044922,20.662199020385746,122.54000091552734
2018-05-24,601.7550048828125,241.0708923339844,20.637115478515625,123.58999633789062
2018-05-25,586.7340087890625,240.4965057373047,20.737459182739254,123.20999908447266
2018-05-26,587.280029296875,,,
2018-05-27,572.6680297851562,,,
2018-05-28,516.0360107421875,,,
2018-05-29,565.3880004882812,237.73049926757812,20.87961196899414,123.19000244140624
2018-05-30,559.5900268554688,240.90298461914065,20.720733642578125,123.37000274658205
2018-05-31,577.64501953125,239.42723083496097,20.704011917114254,123.0999984741211
2018-06-01,580.0430297851562,241.77783203125,20.737459182739254,122.48999786376952
2018-06-02,591.8079833984375,,,
2018-06-03,618.3289794921875,,,
2018-06-04,592.9849853515625,242.9267578125,20.720733642578125,122.37000274658205
2018-06-05,609.302978515625,243.1034393310547,20.695648193359375,122.8499984741211
2018-06-06,607.1240234375,245.13584899902344,20.637115478515625,122.91999816894533
2018-06-07,605.18701171875,245.10939025878903,20.595306396484375,122.86000061035156
2018-06-08,601.0770263671875,245.8340301513672,20.603666305541992,123.01000213623048
2018-06-09,597.56201171875,,,
2018-06-10,526.47900390625,,,
2018-06-11,533.2839965820312,246.1609649658203,20.620391845703125,123.2300033569336
2018-06-12,496.8429870605469,246.4790496826172,20.662199020385746,122.81999969482422
2018-06-13,477.4939880371094,245.6925506591797,20.628751754760746,123.19000244140624
2018-06-14,519.7420043945312,246.3111114501953,20.896331787109375,123.37999725341795
2018-06-15,491.0039978027344,245.9969787597656,20.87961196899414,121.33999633789062
2018-06-16,499.6419982910156,,,
2018-06-17,500.447998046875,,,
2018-06-18,518.8909912109375,245.4909515380859,20.87961196899414,121.11000061035156
2018-06-19,537.9569702148438,244.55007934570312,20.93814468383789,120.8000030517578
2018-06-20,536.2680053710938,244.96728515625,20.95486640930176,120.26000213623048
2018-06-21,527.3670043945312,243.4315948486328,20.896331787109375,120.0500030517578
2018-06-22,465.8169860839844,243.87535095214844,20.82107734680176,120.33999633789062
2018-06-23,474.5199890136719,,,
2018-06-24,457.6719970703125,,,
2018-06-25,460.30999755859375,240.5555419921875,20.78763008117676,119.88999938964844
2018-06-26,432.7720031738281,241.08824157714844,20.896331787109375,119.26000213623048
2018-06-27,442.364990234375,239.0909118652344,21.02176094055176,118.58000183105467
2018-06-28,422.364990234375,240.45799255371097,21.02176094055176,118.22000122070312
2018-06-29,436.0090026855469,240.80409240722656,20.85452461242676,118.6500015258789
2018-06-30,455.1799926757813,,,
2018-07-01,453.9179992675781,,,
2018-07-02,475.3469848632813,241.3189392089844,20.95486640930176,117.45999908447266
2018-07-03,464.1950073242187,240.46682739257812,20.887969970703125,118.6500015258789
2018-07-04,467.3179931640625,,,
2018-07-05,474.4119873046875,242.4286651611328,20.82107734680176,119.0500030517578
2018-07-06,474.0119934082031,244.4790802001953,20.754180908203125,118.86000061035156
2018-07-07,491.6600036621094,,,
2018-07-08,489.1189880371094,,,
2018-07-09,476.6820068359375,246.6804656982422,20.762542724609375,119.1500015258789
2018-07-10,434.4240112304687,247.5680999755859,20.770904541015625,118.93000030517578
2018-07-11,446.51800537109375,245.75733947753903,20.913057327270508,117.63999938964844
2018-07-12,430.0740051269531,247.9853515625,20.92978286743164,118.12999725341795
2018-07-13,434.0270080566406,248.18063354492188,20.904695510864254,117.61000061035156
2018-07-14,436.08599853515625,,,
2018-07-15,449.8500061035156,,,
2018-07-16,480.6579895019531,247.95864868164065,20.871246337890625,117.5500030517578
2018-07-17,501.00201416015625,248.9616241455078,20.96323013305664,116.27999877929688
2018-07-18,480.5130004882813,249.48553466796875,20.98831558227539,116.30999755859376
2018-07-19,469.6189880371094,248.5445098876953,21.03012466430664,115.80999755859376
2018-07-20,450.697998046875,248.260498046875,20.862884521484375,116.55999755859376
2018-07-21,462.4360046386719,,,
2018-07-22,459.6570129394531,,,
2018-07-23,450.8529968261719,248.72206115722656,20.896331787109375,116.0
2018-07-24,479.37298583984375,249.97361755371097,20.904695510864254,116.04000091552734
2018-07-25,472.4930114746094,252.1040802001953,20.804351806640625,116.68000030517578
2018-07-26,464.0369873046875,251.50929260253903,20.946504592895508,115.7699966430664
2018-07-27,469.6659851074219,249.80502319335935,20.92142105102539,115.83000183105467
2018-07-28,466.89801025390625,,,
2018-07-29,466.6650085449219,,,
2018-07-30,457.08099365234375,248.500244140625,20.846162796020508,115.6500015258789
2018-07-31,433.8670043945313,249.72506713867188,20.887969970703125,115.98999786376952
2018-08-01,420.74700927734375,249.30796813964844,20.913057327270508,115.13999938964844
2018-08-02,412.6210021972656,250.66607666015625,21.03012466430664,114.5199966430664
2018-08-03,418.2619934082031,251.7401428222656,21.04684829711914,114.91999816894533
2018-08-04,407.25201416015625,,,
2018-08-05,410.5159912109375,,,
2018-08-06,406.6579895019531,252.663330078125,21.080293655395508,114.33000183105467
2018-08-07,380.2149963378906,253.49769592285156,21.05521011352539,114.58999633789062
2018-08-08,356.6130065917969,253.39111328125,21.03012466430664,114.91000366210938
2018-08-09,365.5880126953125,253.04498291015625,21.15555191040039,114.73999786376952
2018-08-10,334.1759948730469,251.34957885742188,21.30606460571289,114.69000244140624
2018-08-11,322.11199951171875,,,
2018-08-12,319.57000732421875,,,
2018-08-13,286.4949951171875,250.4086456298828,21.31442642211914,112.95999908447266
2018-08-14,278.9320068359375,252.00637817382812,21.398046493530273,113.06999969482422
2018-08-15,282.364013671875,250.1246337890625,21.398046493530273,111.19000244140624
2018-08-16,288.0459899902344,252.14840698242188,21.38132095336914,111.0999984741211
2018-08-17,315.72900390625,253.03610229492188,21.272615432739254,112.12999725341795
2018-08-18,295.81201171875,,,
2018-08-19,300.8340148925781,,,
2018-08-20,274.31500244140625,253.5775909423828,21.22244644165039,112.69000244140624
2018-08-21,281.9440002441406,254.1722717285156,21.09701919555664,113.0199966430664
2018-08-22,271.34100341796875,254.02142333984375,21.038484573364254,113.2699966430664
2018-08-23,277.10400390625,253.68408203125,21.172277450561523,112.1999969482422
2018-08-24,282.9670104980469,255.21080017089844,21.071935653686523,114.16000366210938
2018-08-25,279.64599609375,,,
2018-08-26,275.1969909667969,,,
2018-08-27,285.6029968261719,257.2258605957031,20.98831558227539,114.58999633789062
2018-08-28,296.4989929199219,257.3501281738281,20.98831558227539,113.68000030517578
2018-08-29,289.31201171875,258.7348327636719,20.95486640930176,114.1999969482422
2018-08-30,284.1050109863281,257.6874084472656,20.971590042114254,113.63999938964844
2018-08-31,283.0039978027344,257.6963195800781,21.06357192993164,113.51000213623048
2018-09-01,295.34100341796875,,,
2018-09-02,294.3710021972656,,,
2018-09-03,289.2590026855469,,,
2018-09-04,285.7229919433594,257.2524108886719,21.15555191040039,112.93000030517578
2018-09-05,232.33099365234375,256.56011962890625,21.080293655395508,113.31999969482422
2018-09-06,230.21499633789065,255.78790283203125,21.080293655395508,113.54000091552734
2018-09-07,217.2030029296875,255.29083251953125,21.138830184936523,113.2300033569336
2018-09-08,197.9510040283203,,,
2018-09-09,196.9239959716797,,,
2018-09-10,197.07899475097656,255.734619140625,21.09701919555664,113.1500015258789
2018-09-11,185.0659942626953,256.5779113769531,21.11374282836914,113.22000122070312
2018-09-12,183.33099365234375,256.6400451660156,21.038484573364254,114.16999816894533
2018-09-13,211.35400390625,258.1579284667969,20.979949951171875,113.76000213623048
2018-09-14,211.74899291992188,258.2022399902344,21.05521011352539,113.0199966430664
2018-09-15,223.07400512695312,,,
2018-09-16,220.58900451660156,,,
2018-09-17,197.875,256.8353271484375,20.95486640930176,113.61000061035156
2018-09-18,209.9750061035156,258.2289123535156,20.98831558227539,113.44000244140624
2018-09-19,209.968994140625,258.5040283203125,20.979949951171875,113.87999725341795
2018-09-20,224.59100341796875,260.598876953125,20.829439163208008,114.2699966430664
2018-09-21,246.58399963378903,260.3608703613281,20.896331787109375,113.48999786376952
2018-09-22,240.47999572753903,,,
2018-09-23,244.3300018310547,,,
2018-09-24,228.72999572753903,259.4959716796875,20.896331787109375,113.47000122070312
2018-09-25,218.5050048828125,259.2552185058594,20.913057327270508,113.6500015258789
2018-09-26,215.8470001220703,258.47943115234375,20.92142105102539,113.0500030517578
2018-09-27,228.49400329589844,259.20166015625,21.071935653686523,112.0500030517578
2018-09-28,222.40199279785156,259.22845458984375,21.12210273742676,112.76000213623048
2018-09-29,231.6349945068359,,,
2018-09-30,232.84800720214844,,,
2018-10-01,230.76800537109375,260.1289978027344,21.15555191040039,112.56999969482422
2018-10-02,227.18099975585935,259.9774169921875,21.18899917602539,113.87000274658205
2018-10-03,220.4889984130859,260.1201171875,21.255895614624023,113.41999816894533
2018-10-04,222.2180023193359,258.0870361328125,21.264257431030273,113.4800033569336
2018-10-05,227.6009979248047,256.6424865722656,21.239168167114254,113.8000030517578
2018-10-06,225.1199951171875,,,
2018-10-07,226.11900329589844,,,
2018-10-08,229.2550048828125,256.6424865722656,21.264257431030273,112.54000091552734
2018-10-09,227.98199462890625,256.26806640625,21.255895614624023,112.5999984741211
2018-10-10,225.7689971923828,248.15379333496097,21.230806350708008,112.87999725341795
2018-10-11,189.49899291992188,242.68777465820312,21.11374282836914,115.77999877929688
2018-10-12,196.7270050048828,246.0583648681641,21.18063735961914,115.2300033569336
2018-10-13,199.84100341796875,,,
2018-10-14,195.71499633789065,,,
2018-10-15,209.70399475097656,244.67630004882812,21.13046646118164,116.0
2018-10-16,210.1199951171875,250.02626037597656,21.138830184936523,115.8000030517578
2018-10-17,207.08299255371097,250.0709228515625,21.24753189086914,115.79000091552734
2018-10-18,203.3520050048828,246.45960998535156,21.339513778686523,115.91999816894533
2018-10-19,203.7270050048828,246.3258514404297,21.29770278930664,116.01000213623048
2018-10-20,205.42999267578125,,,
2018-10-21,205.1419982910156,,,
2018-10-22,204.04400634765625,245.22015380859375,21.37295913696289,115.70999908447266
2018-10-23,204.33599853515625,243.9718475341797,21.339513778686523,116.38999938964844
2018-10-24,203.8520050048828,236.57989501953125,21.448217391967773,116.66000366210938
2018-10-25,202.718994140625,240.82418823242188,21.506750106811523,116.4000015258789
2018-10-26,203.32899475097656,236.58872985839844,21.448217391967773,116.7699966430664
2018-10-27,204.2100067138672,,,
2018-10-28,205.36599731445312,,,
2018-10-29,197.2469940185547,235.27801513671875,21.506750106811523,116.30999755859376
2018-10-30,197.55599975585935,238.7644500732422,21.598730087280273,115.8000030517578
2018-10-31,197.38099670410156,241.31466674804688,21.590370178222656,115.1500015258789
2018-11-01,198.8719940185547,243.8826904296875,21.448217391967773,116.62999725341795
2018-11-02,200.6349945068359,242.43814086914065,21.498388290405273,116.6500015258789
2018-11-03,200.18600463867188,,,
2018-11-04,207.48599243164065,,,
2018-11-05,209.09100341796875,243.77574157714844,21.490026473999023,116.37000274658205
2018-11-06,218.45199584960935,245.31829833984375,21.439855575561523,116.04000091552734
2018-11-07,217.18299865722656,250.57020568847656,21.398046493530273,116.02999877929688
2018-11-08,212.2310028076172,250.115478515625,21.523473739624023,115.77999877929688
2018-11-09,210.07400512695312,247.67230224609375,21.565284729003903,114.4800033569336
2018-11-10,212.5330047607422,,,
2018-11-11,211.33999633789065,,,
2018-11-12,210.41799926757812,243.0445251464844,21.75760841369629,113.66000366210938
2018-11-13,206.8260040283203,242.58978271484375,21.682350158691406,113.6999969482422
2018-11-14,181.39700317382812,240.93121337890625,21.607093811035156,114.63999938964844
2018-11-15,180.80599975585935,243.4457244873047,21.657264709472656,114.7699966430664
2018-11-16,175.177001953125,244.078857421875,21.498388290405273,115.62000274658205
2018-11-17,174.00100708007812,,,
2018-11-18,177.06700134277344,,,
2018-11-19,149.1750030517578,239.9504241943359,21.481664657592773,115.66999816894533
2018-11-20,130.33900451660156,235.509765625,21.590370178222656,115.66999816894533
2018-11-21,136.7010040283203,236.31234741210935,21.590370178222656,115.86000061035156
2018-11-22,126.70600128173828,,,
2018-11-23,123.2959976196289,234.7340545654297,21.632179260253903,115.7699966430664
2018-11-24,113.49400329589844,,,
2018-11-25,116.4499969482422,,,
2018-11-26,108.33499908447266,238.5236358642578,21.67399024963379,115.63999938964844
2018-11-27,110.01000213623048,239.3262176513672,21.732521057128903,114.9499969482422
2018-11-28,122.43800354003906,244.8367462158203,21.623815536499023,115.37999725341795
2018-11-29,117.54264831542967,244.3017120361328,21.590370178222656,115.73999786376952
2018-11-30,113.17141723632812,245.7908172607422,21.67399024963379,115.54000091552734
2018-12-01,118.63555908203124,,,
2018-12-02,116.38890075683594,,,
2018-12-03,108.92501831054688,249.04551696777344,21.682350158691406,116.41000366210938
2018-12-04,110.21418762207033,240.9758453369141,21.640539169311523,117.12000274658205
2018-12-05,102.47555541992188,,,
2018-12-06,91.76105499267578,240.61019897460935,21.632179260253903,117.13999938964844
2018-12-07,93.29456329345705,235.0193634033203,21.573644638061523,118.08999633789062
2018-12-08,92.15963745117188,,,
2018-12-09,95.14205932617188,,,
2018-12-10,91.68565368652344,235.4652862548828,21.71579933166504,117.68000030517578
2018-12-11,88.94530487060547,235.51869201660156,21.774330139160156,117.54000091552734
2018-12-12,90.59329986572266,236.7046356201172,21.690711975097656,117.79000091552734
2018-12-13,86.53931427001953,236.62440490722656,21.690711975097656,117.52999877929688
2018-12-14,84.30829620361328,232.25515747070312,21.774330139160156,117.05999755859376
2018-12-15,84.44081115722656,,,
2018-12-16,85.26210021972656,,,
2018-12-17,95.13382720947266,227.69869995117188,21.71579933166504,117.87000274658205
2018-12-18,101.11245727539062,227.44903564453125,21.707433700561523,118.1500015258789
2018-12-19,101.2685775756836,224.0428771972656,21.71579933166504,117.43000030517578
2018-12-20,116.21687316894533,220.3958740234375,21.54856300354004,119.23999786376952
2018-12-21,109.49623107910156,215.88003540039065,21.690711975097656,118.72000122070312
2018-12-22,116.7594985961914,,,
2018-12-23,130.7652587890625,,,
2018-12-24,140.23800659179688,210.1759033203125,21.5943603515625,120.0199966430664
2018-12-25,129.84434509277344,,,
2018-12-26,131.86563110351562,220.79498291015625,21.704235076904297,119.66000366210938
2018-12-27,116.57591247558594,222.4901123046875,21.611263275146484,120.56999969482422
2018-12-28,137.6470184326172,222.20309448242188,21.55210304260254,121.05999755859376
2018-12-29,138.01834106445312,,,
2018-12-30,139.8594512939453,,,
2018-12-31,133.36825561523438,224.1493682861328,21.509845733642575,121.25
2019-01-01,140.8194122314453,,,
2019-01-02,155.0476837158203,224.38247680664065,21.670427322387695,121.33000183105467
2019-01-03,149.135009765625,219.02813720703125,21.55210304260254,122.43000030517578
2019-01-04,154.58193969726562,226.3646240234375,21.518295288085938,121.44000244140624
2019-01-05,155.6385955810547,,,
2019-01-06,157.74620056152344,,,
2019-01-07,151.69921875,228.14944458007812,21.42532539367676,121.86000061035156
2019-01-08,150.35963439941406,230.29296875,21.49294090270996,121.52999877929688
2019-01-09,150.80311584472656,231.36924743652344,21.290096282958984,122.30999755859376
2019-01-10,128.62518310546875,232.1854248046875,21.416872024536133,121.58999633789062
2019-01-11,127.54832458496094,232.27505493164065,21.433778762817383,121.8000030517578
2019-01-12,125.9665298461914,,,
2019-01-13,116.8978042602539,,,
2019-01-14,129.0687255859375,230.8580322265625,21.433778762817383,122.08999633789062
2019-01-15,122.03271484375,233.5038604736328,21.509845733642575,121.87999725341795
2019-01-16,123.54706573486328,234.06887817382812,21.53519821166992,122.2699966430664
2019-01-17,123.7419204711914,235.8446807861328,21.53519821166992,122.11000061035156
2019-01-18,121.01026153564452,238.9837951660156,21.602811813354492,121.0199966430664
2019-01-19,124.5190200805664,,,
2019-01-20,119.4748306274414,,,
2019-01-21,117.15785217285156,,,
2019-01-22,118.74755096435548,235.7550048828125,21.602811813354492,121.4499969482422
2019-01-23,117.45260620117188,236.2483062744141,21.55210304260254,121.27999877929688
2019-01-24,117.36288452148438,236.3738555908203,21.678878784179688,121.08999633789062
2019-01-25,116.37834167480467,238.3739776611328,21.50139045715332,122.86000061035156
2019-01-26,116.48873901367188,,,
2019-01-27,113.40528869628906,,,
2019-01-28,106.58997344970705,236.5622711181641,21.518295288085938,123.29000091552734
2019-01-29,105.59821319580078,236.2483062744141,21.52674674987793,123.9800033569336
2019-01-30,108.90753936767578,239.98828125,21.416872024536133,124.69000244140624
2019-01-31,107.0610122680664,242.0959930419922,21.459129333496097,124.75
2019-02-01,107.60978698730467,242.21261596679688,21.459129333496097,124.5
2019-02-02,110.43025970458984,,,
2019-02-03,107.49266815185548,,,
2019-02-04,107.82160186767578,243.91668701171875,21.518295288085938,123.95999908447266
2019-02-05,107.44351959228516,244.93917846679688,21.577457427978516,124.27999877929688
2019-02-06,104.9192886352539,244.6162567138672,21.661975860595703,123.44000244140624
2019-02-07,104.5353012084961,242.28436279296875,21.71268653869629,123.73999786376952
2019-02-08,119.26774597167967,242.58035278320312,21.7380428314209,124.20999908447266
2019-02-09,119.4308853149414,,,
2019-02-10,124.80648803710938,,,
2019-02-11,121.29839324951172,242.7148895263672,21.82256126403809,123.5999984741211
2019-02-12,122.5722885131836,245.8359832763672,21.746492385864254,123.86000061035156
2019-02-13,122.55360412597656,246.63429260253903,21.86482048034668,123.37000274658205
2019-02-14,121.39020538330078,246.0871124267578,21.83946418762207,124.05999755859376
2019-02-15,122.1003875732422,248.7688751220703,21.79720687866211,124.8000030517578
2019-02-16,123.26021575927734,,,
2019-02-17,133.598876953125,,,
2019-02-18,146.09837341308594,,,
2019-02-19,145.34619140625,249.1993408203125,21.71268653869629,126.6999969482422
2019-02-20,149.55433654785156,249.70155334472656,21.729589462280273,126.4800033569336
2019-02-21,146.13084411621094,248.8137359619141,21.746492385864254,125.0500030517578
2019-02-22,149.0924530029297,250.35638427734375,21.7380428314209,125.5
2019-02-23,158.79542541503906,,,
2019-02-24,135.8526611328125,,,
2019-02-25,139.82286071777344,250.6970672607422,21.72113800048828,125.37000274658205
2019-02-26,138.0896759033203,250.51779174804688,21.636621475219727,125.58000183105467
2019-02-27,136.12596130371094,250.4101104736328,21.653526306152344,124.69000244140624
2019-02-28,136.74624633789062,249.9437255859375,21.670427322387695,123.98999786376952
2019-03-01,136.44361877441406,251.5043487548828,21.75494384765625,121.87999725341795
2019-03-02,134.2069549560547,,,
2019-03-03,132.24942016601562,,,
2019-03-04,127.7741241455078,250.58950805664065,21.780302047729492,121.55999755859376
2019-03-05,137.8223876953125,250.24859619140625,21.83946418762207,121.72000122070312
2019-03-06,138.7893524169922,248.73292541503903,21.83946418762207,121.61000061035156
2019-03-07,138.0345001220703,246.6521453857422,22.033855438232425,121.51000213623048
2019-03-08,135.1270751953125,246.1588134765625,21.96623992919922,122.83999633789062
2019-03-09,137.96533203125,,,
2019-03-10,136.75868225097656,,,
2019-03-11,133.8340301513672,249.72853088378903,21.915529251098633,122.23999786376952
2019-03-12,134.44288635253906,250.67019653320312,21.87327003479004,122.9800033569336
2019-03-13,133.26307678222656,252.32940673828125,21.771848678588867,123.83999633789062
2019-03-14,133.7115936279297,252.16798400878903,21.83946418762207,122.41000366210938
2019-03-15,137.69178771972656,253.41390991210935,21.80565643310547,122.97000122070312
2019-03-16,142.39817810058594,,,
2019-03-17,140.00054931640625,,,
2019-03-18,139.37460327148438,254.3326873779297,21.780302047729492,123.04000091552734
2019-03-19,140.51919555664062,254.39578247070312,21.75494384765625,123.37999725341795
2019-03-20,140.6863555908203,253.63006591796875,21.6281681060791,124.18000030517578
2019-03-21,136.6360626220703,256.4947509765625,21.763397216796875,123.68000030517578
2019-03-22,137.1814422607422,251.55821228027344,21.80565643310547,123.97000122070312
2019-03-23,138.2398681640625,,,
2019-03-24,136.98692321777344,,,
2019-03-25,135.03102111816406,251.36895751953125,21.80565643310547,124.91999816894533
2019-03-26,135.46035766601562,253.2427520751953,21.87327003479004,124.3000030517578
2019-03-27,140.9881591796875,251.91845703125,21.898624420166016,123.6500015258789
2019-03-28,139.41647338867188,252.8733367919922,21.974693298339844,121.9000015258789
2019-03-29,142.49742126464844,254.46792602539065,22.00004768371582,122.01000213623048
2019-03-30,142.09268188476562,,,
2019-03-31,141.51409912109375,,,
2019-04-01,141.830322265625,257.4856262207031,21.983144760131836,121.52999877929688
2019-04-02,163.9617462158203,257.61175537109375,22.008499145507812,121.9800033569336
2019-04-03,161.45880126953125,258.0170593261719,21.974693298339844,121.8000030517578
2019-04-04,158.0525360107422,258.70184326171875,22.00004768371582,122.11000061035156
2019-04-05,165.5148468017578,259.9539489746094,22.025402069091797,121.9800033569336
2019-04-06,165.94720458984375,,,
2019-04-07,174.53164672851562,,,
2019-04-08,180.25881958007812,260.1521301269531,21.949338912963867,122.51000213623048
2019-04-09,176.1145782470703,258.8188781738281,21.957788467407227,123.1500015258789
2019-04-10,177.3374786376953,259.7016906738281,21.923980712890625,123.52999877929688
2019-04-11,165.4970245361328,259.629638671875,21.99159812927246,121.9499969482422
2019-04-12,164.736328125,261.3863220214844,21.94088363647461,121.83000183105467
2019-04-13,164.5133514404297,,,
2019-04-14,167.83851623535156,,,
2019-04-15,161.5741729736328,261.21502685546875,21.93243408203125,121.5999984741211
2019-04-16,167.62344360351562,261.3863220214844,21.983144760131836,120.51000213623048
2019-04-17,166.9507598876953,260.7466125488281,21.96623992919922,120.27999877929688
2019-04-18,173.81402587890625,261.2601318359375,22.084566116333008,120.37000274658205
2019-04-19,173.70843505859375,,,
2019-04-20,173.7512664794922,,,
2019-04-21,170.04652404785156,,,
2019-04-22,171.87466430664062,261.4853515625,22.033855438232425,120.37000274658205
2019-04-23,171.4477996826172,263.8365173339844,22.109920501708984,120.12000274658205
2019-04-24,165.8260955810547,263.25091552734375,22.21979331970215,120.47000122070312
2019-04-25,154.4593963623047,263.08892822265625,22.262054443359375,120.56999969482422
2019-04-26,156.3470916748047,264.31390380859375,22.23669815063477,121.37000274658205
2019-04-27,158.4349365234375,,,
2019-04-28,157.29507446289062,,,
2019-04-29,155.20199584960938,264.7283630371094,22.18598747253418,120.83000183105467
2019-04-30,162.16603088378906,264.86346435546875,22.11837387084961,121.1999969482422
2019-05-01,160.81834411621094,262.8725891113281,22.14373016357422,120.4000015258789
2019-05-02,162.12278747558594,262.30511474609375,22.194438934326172,119.94000244140624
2019-05-03,167.95240783691406,264.8724670410156,22.109920501708984,120.6500015258789
2019-05-04,164.02658081054688,,,
2019-05-05,163.45069885253906,,,
2019-05-06,172.65321350097656,263.7825012207031,22.12682723999023,120.80999755859376
2019-05-07,169.7986602783203,259.3773498535156,22.14373016357422,121.20999908447266
2019-05-08,170.9481658935547,259.01702880859375,22.152179718017575,120.91000366210938
2019-05-09,170.289306640625,258.2333679199219,22.109920501708984,121.1999969482422
2019-05-10,173.1427459716797,259.5306091308594,22.101470947265625,121.43000030517578
2019-05-11,194.30433654785156,,,
2019-05-12,187.3253173828125,,,
2019-05-13,196.8462829589844,253.0084991455078,22.101470947265625,122.66999816894533
2019-05-14,217.14857482910156,255.2966156005859,22.152179718017575,122.45999908447266
2019-05-15,247.1530609130859,256.7919616699219,22.160633087158203,122.38999938964844
2019-05-16,264.010009765625,259.1702880859375,22.21979331970215,121.51000213623048
2019-05-17,243.76458740234375,257.4946594238281,22.2705078125,120.6500015258789
2019-05-18,234.59523010253903,,,
2019-05-19,261.2922058105469,,,
2019-05-20,251.86441040039065,255.79197692871097,22.253602981567383,120.63999938964844
2019-05-21,255.21588134765625,258.0981750488281,22.287410736083984,120.36000061035156
2019-05-22,244.69891357421875,257.3055419921875,22.304311752319336,120.23999786376952
2019-05-23,245.96566772460935,254.1614990234375,22.262054443359375,121.16999816894533
2019-05-24,249.4849853515625,254.73809814453125,22.18598747253418,121.3000030517578
2019-05-25,251.75987243652344,,,
2019-05-26,267.06964111328125,,,
2019-05-27,272.8626403808594,,,
2019-05-28,271.7687072753906,252.3688812255859,22.278959274291992,120.83000183105467
2019-05-29,269.4556884765625,250.67529296875,22.329668045043945,120.87000274658205
2019-05-30,255.85894775390625,251.3599548339844,22.338119506835938,121.69000244140624
2019-05-31,268.1135559082031,247.97280883789065,22.24515151977539,123.33000183105467
2019-06-01,265.3912658691406,,,
2019-06-02,270.22552490234375,,,
2019-06-03,252.60792541503903,247.3422393798828,22.12682723999023,125.11000061035156
2019-06-04,241.3387908935547,252.71121215820312,22.101470947265625,125.1500015258789
2019-06-05,247.0510101318359,254.9001922607422,22.177536010742188,125.47000122070312
2019-06-06,249.47433471679688,256.5577392578125,22.101470947265625,125.87999725341795
2019-06-07,250.93035888671875,259.1251220703125,22.008499145507812,126.58999633789062
2019-06-08,245.73809814453125,,,
2019-06-09,233.08670043945312,,,
2019-06-10,247.52012634277344,260.314208984375,22.033855438232425,125.33000183105467
2019-06-11,245.7818298339844,260.2511901855469,22.042306900024418,125.18000030517578
2019-06-12,260.9032897949219,259.7918701171875,22.101470947265625,125.83000183105467
2019-06-13,256.1687927246094,260.86376953125,22.11837387084961,126.5999984741211
2019-06-14,264.08746337890625,260.5754699707031,22.23669815063477,126.55999755859376
2019-06-15,269.0193176269531,,,
2019-06-16,269.22320556640625,,,
2019-06-17,274.3511047363281,260.674560546875,22.24515151977539,126.4800033569336
2019-06-18,265.0518493652344,263.4042053222656,22.278959274291992,127.12000274658205
2019-06-19,269.4317932128906,263.99871826171875,22.177536010742188,127.88999938964844
2019-06-20,271.69500732421875,266.5210876464844,22.042306900024418,131.11000061035156
2019-06-21,294.9102783203125,266.1336364746094,21.93243408203125,131.97999572753906
2019-06-22,309.38031005859375,,,
2019-06-23,307.8277893066406,,,
2019-06-24,310.4246826171875,265.8077392578125,21.898624420166016,133.94000244140625
2019-06-25,318.1263122558594,263.20068359375,21.949338912963867,134.1999969482422
2019-06-26,336.753173828125,262.938232421875,21.96623992919922,132.97000122070312
2019-06-27,294.26763916015625,263.87054443359375,21.96623992919922,132.83999633789062
2019-06-28,311.2261047363281,265.2283630371094,21.949338912963867,133.1999969482422
2019-06-29,320.05889892578125,,,
2019-06-30,290.69598388671875,,,
2019-07-01,293.64111328125,267.6363220214844,22.109920501708984,130.6199951171875
2019-07-02,291.596435546875,268.3332824707031,22.093017578125,133.41000366210938
2019-07-03,303.0999755859375,270.47869873046875,22.093017578125,133.6300048828125
2019-07-04,284.5232238769531,,,
2019-07-05,287.9975280761719,270.1708068847656,22.21134376525879,132.13999938964844
2019-07-06,287.547119140625,,,
2019-07-07,305.7005615234375,,,
2019-07-08,313.25140380859375,268.6863098144531,22.253602981567383,131.2899932861328
2019-07-09,308.8810119628906,269.021240234375,22.2705078125,131.75
2019-07-10,290.0023193359375,270.306640625,22.177536010742188,133.8300018310547
2019-07-11,268.70404052734375,270.94024658203125,22.177536010742188,132.6999969482422
2019-07-12,276.2767028808594,272.1532897949219,22.135276794433594,133.52999877929688
2019-07-13,269.45880126953125,,,
2019-07-14,227.57806396484375,,,
2019-07-15,229.7760009765625,272.24383544921875,22.169084548950195,133.52999877929688
2019-07-16,199.1886749267578,271.3657531738281,22.2705078125,132.39999389648438
2019-07-17,211.48497009277344,269.51910400390625,22.22824478149414,134.5800018310547
2019-07-18,226.566162109375,270.5057678222656,22.109920501708984,136.47999572753906
2019-07-19,221.3334197998047,269.003173828125,22.21979331970215,134.47000122070312
2019-07-20,229.1192169189453,,,
2019-07-21,225.6307678222656,,,
2019-07-22,217.5600128173828,269.66387939453125,22.262054443359375,134.4499969482422
2019-07-23,212.728515625,271.5920715332031,22.363475799560547,133.69000244140625
2019-07-24,217.04637145996097,272.868408203125,22.363475799560547,134.3699951171875
2019-07-25,219.6179962158203,271.5648498535156,22.405736923217773,133.4199981689453
2019-07-26,219.62960815429688,273.3843994140625,22.439542770385746,133.63999938964844
2019-07-27,207.40830993652344,,,
2019-07-28,211.18655395507812,,,
2019-07-29,211.26805114746097,272.886474609375,22.45644760131836,134.52999877929688
2019-07-30,210.52259826660156,272.2167053222656,22.45644760131836,134.97999572753906
2019-07-31,218.65414428710935,269.2384948730469,22.5916748046875,133.2100067138672
2019-08-01,217.80844116210935,266.8939208984375,22.524059295654297,136.41000366210938
2019-08-02,217.87156677246097,264.88446044921875,22.473350524902344,135.88999938964844
2019-08-03,222.49034118652344,,,
2019-08-04,222.6697235107422,,,
2019-08-05,234.21502685546875,256.91845703125,22.363475799560547,137.7899932861328
2019-08-06,226.02064514160156,260.521240234375,22.388830184936523,138.91000366210938
2019-08-07,226.39100646972656,260.6751403808594,22.37192726135254,141.02000427246094
2019-08-08,220.94186401367188,265.7895812988281,22.388830184936523,141.72999572753906
2019-08-09,210.48890686035156,263.9791259765625,22.363475799560547,141.25999450683594
2019-08-10,206.73353576660156,,,
2019-08-11,216.0928649902344,,,
2019-08-12,211.28807067871097,260.7656555175781,22.34657287597656,142.6300048828125
2019-08-13,208.70904541015625,264.82098388671875,22.447994232177734,141.77999877929688
2019-08-14,186.6077423095703,256.9908752441406,22.49870491027832,142.75
2019-08-15,188.50205993652344,257.669677734375,22.515609741210938,143.6999969482422
2019-08-16,185.44007873535156,261.47174072265625,22.53251266479492,142.77999877929688
2019-08-17,185.68768310546875,,,
2019-08-18,194.4935302734375,,,
2019-08-19,203.09193420410156,264.62188720703125,22.58322525024414,141.11000061035156
2019-08-20,196.56541442871097,262.59417724609375,22.53251266479492,142.2100067138672
2019-08-21,186.89163208007812,264.7304992675781,22.55786895751953,141.75999450683594
2019-08-22,191.3329162597656,264.64892578125,22.54096412658691,141.39999389648438
2019-08-23,194.70620727539065,257.8508605957031,22.41418838500977,144.1699981689453
2019-08-24,191.28956604003903,,,
2019-08-25,186.84239196777344,,,
2019-08-26,188.92938232421875,260.70233154296875,22.53251266479492,144.19000244140625
2019-08-27,187.51666259765625,259.67938232421875,22.515609741210938,145.57000732421875
2019-08-28,173.8899688720703,261.508056640625,22.566322326660156,145.16000366210938
2019-08-29,169.51673889160156,264.8481140136719,22.625484466552734,144.1199951171875
2019-08-30,168.83486938476562,264.7304992675781,22.71000099182129,143.75
2019-08-31,172.46978759765625,,,
2019-09-01,171.62942504882812,,,
2019-09-02,178.34735107421875,,,
2019-09-03,179.49932861328125,263.18255615234375,22.760711669921875,145.75
2019-09-04,175.99288940429688,266.1698303222656,22.61703109741211,146.66000366210938
2019-09-05,174.21713256835938,269.5914001464844,22.625484466552734,143.13999938964844
2019-09-06,169.9561767578125,269.79974365234375,22.633935928344727,141.9199981689453
2019-09-07,178.2626190185547,,,
2019-09-08,181.35552978515625,,,
2019-09-09,181.1494598388672,269.93548583984375,22.5916748046875,141.38999938964844
2019-09-10,179.78717041015625,269.87213134765625,22.61703109741211,140.17999267578125
2019-09-11,178.72549438476562,271.791259765625,22.684646606445312,141.02999877929688
2019-09-12,181.01609802246097,272.73260498046875,22.61703109741211,141.32000732421875
2019-09-13,181.10972595214844,272.5515441894531,22.58322525024414,140.14999389648438
2019-09-14,188.1055145263672,,,
2019-09-15,189.78912353515625,,,
2019-09-16,197.11317443847656,271.7096862792969,22.684646606445312,141.32000732421875
2019-09-17,208.60874938964844,272.397705078125,22.58322525024414,141.60000610351562
2019-09-18,211.39303588867188,272.5606384277344,22.667741775512695,140.7100067138672
2019-09-19,221.2808532714844,272.54248046875,22.61703109741211,141.27999877929688
2019-09-20,218.050048828125,271.2547607421875,22.676193237304688,142.9499969482422
2019-09-21,215.5162048339844,,,
2019-09-22,211.54537963867188,,,
2019-09-23,201.9213104248047,271.191162109375,22.71000099182129,143.75
2019-09-24,168.11073303222656,269.0630798339844,22.625484466552734,144.50999450683594
2019-09-25,170.8927001953125,270.6546630859375,22.802968978881836,141.8300018310547
2019-09-26,166.7271270751953,270.09075927734375,22.86213493347168,141.7899932861328
2019-09-27,174.71099853515625,268.6357421875,22.828325271606445,141.05999755859375
2019-09-28,174.57289123535156,,,
2019-09-29,170.50347900390625,,,
2019-09-30,179.87220764160156,269.88165283203125,22.904394149780273,138.8699951171875
2019-10-01,177.34042358398438,266.67144775390625,22.828325271606445,139.6300048828125
2019-10-02,180.71051025390625,261.9607238769531,22.81142234802246,141.25999450683594
2019-10-03,175.1993408203125,264.10699462890625,22.802968978881836,141.89999389648438
2019-10-04,176.98500061035156,267.68084716796875,22.78606605529785,141.89999389648438
2019-10-05,176.3515167236328,,,
2019-10-06,173.05914306640625,,,
2019-10-07,181.18634033203125,266.52593994140625,22.828325271606445,140.69000244140625
2019-10-08,182.0215606689453,262.3881530761719,22.86213493347168,141.9199981689453
2019-10-09,193.2932586669922,264.8799133300781,22.845230102539062,142.0500030517578
2019-10-10,191.65966796875,266.67144775390625,22.752262115478516,140.80999755859375
2019-10-11,182.56968688964844,269.4360656738281,22.667741775512695,140.02999877929688
2019-10-12,180.82664489746097,,,
2019-10-13,182.0751495361328,,,
2019-10-14,186.96090698242188,269.1359558105469,22.7353572845459,140.58999633789062
2019-10-15,181.40606689453125,271.8004455566406,22.667741775512695,139.61000061035156
2019-10-16,176.0135040283203,271.36395263671875,22.608579635620117,140.41000366210938
2019-10-17,178.02835083007812,272.1642150878906,22.524059295654297,140.61000061035156
2019-10-18,173.621337890625,270.9729309082031,22.439542770385746,140.4600067138672
2019-10-19,172.91302490234375,,,
2019-10-20,175.5343780517578,,,
2019-10-21,174.92098999023438,272.80987548828125,22.45644760131836,139.7899932861328
2019-10-22,172.3008575439453,271.918701171875,22.507156372070312,140.1999969482422
2019-10-23,162.4027862548828,272.7099304199219,22.49870491027832,140.52999877929688
2019-10-24,162.16854858398438,273.1554260253906,22.566322326660156,141.52999877929688
2019-10-25,181.5232086181641,274.27398681640625,22.5916748046875,141.86000061035156
2019-10-26,179.83547973632812,,,
2019-10-27,184.24221801757812,,,
2019-10-28,182.66281127929688,275.82000732421875,22.574771881103516,140.63999938964844
2019-10-29,190.3425750732422,275.7380676269531,22.566322326660156,140.25
2019-10-30,184.69216918945312,276.5838623046875,22.515609741210938,141.02000427246094
2019-10-31,183.9669189453125,275.8472595214844,22.473350524902344,142.42999267578125
2019-11-01,183.9698944091797,278.4027099609375,22.46489906311035,142.55999755859375
2019-11-02,183.92572021484375,,,
2019-11-03,182.42501831054688,,,
2019-11-04,186.35519409179688,279.521240234375,22.549415588378903,142.14999389648438
2019-11-05,189.30416870117188,279.2120361328125,22.633935928344727,139.85000610351562
2019-11-06,191.5938415527344,279.2757263183594,22.633935928344727,140.4499969482422
2019-11-07,187.97654724121097,280.2578430175781,22.684646606445312,138.27000427246094
2019-11-08,184.2114715576172,280.94891357421875,22.7353572845459,137.38999938964844
2019-11-09,185.0287170410156,,,
2019-11-10,189.4772796630859,,,
2019-11-11,185.48963928222656,280.41241455078125,22.701547622680664,137.05999755859375
2019-11-12,186.84341430664065,281.0035095214844,22.7353572845459,137.42999267578125
2019-11-13,188.2587432861328,281.094482421875,22.726905822753903,137.97999572753906
2019-11-14,185.9996337890625,281.503662109375,22.71000099182129,138.55999755859375
2019-11-15,180.52117919921875,283.540771484375,22.65928840637207,138.2100067138672
2019-11-16,183.34835815429688,,,
2019-11-17,185.1192321777344,,,
2019-11-18,180.55960083007812,283.7499084472656,22.61703109741211,138.6199951171875
2019-11-19,177.45555114746094,283.66802978515625,22.64238739013672,138.69000244140625
2019-11-20,175.69834899902344,282.61322021484375,22.64238739013672,138.75999450683594
2019-11-21,161.4627227783203,282.15850830078125,22.676193237304688,138.0
2019-11-22,150.26817321777344,282.7859802246094,22.74380874633789,137.74000549316406
2019-11-23,153.41778564453125,,,
2019-11-24,142.83470153808594,,,
2019-11-25,146.47653198242188,284.9775390625,22.760711669921875,137.0800018310547
2019-11-26,148.96507263183594,285.62322998046875,22.7353572845459,137.74000549316406
2019-11-27,153.01055908203125,286.896484375,22.7691650390625,137.00999450683594
2019-11-28,151.7175750732422,,,
2019-11-29,155.3041534423828,285.83233642578125,22.74380874633789,137.86000061035156
2019-11-30,152.53968811035156,,,
2019-12-01,151.18572998046875,,,
2019-12-02,149.0591583251953,283.4043884277344,22.65083694458008,137.7899932861328
2019-12-03,147.9564208984375,281.503662109375,22.625484466552734,139.11000061035156
2019-12-04,146.74774169921875,283.2406311035156,22.600128173828125,138.9199981689453
2019-12-05,149.24899291992188,283.7499084472656,22.549415588378903,139.0
2019-12-06,149.19444274902344,286.34173583984375,22.633935928344727,137.6199951171875
2019-12-07,148.76815795898438,,,
2019-12-08,151.2647247314453,,,
2019-12-09,148.2251739501953,285.4413757324219,22.608579635620117,137.5800018310547
2019-12-10,146.2670440673828,285.1230773925781,22.58322525024414,137.97000122070312
2019-12-11,143.60800170898438,285.9324645996094,22.49870491027832,138.9199981689453
2019-12-12,145.60400390625,288.39703369140625,22.53251266479492,138.42999267578125
2019-12-13,144.9447479248047,288.56976318359375,22.53251266479492,139.0500030517578
2019-12-14,142.86923217773438,,,
2019-12-15,143.114990234375,,,
2019-12-16,133.61402893066406,290.55224609375,22.490253448486328,139.0399932861328
2019-12-17,122.60388946533205,290.6158752441406,22.53251266479492,139.00999450683594
2019-12-18,133.09219360351562,290.6340637207031,22.574771881103516,139.02000427246094
2019-12-19,129.32113647460938,291.8253479003906,22.574771881103516,139.3800048828125
2019-12-20,129.06605529785156,293.1048583984375,22.65083694458008,139.52000427246094
2019-12-21,128.13095092773438,,,
2019-12-22,132.3725128173828,,,
2019-12-23,128.6140899658203,293.5526123046875,22.638765335083008,139.9499969482422
2019-12-24,129.0638885498047,293.56170654296875,22.638765335083008,141.27000427246094
2019-12-25,126.4546356201172,,,
2019-12-26,126.36122131347656,295.1243896484375,22.604284286499023,142.3800048828125
2019-12-27,127.21460723876952,295.05120849609375,22.492210388183594,142.3300018310547
2019-12-28,128.3227081298828,,,
2019-12-29,134.7579803466797,,,
2019-12-30,132.63348388671875,293.4246520996094,22.449106216430664,142.6300048828125
2019-12-31,129.61085510253906,294.137451171875,22.38875961303711,142.89999389648438
2020-01-01,130.802001953125,,,
2020-01-02,127.4101791381836,296.88818359375,22.466346740722656,143.9499969482422
2020-01-03,134.1717071533203,294.6400451660156,22.492210388183594,145.86000061035156
2020-01-04,135.06936645507812,,,
2020-01-05,136.2767791748047,,,
2020-01-06,144.3041534423828,295.76409912109375,22.44048500061035,147.38999938964844
2020-01-07,143.5439910888672,294.9325256347656,22.518075942993164,147.97000122070312
2020-01-08,141.2581329345703,296.5044250488281,22.57842063903809,146.86000061035156
2020-01-09,138.9792022705078,298.514892578125,22.621524810791016,146.02999877929688
2020-01-10,143.96377563476562,297.65582275390625,22.604284286499023,146.91000366210938
2020-01-11,142.92710876464844,,,
2020-01-12,145.87393188476562,,,
2020-01-13,144.22659301757812,299.7028503417969,22.604284286499023,145.82000732421875
2020-01-14,165.95535278320312,299.2459716796875,22.612905502319336,145.69000244140625
2020-01-15,166.23068237304688,299.9222106933594,22.57842063903809,146.5399932861328
2020-01-16,164.39100646972656,302.4171447753906,22.612905502319336,146.30999755859375
2020-01-17,170.7799530029297,303.3583068847656,22.690494537353516,146.5800018310547
2020-01-18,175.3656768798828,,,
2020-01-19,166.9698486328125,,,
2020-01-20,167.12051391601562,,,
2020-01-21,169.69715881347656,302.7643737792969,22.67325210571289,146.74000549316406
2020-01-22,168.29415893554688,302.8008117675781,22.6560115814209,146.7899932861328
2020-01-23,162.92855834960938,303.1481628417969,22.716358184814453,147.1199951171875
2020-01-24,163.05117797851562,300.4521484375,22.75083923339844,147.97999572753906
2020-01-25,161.283935546875,,,
2020-01-26,168.0771026611328,,,
2020-01-27,170.93089294433594,295.63616943359375,22.78532600402832,148.99000549316406
2020-01-28,176.3703155517578,298.7342834472656,22.78532600402832,147.66000366210938
2020-01-29,175.0503387451172,298.4874572753906,22.819807052612305,148.4600067138672
2020-01-30,184.6904754638672,299.4561462402344,22.75083923339844,148.47000122070312
2020-01-31,180.16017150878903,294.0185546875,22.6560115814209,149.3300018310547
2020-02-01,183.6739501953125,,,
2020-02-02,188.61753845214844,,,
2020-02-03,189.8650665283203,296.2027587890625,22.768083572387695,148.36000061035156
2020-02-04,189.25059509277344,300.7173156738281,22.802568435668945,146.42999267578125
2020-02-05,204.2302398681641,304.19000244140625,22.888776779174805,146.61000061035156
2020-02-06,212.33908081054688,305.2134704589844,22.931882858276367,147.39999389648438
2020-02-07,222.72605895996097,303.58685302734375,22.98361015319824,147.7899932861328
2020-02-08,223.14651489257812,,,
2020-02-09,228.5785675048828,,,
2020-02-10,223.522705078125,305.85321044921875,23.01809310913086,148.1699981689453
2020-02-11,235.8511962890625,306.3832702636719,22.99222946166992,147.66000366210938
2020-02-12,265.4061279296875,308.35723876953125,23.05257797241211,147.5399932861328
2020-02-13,268.0992431640625,308.0282287597656,23.078439712524418,148.3800048828125
2020-02-14,284.2174987792969,308.521728515625,23.0698184967041,149.0
2020-02-15,264.72857666015625,,,
2020-02-16,259.89471435546875,,,
2020-02-17,266.3634338378906,,,
2020-02-18,281.944580078125,307.7266845703125,23.156028747558594,150.91000366210938
2020-02-19,259.76397705078125,309.197998046875,23.199134826660156,151.7899932861328
2020-02-20,257.949462890625,307.927734375,23.26810073852539,152.41000366210938
2020-02-21,265.6006164550781,304.75665283203125,23.130165100097656,154.6999969482422
2020-02-22,262.33172607421875,,,
2020-02-23,273.754150390625,,,
2020-02-24,265.2164306640625,294.649169921875,23.1387882232666,156.08999633789062
2020-02-25,247.81759643554688,285.720703125,23.0698184967041,153.3000030517578
2020-02-26,225.6802673339844,284.6697692871094,23.08706283569336,153.97000122070312
2020-02-27,226.75338745117188,271.8847351074219,22.94912338256836,154.0
2020-02-28,226.760498046875,270.7424011230469,22.871536254882812,148.3800048828125
2020-02-29,219.8485107421875,,,
2020-03-01,218.97059631347656,,,
2020-03-02,230.5697784423828,282.46734619140625,22.75083923339844,149.1999969482422
2020-03-03,224.47962951660156,274.3796081542969,22.6560115814209,153.88999938964844
2020-03-04,224.5179748535156,285.91265869140625,22.73360061645508,154.16000366210938
2020-03-05,229.2681884765625,276.4083557128906,22.56117820739746,157.49000549316406
2020-03-06,243.5252990722656,271.8390197753906,22.431865692138672,157.5500030517578
2020-03-07,237.85308837890625,,,
2020-03-08,200.6890563964844,,,
2020-03-09,201.986328125,250.6099548339844,22.190475463867188,157.80999755859375
2020-03-10,200.76724243164065,263.5777587890625,22.518075942993164,154.47999572753906
2020-03-11,194.8685302734375,250.7287139892578,22.55255699157715,153.92999267578125
2020-03-12,112.3471221923828,226.73968505859375,22.7939453125,147.7899932861328
2020-03-13,133.20181274414062,246.12286376953125,23.65604782104492,143.27999877929688
2020-03-14,123.30602264404295,,,
2020-03-15,125.21430206298828,,,
2020-03-16,110.60587310791016,219.19113159179688,22.897397994995117,141.63999938964844
2020-03-17,113.9427490234375,231.02574157714844,23.30258560180664,143.55999755859375
2020-03-18,114.84226989746094,219.3282470703125,23.65604782104492,140.6999969482422
2020-03-19,136.59385681152344,219.79432678222656,24.216413497924805,138.0399932861328
2020-03-20,132.73716735839844,210.3224639892578,24.147445678710938,140.11000061035156
2020-03-21,132.81871032714844,,,
2020-03-22,123.32115173339844,,,
2020-03-23,134.91160583496094,204.94488525390625,24.112958908081055,146.3000030517578
2020-03-24,138.76144409179688,223.5135498046875,23.83708953857422,153.39999389648438
2020-03-25,136.19589233398438,226.8595428466797,23.61294174194336,151.3000030517578
2020-03-26,138.36155700683594,240.10589599609375,23.233617782592773,153.24000549316406
2020-03-27,133.9379425048828,232.95416259765625,23.043954849243164,152.25
2020-03-28,130.9864959716797,,,
2020-03-29,125.58373260498048,,,
2020-03-30,132.904541015625,240.51951599121097,23.14740753173828,152.9199981689453
2020-03-31,133.59356689453125,236.9344787597656,23.130165100097656,148.0500030517578
2020-04-01,135.63455200195312,226.2712860107422,23.276723861694336,149.4499969482422
2020-04-02,142.02914428710938,231.4925994873047,23.397417068481445,151.89999389648438
2020-04-03,142.09130859375,228.14654541015625,23.526731491088867,152.64999389648438
2020-04-04,145.21939086914062,,,
2020-04-05,143.54664611816406,,,
2020-04-06,169.13587951660156,243.47027587890625,23.53535270690918,156.8800048828125
2020-04-07,165.10194396972656,243.7184906005859,23.319828033447266,156.0399932861328
2020-04-08,172.64173889160156,251.89971923828125,23.40603828430176,154.64999389648438
2020-04-09,170.80714416503906,255.7329864501953,23.233617782592773,158.69000244140625
2020-04-10,158.41244506835938,,,
2020-04-11,158.2160186767578,,,
2020-04-12,161.14242553710938,,,
2020-04-13,156.27955627441406,253.39808654785156,23.199134826660156,161.41000366210938
2020-04-14,157.5963897705078,260.8714294433594,23.0698184967041,162.67999267578125
2020-04-15,153.28689575195312,255.32850646972656,23.24223899841309,161.85000610351562
2020-04-16,172.15737915039062,256.560302734375,23.34568977355957,161.7100067138672
2020-04-17,171.63858032226562,263.4913635253906,23.28534507751465,158.57000732421875
2020-04-18,186.91400146484375,,,
2020-04-19,181.61495971679688,,,
2020-04-20,172.2971649169922,258.84912109375,23.362934112548828,159.6999969482422
2020-04-21,172.73770141601562,250.98968505859375,23.397417068481445,158.61000061035156
2020-04-22,182.59957885742188,256.560302734375,23.466384887695312,161.72999572753906
2020-04-23,185.02867126464844,256.5418395996094,23.475006103515625,163.33999633789062
2020-04-24,189.2369384765625,260.11773681640625,23.423280715942383,162.63999938964844
2020-04-25,195.5153045654297,,,
2020-04-26,197.31753540039065,,,
2020-04-27,197.22471618652344,263.8682861328125,23.362934112548828,161.55999755859375
2020-04-28,198.41539001464844,262.6548767089844,23.337068557739254,160.83999633789062
2020-04-29,216.96823120117188,269.53076171875,23.24223899841309,161.72999572753906
2020-04-30,207.60205078125,267.02130126953125,23.095684051513672,158.8000030517578
2020-05-01,214.21910095214844,259.95233154296875,23.121543884277344,159.77999877929688
2020-05-02,215.32537841796875,,,
2020-05-03,210.9331512451172,,,
2020-05-04,208.17401123046875,260.6692810058594,23.2508602142334,160.33999633789062
2020-05-05,206.77439880371097,263.0777282714844,23.26810073852539,161.02000427246094
2020-05-06,204.0557861328125,261.2944030761719,23.38017463684082,158.9499969482422
2020-05-07,212.28941345214844,264.44744873046875,23.311208724975582,161.38999938964844
2020-05-08,212.9915771484375,268.82293701171875,23.30258560180664,160.4199981689453
2020-05-09,211.60012817382812,,,
2020-05-10,188.5995635986328,,,
2020-05-11,185.912841796875,268.87811279296875,23.388795852661133,159.4199981689453
2020-05-12,189.3125,263.5189208984375,23.34568977355957,160.0399932861328
2020-05-13,199.1932830810547,258.8583679199219,23.388795852661133,161.5800018310547
2020-05-14,202.9490966796875,261.95623779296875,23.414655685424805,163.00999450683594
2020-05-15,195.62266540527344,263.1603698730469,23.431901931762695,163.92999267578125
2020-05-16,200.6771240234375,,,
2020-05-17,207.15869140625,,,
2020-05-18,214.52505493164065,271.1762390136719,23.24223899841309,162.69000244140625
2020-05-19,213.45111083984375,268.3908996582031,23.22499656677246,164.25999450683594
2020-05-20,210.09674072265625,272.9503173828125,23.14740753173828,164.64999389648438
2020-05-21,199.88360595703125,271.0659484863281,23.199134826660156,162.25
2020-05-22,207.169189453125,271.5807800292969,23.26810073852539,163.2100067138672
2020-05-23,208.69439697265625,,,
2020-05-24,202.3703460693359,,,
2020-05-25,205.3197479248047,,,
2020-05-26,201.90231323242188,274.9267272949219,23.095684051513672,160.88999938964844
2020-05-27,208.86343383789065,279.0173645019531,23.08706283569336,161.17999267578125
2020-05-28,219.8404235839844,278.5025634765625,22.966365814208984,161.72000122070312
2020-05-29,220.6751251220703,279.7435607910156,22.931882858276367,162.91000366210938
2020-05-30,242.34559631347656,,,
2020-05-31,230.9757080078125,,,
2020-06-01,246.99176025390625,280.8742370605469,22.802568435668945,163.66000366210938
2020-06-02,237.21905517578125,283.199951171875,22.776702880859375,162.60000610351562
2020-06-03,244.1793212890625,286.9688415527344,22.638765335083008,159.60000610351562
2020-06-04,244.4263916015625,286.21502685546875,22.55255699157715,161.27999877929688
2020-06-05,241.22198486328125,293.5505676269531,22.59566116333008,158.00999450683594
2020-06-06,241.9313201904297,,,
2020-06-07,245.1672515869141,,,
2020-06-08,246.30990600585935,297.09881591796875,22.535316467285156,159.72000122070312
2020-06-09,244.9114532470703,294.8835144042969,22.466346740722656,161.25999450683594
2020-06-10,247.4449462890625,293.2380065917969,22.35427474975586,163.57000732421875
2020-06-11,231.70266723632812,276.3331298828125,22.57842063903809,162.38999938964844
2020-06-12,237.4932098388672,279.6424560546875,22.638765335083008,162.6199951171875
2020-06-13,238.90884399414065,,,
2020-06-14,234.1147003173828,,,
2020-06-15,229.9289093017578,282.2529602050781,22.54393768310547,162.3300018310547
2020-06-16,234.41616821289065,287.6857604980469,22.612905502319336,162.25
2020-06-17,233.0282745361328,286.49078369140625,22.63014793395996,162.55999755859375
2020-06-18,232.1011657714844,286.6011047363281,22.716358184814453,162.24000549316406
2020-06-19,227.13829040527344,284.9631652832031,22.74221992492676,164.02999877929688
2020-06-20,229.27426147460935,,,
2020-06-21,228.9898223876953,,,
2020-06-22,242.53318786621097,286.791259765625,22.621524810791016,165.08999633789062
2020-06-23,244.14215087890625,288.111572265625,22.54393768310547,166.47999572753906
2020-06-24,235.7724609375,280.76220703125,22.647390365600582,165.89999389648438
2020-06-25,232.94448852539065,283.77215576171875,22.681873321533203,165.8000030517578
2020-06-26,229.6680450439453,277.0321960449219,22.716358184814453,166.5399932861328
2020-06-27,222.9597930908203,,,
2020-06-28,225.34716796875,,,
2020-06-29,228.1948699951172,281.1038513183594,22.72497940063477,166.6300048828125
2020-06-30,226.31500244140625,284.7046813964844,22.690494537353516,167.3699951171875
2020-07-01,231.11341857910156,286.69891357421875,22.638765335083008,166.6199951171875
2020-07-02,229.39219665527344,288.2778015136719,22.6560115814209,166.97999572753906
2020-07-03,225.38706970214844,,,
2020-07-04,229.07411193847656,,,
2020-07-05,227.6645965576172,,,
2020-07-06,241.51022338867188,292.7279968261719,22.535316467285156,167.97999572753906
2020-07-07,239.07553100585935,289.70892333984375,22.58704376220703,169.0399932861328
2020-07-08,246.6700134277344,291.92474365234375,22.466346740722656,170.08999633789062
2020-07-09,243.01596069335935,290.26287841796875,22.54393768310547,169.6300048828125
2020-07-10,240.9849853515625,293.22662353515625,22.50945281982422,169.19000244140625
2020-07-11,239.4581756591797,,,
2020-07-12,242.13169860839844,,,
2020-07-13,239.6045837402344,290.68756103515625,22.4749698638916,169.39999389648438
2020-07-14,240.21148681640625,294.4546203613281,22.431865692138672,170.19000244140625
2020-07-15,238.42352294921875,297.1597900390625,22.371517181396484,170.33999633789062
2020-07-16,233.6408843994141,296.18109130859375,22.449106216430664,168.72999572753906
2020-07-17,232.77308654785156,297.039794921875,22.35427474975586,170.1199951171875
2020-07-18,235.4838104248047,,,
2020-07-19,238.48751831054688,,,
2020-07-20,236.15316772460935,299.44036865234375,22.31979179382324,170.94000244140625
2020-07-21,245.0167236328125,300.0774230957031,22.181854248046875,173.0
2020-07-22,262.1906433105469,301.7854309082031,22.121509552001953,175.6300048828125
2020-07-23,274.6890563964844,298.1846923828125,22.07840347290039,177.17999267578125
2020-07-24,279.2154235839844,296.2642517089844,21.983572006225582,178.6999969482422
2020-07-25,304.0567626953125,,,
2020-07-26,309.64361572265625,,,
2020-07-27,321.51409912109375,298.4247131347656,21.81977272033691,182.22999572753903
2020-07-28,316.6572570800781,296.53192138671875,21.854257583618164,183.75
2020-07-29,318.1908874511719,300.1789855957031,21.750804901123047,185.1300048828125
2020-07-30,334.5866394042969,299.1079406738281,21.664594650268555,183.7599945068359
2020-07-31,345.5546569824219,301.47149658203125,21.79391098022461,185.42999267578125
2020-08-01,385.19970703125,,,
2020-08-02,370.6717224121094,,,
2020-08-03,386.295166015625,303.5674133300781,21.79391098022461,185.63999938964844
2020-08-04,389.87548828125,304.739990234375,21.716320037841797,189.58999633789065
2020-08-05,401.590576171875,306.6326599121094,21.621488571166992,191.3500061035156
2020-08-06,394.9619445800781,308.68243408203125,21.621488571166992,193.88999938964844
2020-08-07,379.5128479003906,308.9040222167969,21.750804901123047,190.80999755859375
2020-08-08,393.98736572265625,,,
2020-08-09,391.1204528808594,,,
2020-08-10,395.8875732421875,309.8273010253906,21.785287857055664,190.1499938964844
2020-08-11,380.3840637207031,307.269775390625,21.81977272033691,179.94000244140625
2020-08-12,391.024169921875,311.5538635253906,21.750804901123047,179.10000610351562
2020-08-13,428.7417907714844,310.9906005859375,21.742183685302734,183.3300018310547
2020-08-14,437.3978271484375,310.9998779296875,21.707698822021484,182.5399932861328
2020-08-15,433.35491943359375,,,
2020-08-16,433.78662109375,,,
2020-08-17,429.53125,311.98773193359375,21.612869262695312,186.5
2020-08-18,423.6693115234375,312.6618347167969,21.49217414855957,188.17999267578125
2020-08-19,406.4637756347656,311.3599548339844,21.664594650268555,182.2400054931641
2020-08-20,416.4397888183594,312.329345703125,21.604246139526367,183.5
2020-08-21,389.1263427734375,313.43743896484375,21.707698822021484,182.02999877929688
2020-08-22,395.8351440429687,,,
2020-08-23,391.3844909667969,,,
2020-08-24,408.1441955566406,316.6134948730469,21.742183685302734,181.0
2020-08-25,384.00103759765625,317.72137451171875,21.664594650268555,181.22000122070312
2020-08-26,386.4661254882813,320.9067687988281,21.63873291015625,183.36000061035156
2020-08-27,382.6326293945313,321.6084289550781,21.664594650268555,181.2400054931641
2020-08-28,395.8746643066406,323.685791015625,21.49217414855957,184.38999938964844
2020-08-29,399.9214782714844,,,
2020-08-30,428.3957214355469,,,
2020-08-31,435.0797424316406,322.51324462890625,21.466310501098633,184.8300018310547
2020-09-01,477.0519104003906,325.5508117675781,21.509416580200195,185.0500030517578
2020-09-02,440.0404968261719,330.2596435546875,21.587005615234375,182.6199951171875
2020-09-03,385.67193603515625,318.8940124511719,21.595624923706055,181.13999938964844
2020-09-04,388.24114990234375,316.2903137207031,21.630109786987305,181.63999938964844
2020-09-05,335.26007080078125,,,
2020-09-06,353.3622741699219,,,
2020-09-07,352.6734924316406,,,
2020-09-08,337.60211181640625,307.6484069824219,21.742183685302734,181.2899932861328
2020-09-09,351.1100158691406,313.72357177734375,21.707698822021484,183.0500030517578
2020-09-10,368.1018981933594,308.2762145996094,21.750804901123047,182.4600067138672
2020-09-11,374.6955871582031,308.4331970214844,21.707698822021484,182.4499969482422
2020-09-12,387.18310546875,,,
2020-09-13,365.5700073242187,,,
2020-09-14,377.2688598632813,312.49560546875,21.655975341796875,183.88999938964844
2020-09-15,364.8392028808594,314.074462890625,21.67321395874023,183.4499969482422
2020-09-16,365.8122863769531,312.8279724121094,21.699079513549805,183.97000122070312
2020-09-17,389.0192260742187,310.0765380859375,21.621488571166992,182.9600067138672
2020-09-18,384.3645324707031,306.50677490234375,21.64735221862793,183.1999969482422
2020-09-19,385.54437255859375,,,
2020-09-20,371.0528259277344,,,
2020-09-21,341.78607177734375,303.0954284667969,21.80253028869629,179.52000427246094
2020-09-22,344.503173828125,306.1823425292969,21.88011932373047,178.64999389648438
2020-09-23,321.1163024902344,299.0816650390625,22.000812530517575,174.7899932861328
2020-09-24,349.3555908203125,299.8787841796875,21.96632957458496,175.44000244140625
2020-09-25,352.1832580566406,304.72698974609375,22.026676177978516,174.94000244140625
2020-09-26,355.48809814453125,,,
2020-09-27,357.4385070800781,,,
2020-09-28,355.159423828125,309.78826904296875,21.957706451416016,176.6999969482422
2020-09-29,359.75738525390625,308.1011962890625,21.854257583618164,178.19000244140625
2020-09-30,359.9378662109375,310.4372253417969,21.854257583618164,177.1199951171875
2020-10-01,353.2059020996094,312.43023681640625,21.81977272033691,178.6999969482422
2020-10-02,346.2389221191406,309.4638366699219,21.871498107910156,178.5399932861328
2020-10-03,346.5220947265625,,,
2020-10-04,352.5790100097656,,,
2020-10-05,353.956787109375,314.95159912109375,21.77666664123535,179.41000366210938
2020-10-06,340.81585693359375,310.47430419921875,21.83701515197754,177.3000030517578
2020-10-07,341.80865478515625,315.8785705566406,21.8111515045166,177.22000122070312
2020-10-08,350.7661437988281,318.6781005859375,21.80253028869629,177.85000610351562
2020-10-09,365.5904846191406,321.5238952636719,21.67321395874023,181.0800018310547
2020-10-10,370.9675903320313,,,
2020-10-11,375.1420593261719,,,
2020-10-12,387.7312622070313,326.6965026855469,21.64735221862793,180.55999755859375
2020-10-13,381.1907653808594,324.564453125,21.77666664123535,177.72000122070312
2020-10-14,379.4840393066406,322.52508544921875,21.724943161010746,178.27000427246094
2020-10-15,377.44183349609375,322.12640380859375,21.828393936157227,178.9199981689453
2020-10-16,366.22900390625,321.9317321777344,21.80253028869629,178.3000030517578
2020-10-17,368.8559265136719,,,
2020-10-18,378.2136840820313,,,
2020-10-19,379.93560791015625,317.03729248046875,21.73356056213379,178.38999938964844
2020-10-20,369.1369018554687,318.3072814941406,21.664594650268555,179.25
2020-10-21,392.1899719238281,317.7047424316406,21.552520751953125,180.6000061035156
2020-10-22,413.7729797363281,319.4473876953125,21.63873291015625,178.8300018310547
2020-10-23,409.7666931152344,320.5320129394531,21.587005615234375,178.63999938964844
2020-10-24,412.4576110839844,,,
2020-10-25,406.2177734375,,,
2020-10-26,393.8883056640625,314.608642578125,21.664594650268555,178.5500030517578
2020-10-27,403.9970397949219,313.5240478515625,21.621488571166992,179.02000427246094
2020-10-28,388.6507568359375,302.8081359863281,21.759424209594727,176.1300048828125
2020-10-29,386.7301025390625,305.8857116699219,21.84563446044922,175.39999389648438
2020-10-30,382.8199768066406,302.6969299316406,21.871498107910156,176.1999969482422
2020-10-31,386.59033203125,,,
2020-11-01,396.3581848144531,,,
2020-11-02,383.15673828125,306.08966064453125,21.897361755371097,177.91000366210938
2020-11-03,387.6021728515625,311.4939270019531,21.77666664123535,178.9199981689453
2020-11-04,402.1419982910156,318.4555969238281,21.742183685302734,178.82000732421875
2020-11-05,414.0673522949219,324.66632080078125,21.5352783203125,182.92999267578125
2020-11-06,454.71929931640625,324.5921936035156,21.457691192626953,183.19000244140625
2020-11-07,435.713134765625,,,
2020-11-08,453.5547790527344,,,
2020-11-09,444.1630554199219,328.6709899902344,21.595624923706055,175.0800018310547
2020-11-10,449.67962646484375,328.1888732910156,21.595624923706055,175.66000366210938
2020-11-11,462.9605407714844,330.6269226074219,21.621488571166992,174.89999389648438
2020-11-12,461.0052795410156,327.41949462890625,21.621488571166992,175.9600067138672
2020-11-13,474.6264343261719,331.9524230957031,21.578384399414062,177.16000366210938
2020-11-14,460.14984130859375,,,
2020-11-15,447.55908203125,,,
2020-11-16,459.9403076171875,336.0960388183594,21.52665901184082,177.14999389648438
2020-11-17,480.3600769042969,334.2883605957031,21.49217414855957,176.5
2020-11-18,479.4840698242187,330.2653503417969,21.500797271728516,175.49000549316406
2020-11-19,471.63043212890625,331.6557922363281,21.466310501098633,175.16000366210938
2020-11-20,509.74456787109375,329.38470458984375,21.49217414855957,175.69000244140625
2020-11-21,549.4866333007812,,,
2020-11-22,558.068115234375,,,
2020-11-23,608.4540405273438,331.3592224121094,21.52665901184082,172.22999572753906
2020-11-24,603.8977661132812,336.6986083984375,21.423206329345703,169.58999633789062
2020-11-25,570.6866455078125,336.17950439453125,21.38872337341309,169.50999450683594
2020-11-26,518.8011474609375,,,
2020-11-27,517.4937133789062,337.1157531738281,21.345619201660156,167.7899932861328
2020-11-28,538.2297973632812,,,
2020-11-29,575.758056640625,,,
2020-11-30,614.842529296875,335.6233825683594,21.39734268188477,166.6699981689453
2020-12-01,587.3241577148438,339.2941589355469,21.207679748535156,170.17999267578125
2020-12-02,598.3523559570312,340.0079345703125,21.18181610107422,171.4600067138672
2020-12-03,616.708740234375,339.91522216796875,21.069744110107425,172.80999755859375
2020-12-04,569.3541870117188,342.844482421875,21.095605850219727,172.32000732421875
2020-12-05,596.595458984375,,,
2020-12-06,601.9089965820312,,,
2020-12-07,591.8433837890625,342.1399841308594,21.13009262084961,174.88999938964844
2020-12-08,554.8277587890625,343.1411437988281,21.155956268310547,175.5
2020-12-09,573.4791259765625,340.0635681152344,21.164573669433594,172.5
2020-12-10,559.6785278320312,339.95233154296875,21.104228973388672,172.1699981689453
2020-12-11,545.79736328125,339.5536804199219,21.155956268310547,172.49000549316406
2020-12-12,568.5673217773438,,,
2020-12-13,589.6632080078125,,,
2020-12-14,586.0111694335938,338.033447265625,21.095605850219727,171.5399932861328
2020-12-15,589.3555908203125,342.603515625,21.02663803100586,173.94000244140625
2020-12-16,636.1818237304688,343.1411437988281,21.000776290893555,174.89999389648438
2020-12-17,642.8689575195312,345.05987548828125,20.88870429992676,176.74000549316406
2020-12-18,654.8119506835938,343.68218994140625,20.914566040039062,176.44000244140625
2020-12-19,659.2979125976562,,,
2020-12-20,638.2908325195312,,,
2020-12-21,609.81787109375,342.453369140625,20.957670211791992,175.8800048828125
2020-12-22,634.8541870117188,341.8760986328125,21.069744110107425,174.49000549316406
2020-12-23,583.714599609375,342.18341064453125,20.97491455078125,175.64999389648438
2020-12-24,611.607177734375,343.51458740234375,20.992156982421875,176.35000610351562
2020-12-25,626.4107055664062,,,
2020-12-26,635.8358154296875,,,
2020-12-27,682.642333984375,,,
2020-12-28,730.3973388671875,346.46575927734375,20.992156982421875,175.7100067138672
2020-12-29,731.5201416015625,345.8046569824219,20.923187255859375,176.35000610351562
2020-12-30,751.6189575195312,346.29815673828125,20.836978912353516,177.6999969482422
2020-12-31,737.8034057617188,348.0576171875,20.89732360839844,178.36000061035156
2021-01-01,730.3675537109375,,,
2021-01-02,774.5349731445312,,,
2021-01-03,975.5076904296876,,,
2021-01-04,1040.2330322265625,343.3191833496094,20.914566040039062,182.3300018310547
2021-01-05,1100.006103515625,345.68365478515625,20.793874740600582,182.8699951171875
2021-01-06,1207.1121826171875,347.7503662109375,20.768009185791016,179.89999389648438
2021-01-07,1225.6781005859375,352.9171447753906,20.88870429992676,179.47999572753906
2021-01-08,1224.1971435546875,354.9279479980469,20.923187255859375,173.33999633789062
2021-01-09,1281.0772705078125,,,
2021-01-10,1262.2467041015625,,,
2021-01-11,1090.1453857421875,352.535400390625,21.052501678466797,173.0
2021-01-12,1043.4345703125,352.60986328125,20.9404296875,174.1199951171875
2021-01-13,1130.7393798828125,353.5594177246094,21.009397506713867,173.3699951171875
2021-01-14,1218.4530029296875,352.3212890625,20.966291427612305,173.27999877929688
2021-01-15,1171.8345947265625,349.7519226074219,21.104228973388672,171.1300048828125
2021-01-16,1233.53759765625,,,
2021-01-17,1230.1722412109375,,,
2021-01-18,1257.279541015625,,,
2021-01-19,1377.2958984375,352.4981384277344,21.04388427734375,172.5800018310547
2021-01-20,1382.2740478515625,357.37628173828125,21.035261154174805,175.38999938964844
2021-01-21,1121.5709228515625,357.7021179199219,20.9404296875,175.27999877929688
2021-01-22,1236.51220703125,356.4359436035156,20.98353385925293,173.89999389648438
2021-01-23,1230.9906005859375,,,
2021-01-24,1391.609375,,,
2021-01-25,1324.414794921875,357.8416748046875,21.009397506713867,174.0500030517578
2021-01-26,1357.05810546875,357.28314208984375,20.949050903320312,173.6199951171875
2021-01-27,1253.1871337890625,348.55096435546875,21.078365325927734,172.52000427246094
2021-01-28,1332.4921875,351.548583984375,21.02663803100586,172.67999267578125
2021-01-29,1382.5228271484375,344.5107116699219,21.052501678466797,172.61000061035156
2021-01-30,1376.115478515625,,,
2021-01-31,1314.9862060546875,,,
2021-02-01,1369.04052734375,350.2452392578125,21.155956268310547,174.22999572753906
2021-02-02,1515.1937255859375,355.19781494140625,21.18181610107422,172.11000061035156
2021-02-03,1660.9095458984375,355.4770812988281,21.17319679260254,171.85000610351562
2021-02-04,1594.7626953125,359.517333984375,21.268028259277344,168.14999389648438
2021-02-05,1718.65087890625,360.9324340820313,21.14733505249023,169.80999755859375
2021-02-06,1677.8468017578125,,,
2021-02-07,1614.227783203125,,,
2021-02-08,1746.6168212890625,363.5390319824219,21.13871192932129,171.52000427246094
2021-02-09,1768.0350341796875,363.2970275878906,21.02663803100586,172.0800018310547
2021-02-10,1744.243408203125,363.1387023925781,21.01801872253418,172.7100067138672
2021-02-11,1783.7979736328125,363.7252197265625,21.009397506713867,171.2100067138672
2021-02-12,1843.5325927734375,365.52191162109375,21.02663803100586,170.69000244140625
2021-02-13,1814.10986328125,,,
2021-02-14,1805.0841064453125,,,
2021-02-15,1779.791015625,,,
2021-02-16,1781.0675048828125,365.2054138183594,21.02663803100586,168.24000549316406
2021-02-17,1848.458251953125,365.2892150878906,21.11284828186035,166.3300018310547
2021-02-18,1937.44921875,363.7344665527344,21.04388427734375,166.32000732421875
2021-02-19,1960.164794921875,363.0921325683594,20.992156982421875,167.00999450683594
2021-02-20,1919.5340576171875,,,
2021-02-21,1935.60107421875,,,
2021-02-22,1781.992919921875,360.2993469238281,20.931808471679688,169.50999450683594
2021-02-23,1570.2039794921875,360.7368469238281,20.949050903320312,169.1199951171875
2021-02-24,1626.57568359375,364.71197509765625,20.914566040039062,169.0
2021-02-25,1475.7037353515625,355.9239807128906,20.98353385925293,165.82000732421875
2021-02-26,1446.03369140625,354.09002685546875,21.13871192932129,161.80999755859375
2021-02-27,1459.97314453125,,,
2021-02-28,1416.0489501953125,,,
2021-03-01,1564.7076416015625,362.6732177734375,21.155956268310547,161.52999877929688
2021-03-02,1492.6087646484375,359.8432312011719,21.078365325927734,162.41000366210938
2021-03-03,1575.8531494140625,355.0768737792969,21.13871192932129,160.6199951171875
2021-03-04,1541.914306640625,350.68280029296875,21.276649475097656,159.0399932861328
2021-03-05,1533.2750244140625,357.13421630859375,21.35424041748047,159.13999938964844
2021-03-06,1654.7415771484375,,,
2021-03-07,1723.15380859375,,,
2021-03-08,1834.7279052734375,355.35601806640625,21.474931716918945,157.49000549316406
2021-03-09,1868.048828125,360.4296569824219,21.35424041748047,160.83999633789062
2021-03-10,1799.166259765625,362.6732177734375,21.319751739501953,161.66000366210938
2021-03-11,1826.1949462890625,366.3504333496094,21.2163028717041,161.52000427246094
2021-03-12,1772.1024169921875,366.8438415527344,21.28527069091797,161.49000549316406
2021-03-13,1924.6854248046875,,,
2021-03-14,1854.5643310546875,,,
2021-03-15,1791.7022705078125,369.031494140625,21.3283748626709,162.1999969482422
2021-03-16,1806.9718017578125,368.5660705566406,21.3283748626709,162.35000610351562
2021-03-17,1823.4493408203125,369.8227844238281,21.22492218017578,163.50999450683594
2021-03-18,1782.8551025390625,364.4420471191406,21.35424041748047,162.55999755859375
2021-03-19,1817.6241455078125,363.76763916015625,21.362857818603516,163.24000549316406
2021-03-20,1812.6346435546875,,,
2021-03-21,1788.217041015625,,,
2021-03-22,1691.333984375,366.67236328125,21.319751739501953,163.0
2021-03-23,1678.650146484375,363.7862854003906,21.449066162109375,161.80999755859375
2021-03-24,1593.4134521484375,361.9370422363281,21.500797271728516,162.3699951171875
2021-03-25,1595.3592529296875,363.9731140136719,21.561140060424805,161.77999877929688
2021-03-26,1702.842041015625,369.8385925292969,21.5352783203125,162.24000549316406
2021-03-27,1716.49462890625,,,
2021-03-28,1691.35595703125,,,
2021-03-29,1819.6849365234375,369.65179443359375,21.587005615234375,160.30999755859375
2021-03-30,1846.03369140625,368.6710815429687,21.67321395874023,157.57000732421875
2021-03-31,1918.362060546875,370.1654052734375,21.655975341796875,159.9600067138672
2021-04-01,1977.27685546875,374.1629028320313,21.561140060424805,161.97999572753906
2021-04-02,2143.2255859375,,,
2021-04-03,2028.4224853515625,,,
2021-04-04,2093.122802734375,,,
2021-04-05,2107.88720703125,379.5332946777344,21.49217414855957,161.9199981689453
2021-04-06,2118.37890625,379.30914306640625,21.440448760986328,163.22000122070312
2021-04-07,1971.0772705078125,379.7481384277344,21.466310501098633,162.75999450683594
2021-04-08,2088.57373046875,381.5507507324219,21.37148094177246,164.50999450683594
2021-04-09,2072.10888671875,384.3245849609375,21.38872337341309,163.27000427246094
2021-04-10,2135.942138671875,,,
2021-04-11,2157.656982421875,,,
2021-04-12,2139.353271484375,384.46478271484375,21.38010025024414,162.27999877929688
2021-04-13,2299.187744140625,385.6041870117187,21.30251121520996,163.42999267578125
2021-04-14,2435.10498046875,384.2872924804687,21.276649475097656,162.72000122070312
2021-04-15,2519.1162109375,388.4154968261719,21.276649475097656,165.35000610351562
2021-04-16,2431.946533203125,389.7136840820313,21.25078392028809,166.35000610351562
2021-04-17,2344.89501953125,,,
2021-04-18,2237.136962890625,,,
2021-04-19,2166.188720703125,387.7991027832031,21.13009262084961,165.88999938964844
2021-04-20,2330.2109375,384.9597778320313,21.164573669433594,166.47999572753906
2021-04-21,2364.751708984375,388.602294921875,21.13871192932129,168.1300048828125
2021-04-22,2403.53515625,385.05322265625,21.19906234741211,167.0399932861328
2021-04-23,2363.586181640625,389.22802734375,21.078365325927734,166.39999389648438
2021-04-24,2211.625732421875,,,
2021-04-25,2316.0595703125,,,
2021-04-26,2534.481689453125,390.0406188964844,21.078365325927734,166.83999633789062
2021-04-27,2662.865234375,389.95654296875,21.086986541748047,166.4199981689453
2021-04-28,2746.380126953125,389.8445434570313,21.009397506713867,166.91000366210938
2021-04-29,2756.876953125,392.3288879394531,21.01801872253418,166.22000122070312
2021-04-30,2773.20703125,389.7511291503906,21.190439224243164,165.66000366210938
2021-05-01,2945.892822265625,,,
2021-05-02,2952.05615234375,,,
2021-05-03,3431.086181640625,390.5916748046875,21.095605850219727,167.80999755859375
2021-05-04,3253.62939453125,388.1820373535156,21.190439224243164,166.5800018310547
2021-05-05,3522.783203125,388.3034362792969,21.18181610107422,167.27000427246094
2021-05-06,3490.88037109375,391.4043273925781,21.078365325927734,170.05999755859375
2021-05-07,3484.72900390625,394.25286865234375,20.923187255859375,171.58999633789062
2021-05-08,3902.647705078125,,,
2021-05-09,3928.8447265625,,,
2021-05-10,3952.2939453125,390.348876953125,20.923187255859375,172.11000061035156
2021-05-11,4168.701171875,386.8651123046875,20.905946731567383,172.13999938964844
2021-05-12,3785.8486328125,378.6460266113281,21.061124801635746,170.42999267578125
2021-05-13,3715.1484375,383.1945190429687,21.02663803100586,171.1300048828125
2021-05-14,4079.057373046875,389.07861328125,20.9404296875,172.69000244140625
2021-05-15,3638.1220703125,,,
2021-05-16,3587.506103515625,,,
2021-05-17,3282.397705078125,388.088623046875,20.914566040039062,174.6999969482422
2021-05-18,3380.070068359375,384.7449340820313,20.819734573364254,175.0399932861328
2021-05-19,2460.67919921875,383.7362060546875,20.914566040039062,175.16000366210938
2021-05-20,2784.294189453125,387.8644409179687,20.811113357543945,175.9600067138672
2021-05-21,2430.621337890625,387.546875,20.880083084106445,176.0399932861328
2021-05-22,2295.70556640625,,,
2021-05-23,2109.579833984375,,,
2021-05-24,2643.591064453125,391.4977416992187,20.82835578918457,176.35000610351562
2021-05-25,2706.62890625,390.6290283203125,20.802492141723633,177.9499969482422
2021-05-26,2888.69873046875,391.4043273925781,20.880083084106445,177.63999938964844
2021-05-27,2736.488525390625,391.6097106933594,20.862842559814453,177.7100067138672
2021-05-28,2419.90625,392.3102416992187,20.880083084106445,178.3800048828125
2021-05-29,2279.51416015625,,,
2021-05-30,2390.305419921875,,,
2021-05-31,2714.9453125,,,
2021-06-01,2633.518310546875,391.9647521972656,20.845598220825195,177.89999389648438
2021-06-02,2706.125,392.5810852050781,20.845598220825195,178.77000427246094
2021-06-03,2855.12646484375,391.1240234375,20.97491455078125,175.27000427246094
2021-06-04,2688.195068359375,394.7012634277344,20.89732360839844,177.16000366210938
2021-06-05,2630.576904296875,,,
2021-06-06,2715.0927734375,,,
2021-06-07,2590.26318359375,394.3182373046875,20.862842559814453,177.8699951171875
2021-06-08,2517.438720703125,394.4023132324219,20.88870429992676,177.32000732421875
2021-06-09,2608.26708984375,393.81390380859375,20.905946731567383,176.97999572753906
2021-06-10,2471.5185546875,395.6445007324219,20.88870429992676,177.74000549316406
2021-06-11,2353.768798828125,396.2983093261719,20.992156982421875,175.74000549316406
2021-06-12,2372.484375,,,
2021-06-13,2508.3916015625,,,
2021-06-14,2537.89111328125,397.185546875,20.97491455078125,174.7100067138672
2021-06-15,2610.936767578125,396.45709228515625,20.992156982421875,174.0500030517578
2021-06-16,2367.66357421875,394.2435302734375,21.164573669433594,171.11000061035156
2021-06-17,2372.001953125,394.11279296875,21.3283748626709,165.85000610351562
2021-06-18,2231.733154296875,388.7960510253906,21.39734268188477,164.92999267578125
2021-06-19,2178.4990234375,,,
2021-06-20,2246.364501953125,,,
2021-06-21,1888.447509765625,394.3619995117187,21.29388999938965,166.9499969482422
2021-06-22,1874.9500732421875,396.4703369140625,21.25940704345703,166.25
2021-06-23,1989.736328125,395.9924926757813,21.29388999938965,166.13999938964844
2021-06-24,1988.456298828125,398.3351440429687,21.276649475097656,166.0399932861328
2021-06-25,1813.21728515625,399.7500305175781,21.28527069091797,166.58999633789062
2021-06-26,1829.2392578125,,,
2021-06-27,1978.8946533203125,,,
2021-06-28,2079.657470703125,400.555908203125,21.29388999938965,166.5800018310547
2021-06-29,2160.768310546875,400.7714538574219,21.345619201660156,164.8300018310547
2021-06-30,2274.547607421875,401.1086730957031,21.405961990356445,165.6300048828125
2021-07-01,2113.60546875,403.32952880859375,21.466310501098633,166.1999969482422
2021-07-02,2150.040283203125,406.412353515625,21.38010025024414,167.2899932861328
2021-07-03,2226.1142578125,,,
2021-07-04,2321.72412109375,,,
2021-07-05,2198.58251953125,,,
2021-07-06,2324.679443359375,405.6720275878906,21.457691192626953,168.1199951171875
2021-07-07,2315.161865234375,407.1056823730469,21.49217414855957,168.75999450683594
2021-07-08,2120.0263671875,403.7886962890625,21.405961990356445,168.64999389648438
2021-07-09,2146.6923828125,408.0989990234375,21.35424041748047,169.2100067138672
2021-07-10,2111.403564453125,,,
2021-07-11,2139.664794921875,,,
2021-07-12,2036.7210693359375,409.5608825683594,21.38010025024414,169.0
2021-07-13,1940.083984375,408.1646728515625,21.509416580200195,169.22000122070312
2021-07-14,1994.331298828125,408.7736511230469,21.405961990356445,171.0399932861328
2021-07-15,1911.1756591796875,407.37750244140625,21.466310501098633,171.07000732421875
2021-07-16,1880.3829345703125,404.1822509765625,21.49217414855957,169.41000366210938
2021-07-17,1898.8251953125,,,
2021-07-18,1895.5521240234375,,,
2021-07-19,1817.296630859375,398.2132568359375,21.52665901184082,169.61000061035156
2021-07-20,1787.5107421875,403.91986083984375,21.552520751953125,169.38999938964844
2021-07-21,1990.9708251953125,407.1900939941406,21.500797271728516,168.75999450683594
2021-07-22,2025.2027587890625,408.0428161621094,21.52665901184082,169.08999633789062
2021-07-23,2124.776611328125,412.2407531738281,21.5352783203125,168.55999755859375
2021-07-24,2189.21875,,,
2021-07-25,2191.373779296875,,,
2021-07-26,2233.36669921875,413.2527160644531,21.466310501098633,168.16000366210938
2021-07-27,2298.33349609375,411.3692626953125,21.431827545166016,168.44000244140625
2021-07-28,2296.54541015625,411.2005920410156,21.37148094177246,169.2899932861328
2021-07-29,2380.956787109375,412.9060363769531,21.29388999938965,171.1699981689453
2021-07-30,2466.96142578125,410.90081787109375,21.35424041748047,169.82000732421875
2021-07-31,2536.2099609375,,,
2021-08-01,2561.85205078125,,,
2021-08-02,2610.1533203125,410.0386657714844,21.3283748626709,169.61000061035156
2021-08-03,2502.349609375,413.37451171875,21.336994171142575,169.49000549316406
2021-08-04,2724.619873046875,411.3411560058594,21.37148094177246,169.52999877929688
2021-08-05,2827.328857421875,413.9461364746094,21.37148094177246,168.86000061035156
2021-08-06,2890.941650390625,414.6301879882813,21.49217414855957,164.63999938964844
2021-08-07,3157.23876953125,,,
2021-08-08,3013.732666015625,,,
2021-08-09,3167.856201171875,414.2928466796875,21.5352783203125,161.72000122070312
2021-08-10,3141.691162109375,414.8083190917969,21.552520751953125,161.77000427246094
2021-08-11,3164.2451171875,415.8389587402344,21.509416580200195,164.0
2021-08-12,3043.414306640625,417.085205078125,21.5352783203125,164.0399932861328
2021-08-13,3322.211669921875,417.84423828125,21.431827545166016,166.38999938964844
2021-08-14,3265.443359375,,,
2021-08-15,3310.504150390625,,,
2021-08-16,3156.509521484375,418.828125,21.449066162109375,167.22000122070312
2021-08-17,3014.845947265625,416.08258056640625,21.578384399414062,166.97000122070312
2021-08-18,3020.08984375,411.528564453125,21.578384399414062,167.10000610351562
2021-08-19,3182.7021484375,412.1657409667969,21.68183708190918,166.61000061035156
2021-08-20,3286.935302734375,415.4454345703125,21.655975341796875,166.6999969482422
2021-08-21,3226.083984375,,,
2021-08-22,3242.115478515625,,,
2021-08-23,3319.25732421875,419.0999145507813,21.52665901184082,168.72999572753906
2021-08-24,3172.456298828125,419.76519775390625,21.509416580200195,168.64999389648438
2021-08-25,3224.915283203125,420.6460266113281,21.49217414855957,167.47999572753906
2021-08-26,3100.325439453125,418.1628112792969,21.552520751953125,167.6699981689453
2021-08-27,3270.600830078125,421.901611328125,21.457691192626953,170.19000244140625
2021-08-28,3244.4033203125,,,
2021-08-29,3227.002685546875,,,
2021-08-30,3224.374267578125,423.7569885253906,21.457691192626953,169.35000610351562
2021-08-31,3433.732666015625,423.1291198730469,21.457691192626953,169.69000244140625
2021-09-01,3834.828125,423.3539733886719,21.41458511352539,169.6999969482422
2021-09-02,3790.989990234375,424.656494140625,21.362857818603516,169.25
2021-09-03,3940.61474609375,424.5534057617187,21.319751739501953,171.05999755859375
2021-09-04,3887.828369140625,,,
2021-09-05,3952.133544921875,,,
2021-09-06,3928.37939453125,,,
2021-09-07,3426.394287109375,423.0354309082031,21.423206329345703,167.7100067138672
2021-09-08,3497.315185546875,422.52008056640625,21.457691192626953,167.2899932861328
2021-09-09,3427.340087890625,420.7115783691406,21.405961990356445,168.02999877929688
2021-09-10,3211.505859375,417.3944396972656,21.440448760986328,167.17999267578125
2021-09-11,3270.278076171875,,,
2021-09-12,3410.134521484375,,,
2021-09-13,3285.51171875,418.4627380371094,21.440448760986328,167.74000549316406
2021-09-14,3429.169677734375,416.2044067382813,21.440448760986328,168.82000732421875
2021-09-15,3615.28271484375,419.6808776855469,21.39734268188477,167.8300018310547
2021-09-16,3571.294921875,419.0155334472656,21.49217414855957,164.02999877929688
2021-09-17,3398.538818359375,414.9338684082031,21.569765090942383,163.77000427246094
2021-09-18,3432.018310546875,,,
2021-09-19,3329.447998046875,,,
2021-09-20,2958.993408203125,408.0151672363281,21.578384399414062,164.94000244140625
2021-09-21,2764.43115234375,407.6297912597656,21.561140060424805,166.0399932861328
2021-09-22,3077.867919921875,411.6061096191406,21.621488571166992,165.4199981689453
2021-09-23,3155.523681640625,416.6070861816406,21.5352783203125,163.50999450683594
2021-09-24,2931.669189453125,417.2933654785156,21.595624923706055,163.3000030517578
2021-09-25,2925.565673828125,,,
2021-09-26,3062.265380859375,,,
2021-09-27,2934.138916015625,416.09954833984375,21.621488571166992,163.63999938964844
2021-09-28,2807.296630859375,407.7143859863281,21.699079513549805,162.0500030517578
2021-09-29,2853.143310546875,408.400634765625,21.854257583618164,161.32000732421875
2021-09-30,3001.678955078125,403.408935546875,21.81977272033691,164.22000122070312
2021-10-01,3307.51611328125,408.2030944824219,21.77666664123535,164.58999633789062
2021-10-02,3391.6943359375,,,
2021-10-03,3418.358642578125,,,
2021-10-04,3380.089111328125,402.9389953613281,21.707698822021484,165.36000061035156
2021-10-05,3518.5185546875,407.1315002441406,21.750804901123047,164.58999633789062
2021-10-06,3580.56201171875,408.8236389160156,21.8111515045166,165.02999877929688
2021-10-07,3587.974853515625,412.358154296875,21.80253028869629,164.16000366210938
2021-10-08,3563.75927734375,411.6061096191406,21.785287857055664,164.22999572753906
2021-10-09,3575.716796875,,,
2021-10-10,3425.852783203125,,,
2021-10-11,3545.35400390625,408.6261901855469,21.84563446044922,163.9199981689453
2021-10-12,3492.5732421875,407.6203918457031,21.871498107910156,164.66000366210938
2021-10-13,3606.20166015625,409.0868225097656,21.750804901123047,167.58999633789062
2021-10-14,3786.01416015625,415.9678955078125,21.750804901123047,168.0
2021-10-15,3862.634765625,419.1358642578125,21.724943161010746,165.3300018310547
2021-10-16,3830.382080078125,,,
2021-10-17,3847.1044921875,,,
2021-10-18,3748.76025390625,420.376708984375,21.73356056213379,164.9199981689453
2021-10-19,3877.65087890625,423.6198425292969,21.68183708190918,165.4499969482422
2021-10-20,4155.9921875,425.2837829589844,21.64735221862793,166.89999389648438
2021-10-21,4054.32275390625,426.39300537109375,21.699079513549805,166.75
2021-10-22,3970.181884765625,425.95111083984375,21.655975341796875,167.77000427246094
2021-10-23,4171.66357421875,,,
2021-10-24,4087.903076171875,,,
2021-10-25,4217.876953125,428.2354431152344,21.69045639038086,168.92999267578125
2021-10-26,4131.10205078125,428.6208190917969,21.73356056213379,167.67999267578125
2021-10-27,3930.25732421875,426.7220458984375,21.724943161010746,168.1199951171875
2021-10-28,4287.31884765625,430.83935546875,21.595624923706055,168.0800018310547
2021-10-29,4414.74658203125,431.713623046875,21.768047332763672,166.64999389648438
2021-10-30,4325.650390625,,,
2021-10-31,4288.07421875,,,
2021-11-01,4324.626953125,432.4562683105469,21.699079513549805,167.52000427246094
2021-11-02,4584.798828125,434.2046813964844,21.750804901123047,167.16000366210938
2021-11-03,4607.19384765625,436.8556518554687,21.699079513549805,165.77000427246094
2021-11-04,4537.32421875,438.9143371582031,21.8111515045166,167.64999389648438
2021-11-05,4486.2431640625,440.4371948242187,21.79391098022461,169.83999633789062
2021-11-06,4521.5810546875,,,
2021-11-07,4620.5546875,,,
2021-11-08,4812.08740234375,440.8131713867187,21.750804901123047,170.4499969482422
2021-11-09,4735.06884765625,439.356201171875,21.724943161010746,171.2899932861328
2021-11-10,4636.17431640625,435.8216552734375,21.957706451416016,173.14999389648438
2021-11-11,4730.38427734375,435.9625549316406,22.009435653686523,174.1199951171875
2021-11-12,4667.115234375,439.2527465820313,21.983572006225582,174.4499969482422
2021-11-13,4651.46044921875,,,
2021-11-14,4626.35888671875,,,
2021-11-15,4557.50390625,439.4031677246094,22.104265213012695,174.17999267578125
2021-11-16,4216.365234375,441.1422729492187,22.190475463867188,172.9199981689453
2021-11-17,4287.59375,440.0706481933594,22.147371292114254,174.5
2021-11-18,4000.65087890625,441.5652160644531,22.087024688720703,173.94000244140625
2021-11-19,4298.306640625,440.7755432128906,22.1990966796875,172.61000061035156
2021-11-20,4409.93115234375,,,
2021-11-21,4269.73291015625,,,
2021-11-22,4088.457763671875,439.53472900390625,22.311168670654297,168.74000549316406
2021-11-23,4340.763671875,440.11761474609375,22.302549362182617,167.27999877929688
2021-11-24,4239.9814453125,441.2926025390625,22.38875961303711,167.1199951171875
2021-11-25,4274.7431640625,,,
2021-11-26,4030.908935546875,431.4504089355469,22.216339111328125,166.85000610351562
2021-11-27,4096.912109375,,,
2021-11-28,4294.45361328125,,,
2021-11-29,4445.10498046875,436.7428588867187,22.259443283081055,166.6199951171875
2021-11-30,4631.47900390625,428.2448120117187,22.155990600585938,165.5
2021-12-01,4586.990234375,423.48828125,22.216339111328125,166.16000366210938
2021-12-02,4511.30224609375,429.974609375,22.224958419799805,165.24000549316406
2021-12-03,4220.7060546875,426.2332458496094,22.216339111328125,166.6300048828125
2021-12-04,4119.58740234375,,,
2021-12-05,4198.32275390625,,,
2021-12-06,4358.7373046875,431.28118896484375,22.250822067260746,166.22000122070312
2021-12-07,4315.0615234375,440.2021484375,22.259443283081055,166.80999755859375
2021-12-08,4439.35791015625,441.3678588867187,22.155990600585938,166.89999389648438
2021-12-09,4119.81591796875,438.3879089355469,22.233583450317383,165.8800048828125
2021-12-10,3908.49609375,442.5146789550781,22.1990966796875,166.5800018310547
2021-12-11,4084.452392578125,,,
2021-12-12,4134.453125,,,
2021-12-13,3784.226806640625,438.5947265625,22.268062591552734,167.0
2021-12-14,3745.4404296875,435.57720947265625,22.311168670654297,165.44000244140625
2021-12-15,4018.388671875,442.383056640625,22.276687622070312,166.14999389648438
2021-12-16,3962.4697265625,438.48193359375,22.181854248046875,168.16000366210938
2021-12-17,3879.486572265625,433.815185546875,22.33703231811523,167.8000030517578
2021-12-18,3960.860107421875,,,
2021-12-19,3922.592529296875,,,
2021-12-20,3933.844482421875,429.2022705078125,22.311168670654297,167.08999633789062
2021-12-21,4020.260009765625,436.824462890625,22.285306930541992,167.02000427246094
2021-12-22,3982.099609375,441.1921081542969,22.1990966796875,168.58999633789062
2021-12-23,4108.015625,443.937255859375,22.181854248046875,168.97000122070312
2021-12-24,4047.98291015625,,,
2021-12-25,4093.281005859375,,,
2021-12-26,4067.328125,,,
2021-12-27,4037.547607421875,450.2199401855469,22.190475463867188,169.3699951171875
2021-12-28,3800.89306640625,449.8520202636719,22.216339111328125,168.63999938964844
2021-12-29,3628.53173828125,450.427490234375,22.155990600585938,168.58999633789062
2021-12-30,3713.85205078125,449.1822204589844,22.190475463867188,169.8000030517578
2021-12-31,3682.6328125,448.05023193359375,22.095643997192383,170.9600067138672
2022-01-01,3769.697021484375,,,
2022-01-02,3829.56494140625,,,
2022-01-03,3761.38037109375,450.64447021484375,22.233583450317383,168.3300018310547
2022-01-04,3794.056640625,450.4934997558594,22.250822067260746,169.57000732421875
2022-01-05,3550.386962890625,441.8430480957031,22.224958419799805,169.05999755859375
2022-01-06,3418.408203125,441.4279174804687,22.24220085144043,166.99000549316406
2022-01-07,3193.21044921875,439.6828002929687,22.121509552001953,167.75
2022-01-08,3091.97265625,,,
2022-01-09,3157.75146484375,,,
2022-01-10,3083.097900390625,439.1356506347656,22.17323303222656,168.25999450683594
2022-01-11,3238.111572265625,443.1354064941406,22.07840347290039,170.2899932861328
2022-01-12,3372.25830078125,444.33349609375,21.93184471130371,170.74000549316406
2022-01-13,3248.28857421875,438.211181640625,21.92322540283203,170.16000366210938
2022-01-14,3310.00146484375,438.3904113769531,21.983572006225582,169.6699981689453
2022-01-15,3330.53076171875,,,
2022-01-16,3350.921875,,,
2022-01-17,3212.304931640625,,,
2022-01-18,3164.025146484375,430.6266479492187,22.121509552001953,169.38999938964844
2022-01-19,3095.825927734375,426.15521240234375,22.069780349731445,172.0800018310547
2022-01-20,3001.1201171875,421.4385681152344,22.138750076293945,171.64999389648438
2022-01-21,2557.931640625,413.1654357910156,22.07840347290039,171.08999633789062
2022-01-22,2405.18115234375,,,
2022-01-23,2535.0390625,,,
2022-01-24,2440.352294921875,414.9200439453125,22.147371292114254,172.02999877929688
2022-01-25,2455.93505859375,409.8543090820313,22.155990600585938,172.5800018310547
2022-01-26,2468.0302734375,408.82611083984375,22.276687622070312,169.7899932861328
2022-01-27,2423.001220703125,406.8072509765625,22.466346740722656,167.60000610351562
2022-01-28,2547.092041015625,416.9104919433594,22.457727432250977,167.10000610351562
2022-01-29,2597.084716796875,,,
2022-01-30,2603.466552734375,,,
2022-01-31,2688.27880859375,424.41949462890625,22.302549362182617,168.08999633789062
2022-02-01,2792.1171875,427.2872924804687,22.24220085144043,168.22999572753906
2022-02-02,2682.85400390625,431.43792724609375,22.155990600585938,168.83999633789062
2022-02-03,2679.16259765625,421.2970581054687,22.043916702270508,168.60000610351562
2022-02-04,2983.5869140625,423.2781066894531,22.026676177978516,168.86000061035156
2022-02-05,3014.648193359375,,,
2022-02-06,3057.47607421875,,,
2022-02-07,3142.470703125,421.9197082519531,22.035297393798828,170.11000061035156
2022-02-08,3122.608642578125,425.39111328125,22.069780349731445,170.6300048828125
2022-02-09,3239.45703125,431.6171569824219,22.043916702270508,171.2100067138672
2022-02-10,3077.482177734375,423.8629760742187,22.07840347290039,170.55999755859375
2022-02-11,2927.383544921875,415.5048522949219,22.17323303222656,173.80999755859375
2022-02-12,2917.36279296875,,,
2022-02-13,2883.46337890625,,,
2022-02-14,2933.47900390625,414.1464538574219,22.233583450317383,174.74000549316406
2022-02-15,3179.877197265625,420.8253784179687,22.147371292114254,173.0800018310547
2022-02-16,3127.830078125,421.2970581054687,22.104265213012695,174.86000061035156
2022-02-17,2881.48193359375,412.2975769042969,22.112884521484375,177.25
2022-02-18,2785.7275390625,409.62786865234375,22.17323303222656,177.1199951171875
2022-02-19,2763.701171875,,,
2022-02-20,2628.6484375,,,
2022-02-21,2573.816162109375,,,
2022-02-22,2639.29931640625,405.23187255859375,22.181854248046875,177.49000549316406
2022-02-23,2590.359619140625,398.043701171875,22.207719802856445,178.2899932861328
2022-02-24,2598.067138671875,404.0338134765625,22.38875961303711,177.13999938964844
2022-02-25,2764.53564453125,412.9483947753906,22.276687622070312,176.5500030517578
2022-02-26,2781.11181640625,,,
2022-02-27,2621.8017578125,,,
2022-02-28,2919.201171875,411.8918762207031,22.311168670654297,178.3800048828125
2022-03-01,2972.485107421875,405.6186218261719,22.48358917236328,181.6199951171875
2022-03-02,2950.118408203125,413.0804443359375,22.466346740722656,179.72999572753906
2022-03-03,2834.468994140625,411.02398681640625,22.55255699157715,180.8000030517578
2022-03-04,2617.156005859375,407.6845703125,22.72497940063477,183.67999267578125
2022-03-05,2664.8310546875,,,
2022-03-06,2555.037353515625,,,
2022-03-07,2497.771240234375,395.6663818359375,22.888776779174805,186.41000366210935
2022-03-08,2576.74755859375,392.6665954589844,22.845672607421875,191.5099945068359
2022-03-09,2729.783447265625,403.19427490234375,22.621524810791016,185.82000732421875
2022-03-10,2608.048583984375,401.37359619140625,22.73360061645508,186.3999938964844
2022-03-11,2559.56298828125,396.2701721191406,22.854293823242188,185.08999633789065
2022-03-12,2574.754150390625,,,
2022-03-13,2518.944580078125,,,
2022-03-14,2590.696044921875,393.3741149902344,22.845672607421875,182.3000030517578
2022-03-15,2620.149658203125,402.0245361328125,22.819807052612305,178.88999938964844
2022-03-16,2772.0556640625,410.9391479492187,22.6560115814209,180.00999450683594
2022-03-17,2814.8544921875,416.080322265625,22.604284286499023,180.88999938964844
2022-03-18,2945.343017578125,420.6375427246094,22.63014793395996,179.3000030517578
2022-03-19,2946.257080078125,,,
2022-03-20,2860.459228515625,,,
2022-03-21,2897.9765625,420.5146484375,22.716358184814453,180.6699981689453
2022-03-22,2973.131103515625,425.4351806640625,22.707735061645508,179.36000061035156
2022-03-23,3031.067138671875,419.9562683105469,22.73360061645508,181.80999755859375
2022-03-24,3108.06201171875,426.286865234375,22.759462356567383,183.1300048828125
2022-03-25,3106.67138671875,428.3686828613281,22.768083572387695,182.3800048828125
2022-03-26,3143.178955078125,,,
2022-03-27,3291.57763671875,,,
2022-03-28,3336.634521484375,431.4156799316406,22.83705139160156,179.05999755859375
2022-03-29,3401.98779296875,436.7525939941406,22.699115753173828,179.13999938964844
2022-03-30,3385.157958984375,434.0557556152344,22.57842063903809,180.5800018310547
2022-03-31,3281.642822265625,427.3751220703125,22.67325210571289,180.6499938964844
2022-04-01,3449.55224609375,428.5862426757813,22.707735061645508,179.5
2022-04-02,3445.059326171875,,,
2022-04-03,3522.83349609375,,,
2022-04-04,3521.2412109375,432.2578430175781,22.811187744140625,180.3699951171875
2022-04-05,3411.79248046875,426.7978515625,22.931882858276367,179.24000549316406
2022-04-06,3171.69189453125,422.53021240234375,22.94912338256836,179.66000366210938
2022-04-07,3233.274658203125,424.6592102050781,22.99222946166992,180.33999633789065
2022-04-08,3192.073974609375,423.5237731933594,22.99222946166992,181.47000122070312
2022-04-09,3261.916259765625,,,
2022-04-10,3211.866943359375,,,
2022-04-11,2981.05224609375,416.2847595214844,23.043954849243164,182.3699951171875
2022-04-12,3030.37646484375,414.7422790527344,23.121543884277344,183.77000427246097
2022-04-13,3118.34423828125,419.49261474609375,23.02671241760254,184.6499938964844
2022-04-14,3019.909423828125,414.2691955566406,23.130165100097656,184.0399932861328
2022-04-15,3040.91650390625,,,
2022-04-16,3062.310302734375,,,
2022-04-17,2993.4033203125,,,
2022-04-18,3057.606689453125,414.43951416015625,23.22499656677246,184.61000061035156
2022-04-19,3104.1064453125,421.1296691894531,23.276723861694336,181.82000732421875
2022-04-20,3077.745849609375,420.81744384765625,23.11292266845703,182.7100067138672
2022-04-21,2987.480712890625,414.5246276855469,23.1818904876709,182.05999755859375
2022-04-22,2964.835693359375,403.1504821777344,23.319828033447266,180.2899932861328
2022-04-23,2938.114013671875,,,
2022-04-24,2922.732666015625,,,
2022-04-25,3009.3935546875,405.4877624511719,23.431901931762695,177.0500030517578
2022-04-26,2808.29833984375,393.7444763183594,23.578458786010746,177.32000732421875
2022-04-27,2888.9296875,394.8516540527344,23.725013732910156,175.97999572753906
2022-04-28,2936.94091796875,404.8253173828125,23.862951278686523,176.92999267578125
2022-04-29,2815.601806640625,389.8648376464844,23.76811981201172,176.91000366210938
2022-04-30,2730.186767578125,,,
2022-05-01,2827.756103515625,,,
2022-05-02,2857.410400390625,392.2115783691406,23.888813018798828,173.6300048828125
2022-05-03,2783.476318359375,394.0094299316406,23.8457088470459,174.08999633789062
2022-05-04,2940.644775390625,406.0081787109375,23.64742660522461,175.8000030517578
2022-05-05,2749.213134765625,391.5774841308594,23.8457088470459,175.1300048828125
2022-05-06,2694.979736328125,389.2402648925781,23.888813018798828,175.4199981689453
2022-05-07,2636.093017578125,,,
2022-05-08,2517.4599609375,,,
2022-05-09,2245.430419921875,376.77783203125,23.89743423461914,172.8800048828125
2022-05-10,2343.510986328125,377.64837646484375,23.94916343688965,171.4199981689453
2022-05-11,2072.108642578125,371.64898681640625,23.97502326965332,172.82000732421875
2022-05-12,1961.7015380859375,371.2610473632813,24.181928634643555,170.1699981689453
2022-05-13,2014.418212890625,380.1370849609375,24.112958908081055,168.7899932861328
2022-05-14,2056.27392578125,,,
2022-05-15,2145.706787109375,,,
2022-05-16,2022.7259521484375,378.5946044921875,24.018131256103516,170.39999389648438
2022-05-17,2090.4091796875,386.3824768066406,23.81984519958496,169.3300018310547
2022-05-18,1916.6561279296875,370.8067932128906,23.940540313720703,169.4199981689453
2022-05-19,2018.336181640625,368.5357971191406,23.69053077697754,171.91000366210938
2022-05-20,1961.315673828125,368.6965942382813,23.742258071899418,172.02999877929688
2022-05-21,1974.518310546875,,,
2022-05-22,2043.170166015625,,,
2022-05-23,1972.181884765625,375.5950012207031,23.526731491088867,172.8300018310547
2022-05-24,1978.9827880859375,372.7277526855469,23.457761764526367,174.1300048828125
2022-05-25,1944.827880859375,376.020751953125,23.543973922729492,173.0800018310547
2022-05-26,1803.913330078125,383.5342102050781,23.466384887695312,172.75999450683594
2022-05-27,1724.9228515625,392.9495849609375,23.414655685424805,172.85000610351562
2022-05-28,1757.9417724609375,,,
2022-05-29,1812.031005859375,,,
2022-05-30,1996.4412841796875,,,
2022-05-31,1942.3280029296875,390.7448425292969,23.457761764526367,171.13999938964844
2022-06-01,1823.5693359375,387.5842895507813,23.638805389404297,172.22999572753906
2022-06-02,1834.1505126953125,394.9652099609375,23.431901931762695,174.35000610351562
2022-06-03,1775.07861328125,388.4832458496094,23.53535270690918,172.5800018310547
2022-06-04,1801.6094970703125,,,
2022-06-05,1805.2049560546875,,,
2022-06-06,1859.2896728515625,389.666015625,23.587080001831055,171.82000732421875
2022-06-07,1814.04833984375,393.40380859375,23.561216354370117,172.94000244140625
2022-06-08,1793.572265625,389.1266784667969,23.630184173583984,172.77999877929688
2022-06-09,1789.8260498046875,379.8721008300781,23.80260467529297,172.22999572753906
2022-06-10,1665.042236328125,368.8575134277344,23.992267608642575,174.5399932861328
2022-06-11,1529.6634521484375,,,
2022-06-12,1445.216552734375,,,
2022-06-13,1204.582763671875,354.8526306152344,24.225034713745117,169.92999267578125
2022-06-14,1211.662841796875,353.7833251953125,24.27676010131836,168.57000732421875
2022-06-15,1233.2064208984375,358.82696533203125,24.08709716796875,170.77000427246094
2022-06-16,1067.730712890625,346.95123291015625,23.85433006286621,172.69000244140625
2022-06-17,1086.519287109375,347.6992492675781,24.095720291137695,171.27000427246094
2022-06-18,993.6367797851562,,,
2022-06-19,1127.656494140625,,,
2022-06-20,1127.6424560546875,,,
2022-06-21,1124.8245849609375,356.4520263671875,24.00950813293457,170.6300048828125
2022-06-22,1051.421875,355.8058166503906,23.97502326965332,171.30999755859375
2022-06-23,1143.38671875,359.2935791015625,24.000886917114254,170.25999450683594
2022-06-24,1226.8447265625,370.7169799804687,23.94916343688965,170.08999633789062
2022-06-25,1243.4468994140625,,,
2022-06-26,1199.8316650390625,,,
2022-06-27,1193.6806640625,369.3009338378906,23.90605735778809,169.89999389648438
2022-06-28,1144.5792236328125,361.7550964355469,24.043991088867188,169.6199951171875
2022-06-29,1098.94384765625,361.46044921875,24.181928634643555,169.49000549316406
2022-06-30,1067.298828125,358.5238342285156,24.104339599609375,168.4600067138672
2022-07-01,1059.767333984375,362.3157958984375,24.181928634643555,168.32000732421875
2022-07-02,1066.5128173828125,,,
2022-07-03,1073.7669677734375,,,
2022-07-04,1151.05908203125,,,
2022-07-05,1134.541015625,363.0000305175781,24.526769638061523,164.75
2022-07-06,1186.9739990234375,364.2259826660156,24.63884162902832,162.13999938964844
2022-07-07,1237.5933837890625,369.6809997558594,24.647464752197266,162.22999572753906
2022-07-08,1222.5062255859375,369.3769836425781,24.630220413208008,162.3000030517578
2022-07-09,1216.978271484375,,,
2022-07-10,1168.401611328125,,,
2022-07-11,1097.236572265625,365.1573486328125,24.914714813232425,161.42999267578125
2022-07-12,1038.191650390625,361.9261169433594,24.906091690063477,160.8300018310547
2022-07-13,1113.587158203125,360.025390625,24.85436630249023,161.60000610351562
2022-07-14,1191.5262451171875,359.1510925292969,25.02678871154785,159.3300018310547
2022-07-15,1233.129150390625,366.0127258300781,24.880231857299805,159.00999450683594
2022-07-16,1352.62646484375,,,
2022-07-17,1338.6357421875,,,
2022-07-18,1578.7178955078125,362.9905700683594,24.74229431152344,159.16000366210938
2022-07-19,1542.9752197265625,372.7982482910156,24.58711624145508,159.5399932861328
2022-07-20,1520.20068359375,375.1741333007813,24.656084060668945,158.0399932861328
2022-07-21,1576.74951171875,378.99456787109375,24.58711624145508,160.27000427246094
2022-07-22,1537.4051513671875,375.478271484375,24.552631378173828,160.6699981689453
2022-07-23,1549.2974853515625,,,
2022-07-24,1599.4766845703125,,,
2022-07-25,1445.3834228515625,375.9344482421875,24.51814842224121,160.22999572753906
2022-07-26,1441.8067626953125,371.4867858886719,24.707809448242188,160.0399932861328
2022-07-27,1636.232666015625,381.1329650878906,24.500905990600582,161.6699981689453
2022-07-28,1725.4681396484375,385.9132080078125,24.48366355895996,163.63999938964844
2022-07-29,1727.406982421875,391.5393981933594,24.38883399963379,164.10000610351562
2022-07-30,1695.969482421875,,,
2022-07-31,1681.517333984375,,,
2022-08-01,1635.19580078125,390.3799133300781,24.294002532958984,165.02999877929688
2022-08-02,1632.9454345703125,387.8045043945313,24.449180603027344,164.0500030517578
2022-08-03,1618.87451171875,393.8772888183594,24.51814842224121,164.4499969482422
2022-08-04,1608.205810546875,393.6111755371094,24.36297035217285,167.1699981689453
2022-08-05,1732.254638671875,392.9459228515625,24.569873809814453,165.2899932861328
2022-08-06,1691.6580810546875,,,
2022-08-07,1699.350830078125,,,
2022-08-08,1775.51611328125,392.48974609375,24.535388946533203,166.69000244140625
2022-08-09,1703.0250244140625,390.93115234375,24.5095272064209,167.1999969482422
2022-08-10,1851.74267578125,399.1422424316406,24.242277145385746,166.77999877929688
2022-08-11,1881.22412109375,399.1422424316406,24.259517669677734,166.33999633789062
2022-08-12,1957.2464599609375,405.8993225097656,24.35434913635254,167.8699951171875
2022-08-13,1981.3365478515625,,,
2022-08-14,1936.802001953125,,,
2022-08-15,1904.2281494140625,407.5719299316406,24.569873809814453,165.7100067138672
2022-08-16,1878.139404296875,408.3702697753906,24.56125259399414,165.4199981689453
2022-08-17,1832.9996337890625,405.4716491699219,24.59573745727539,164.35000610351562
2022-08-18,1847.0078125,406.650146484375,24.785400390625,163.9199981689453
2022-08-19,1612.9873046875,401.185546875,24.94057846069336,162.72000122070312
2022-08-20,1577.0037841796875,,,
2022-08-21,1619.3189697265625,,,
2022-08-22,1622.505859375,392.8319396972656,25.14748191833496,161.63999938964844
2022-08-23,1662.7698974609375,391.881591796875,25.04402732849121,162.77000427246094
2022-08-24,1657.0592041015625,393.135986328125,25.06127166748047,163.25
2022-08-25,1696.45703125,398.68609619140625,25.018165588378903,163.75
2022-08-26,1507.7828369140625,385.19091796875,25.11299705505371,161.75999450683594
2022-08-27,1491.39501953125,,,
2022-08-28,1430.54736328125,,,
2022-08-29,1553.037353515625,382.6440124511719,25.12161636352539,161.86000061035156
2022-08-30,1523.8388671875,378.4433898925781,25.11299705505371,160.50999450683594
2022-08-31,1553.6849365234375,375.5637817382813,25.09575843811035,159.27000427246094
2022-09-01,1586.1767578125,376.74224853515625,25.319902420043945,157.8699951171875
2022-09-02,1577.220458984375,372.7697448730469,25.328521728515625,159.25999450683594
2022-09-03,1556.8726806640625,,,
2022-09-04,1577.6416015625,,,
2022-09-05,1617.1832275390625,,,
2022-09-06,1561.74853515625,371.3631896972656,25.475078582763672,158.3300018310547
2022-09-07,1629.9063720703125,378.03472900390625,25.29404067993164,159.94000244140625
2022-09-08,1635.34765625,380.5056457519531,25.34576416015625,158.97999572753906
2022-09-09,1719.08544921875,386.4169006347656,25.164722442626953,159.82000732421875
2022-09-10,1776.2037353515625,,,
2022-09-11,1761.800048828125,,,
2022-09-12,1713.7652587890625,390.5700073242187,25.035409927368164,160.6300048828125
2022-09-13,1580.7879638671875,373.5870666503906,25.3802490234375,158.5399932861328
2022-09-14,1634.7550048828125,375.01263427734375,25.328521728515625,157.92999267578125
2022-09-15,1471.6934814453125,370.7550048828125,25.34576416015625,154.97999572753906
2022-09-16,1432.44775390625,367.9264526367187,25.34576416015625,155.83999633789062
2022-09-17,1469.74169921875,,,
2022-09-18,1335.3291015625,,,
2022-09-19,1377.5413818359375,370.7796936035156,25.328521728515625,155.9600067138672
2022-09-20,1324.38818359375,366.5237121582031,25.44921875,155.07000732421875
2022-09-21,1252.6077880859375,360.13018798828125,25.69922637939453,155.7899932861328
2022-09-22,1327.68017578125,357.1051025390625,25.73371124267578,155.6999969482422
2022-09-23,1328.259521484375,351.12188720703125,26.138896942138672,153.00999450683594
2022-09-24,1317.9932861328125,,,
2022-09-25,1294.216796875,,,
2022-09-26,1335.3201904296875,347.6484069824219,26.4320125579834,151.22999572753906
2022-09-27,1330.127685546875,346.76092529296875,26.44063377380371,151.5399932861328
2022-09-28,1337.410888671875,353.5838928222656,26.095792770385746,154.69000244140625
2022-09-29,1335.65234375,346.1979064941406,25.992340087890625,154.66000366210938
2022-09-30,1327.9786376953125,340.8444519042969,25.992340087890625,154.6699981689453
2022-10-01,1311.6444091796875,,,
2022-10-02,1276.093505859375,,,
2022-10-03,1323.439208984375,349.84320068359375,25.871644973754883,158.42999267578125
2022-10-04,1362.1265869140625,360.6836242675781,25.51818466186523,160.6999969482422
2022-10-05,1352.837158203125,359.84393310546875,25.75957298278809,159.80999755859375
2022-10-06,1351.70947265625,356.1318054199219,26.01820182800293,159.6300048828125
2022-10-07,1332.5169677734375,346.1979064941406,26.121654510498047,157.8800048828125
2022-10-08,1315.50048828125,,,
2022-10-09,1322.604248046875,,,
2022-10-10,1291.337646484375,343.5545959472656,26.233728408813477,155.47999572753906
2022-10-11,1279.57568359375,341.37884521484375,26.2509708404541,155.16000366210938
2022-10-12,1294.9063720703125,340.25286865234375,26.2509708404541,155.99000549316406
2022-10-13,1288.1239013671875,349.23248291015625,26.078550338745117,154.91000366210938
2022-10-14,1297.422119140625,341.27392578125,26.25959014892578,152.97999572753906
2022-10-15,1274.8717041015625,,,
2022-10-16,1306.296630859375,,,
2022-10-17,1331.713623046875,350.0436096191406,25.992340087890625,153.4199981689453
2022-10-18,1310.447021484375,354.156494140625,25.97509765625,153.75
2022-10-19,1285.7442626953125,351.6467590332031,26.16476058959961,151.69000244140625
2022-10-20,1283.200927734375,348.6980285644531,26.18200302124023,151.4499969482422
2022-10-21,1299.9464111328125,357.1719665527344,25.95785903930664,154.14999389648438
2022-10-22,1314.2991943359375,,,
2022-10-23,1363.447021484375,,,
2022-10-24,1344.99853515625,361.54248046875,25.98371696472168,153.64999389648438
2022-10-25,1461.6654052734375,367.3157958984375,25.69922637939453,154.0
2022-10-26,1566.566650390625,364.54840087890625,25.431974411010746,154.97999572753906
2022-10-27,1514.3748779296875,362.6017456054687,25.63025665283203,154.74000549316406
2022-10-28,1555.4779052734375,371.2282409667969,25.673362731933594,153.16000366210938
2022-10-29,1619.698486328125,,,
2022-10-30,1590.7833251953125,,,
2022-10-31,1572.7144775390625,368.5467529296875,25.88888931274414,151.91000366210938
2022-11-01,1579.70458984375,366.9341125488281,25.880268096923828,153.4600067138672
2022-11-02,1519.7117919921875,357.7254638671875,25.992340087890625,152.38999938964844
2022-11-03,1531.541748046875,354.0419921875,26.20786476135254,151.80999755859375
2022-11-04,1645.0933837890625,359.1376953125,25.716466903686523,156.47000122070312
2022-11-05,1627.968017578125,,,
2022-11-06,1572.2347412109375,,,
2022-11-07,1568.59130859375,362.5730590820313,25.569910049438477,155.85000610351562
2022-11-08,1332.8355712890625,364.529296875,25.45783805847168,159.4499969482422
2022-11-09,1100.1697998046875,357.0191955566406,25.64750099182129,158.64999389648438
2022-11-10,1299.464599609375,376.6389770507813,25.06127166748047,163.47999572753906
2022-11-11,1287.2210693359375,380.2843017578125,24.699188232421875,164.55999755859375
2022-11-12,1255.268310546875,,,
2022-11-13,1221.8192138671875,,,
2022-11-14,1241.604248046875,377.0492858886719,24.811262130737305,164.9199981689453
2022-11-15,1251.7362060546875,380.2651062011719,24.725053787231445,165.5
2022-11-16,1215.6025390625,377.3641662597656,24.67332649230957,165.1199951171875
2022-11-17,1200.80859375,376.20953369140625,24.768157958984375,163.9199981689453
2022-11-18,1212.30029296875,377.9176940917969,24.83712577819824,162.7899932861328
2022-11-19,1218.4267578125,,,
2022-11-20,1142.4666748046875,,,
2022-11-21,1108.35302734375,376.5434875488281,25.052648544311523,161.8800048828125
2022-11-22,1135.1734619140625,381.6106567382813,24.897472381591797,162.07000732421875
2022-11-23,1183.1995849609375,384.0154418945313,24.63884162902832,163.0800018310547
2022-11-24,1203.983154296875,,,
2022-11-25,1198.9259033203125,383.9295654296875,24.63884162902832,163.22000122070312
2022-11-26,1205.89794921875,,,
2022-11-27,1195.126953125,,,
2022-11-28,1170.086181640625,377.80316162109375,24.819883346557617,161.92999267578125
2022-11-29,1216.9012451171875,377.1542663574219,24.862987518310547,162.72999572753906
2022-11-30,1295.6885986328125,389.0348815917969,24.664705276489254,164.80999755859375
2022-12-01,1276.27392578125,388.7485656738281,24.36297035217285,167.83999633789062
2022-12-02,1294.3033447265625,388.300048828125,24.33710670471191,167.25999450683594
2022-12-03,1243.3348388671875,,,
2022-12-04,1280.256591796875,,,
2022-12-05,1259.6767578125,381.3148498535156,24.535388946533203,164.38999938964844
2022-12-06,1271.65380859375,375.81829833984375,24.552631378173828,164.83999633789062
2022-12-07,1232.4375,375.178955078125,24.47504234313965,166.3300018310547
2022-12-08,1281.1163330078125,378.1180419921875,24.39745330810547,166.47000122070312
2022-12-09,1264.2847900390625,375.2934875488281,24.449180603027344,167.05999755859375
2022-12-10,1266.3841552734375,,,
2022-12-11,1263.8685302734375,,,
2022-12-12,1274.6190185546875,380.7041320800781,24.466421127319336,165.67999267578125
2022-12-13,1320.5491943359375,383.58599853515625,24.250896453857425,168.50999450683594
2022-12-14,1309.3287353515625,381.1335754394531,24.138824462890625,168.10000610351562
2022-12-15,1266.3538818359375,371.8103637695313,24.36297035217285,165.35000610351562
2022-12-16,1168.2593994140625,367.4207458496094,24.40607452392578,166.7899932861328
2022-12-17,1188.1495361328125,,,
2022-12-18,1184.7152099609375,,,
2022-12-19,1167.60986328125,364.3050842285156,24.41216278076172,166.32000732421875
2022-12-20,1217.70361328125,364.8037109375,24.246919631958008,169.0800018310547
2022-12-21,1213.5999755859375,370.2583312988281,24.30780029296875,168.8000030517578
2022-12-22,1218.18212890625,364.9761657714844,24.342586517333984,166.75999450683594
2022-12-23,1220.159423828125,367.07562255859375,24.333890914916992,167.25999450683594
2022-12-24,1221.1485595703125,,,
2022-12-25,1218.9620361328125,,,
2022-12-26,1226.974365234375,,,
2022-12-27,1212.7916259765625,365.6280517578125,24.325193405151367,168.6699981689453
2022-12-28,1189.986083984375,361.08404541015625,24.41216278076172,167.91000366210938
2022-12-29,1201.5953369140625,367.5836486816406,24.264314651489254,168.85000610351562
2022-12-30,1199.2327880859375,366.615478515625,24.1860408782959,169.63999938964844
2022-12-31,1196.771240234375,,,
2023-01-01,1200.96484375,,,
2023-01-02,1214.6566162109375,,,
2023-01-03,1214.77880859375,365.072021484375,24.446949005126953,171.05999755859375
2023-01-04,1256.526611328125,367.8905029296875,24.3599796295166,172.6699981689453
2023-01-05,1250.4385986328125,363.6916198730469,24.586101531982425,170.52000427246094
2023-01-06,1269.3790283203125,372.03179931640625,24.264314651489254,173.7100067138672
2023-01-07,1264.2703857421875,,,
2023-01-08,1287.3594970703125,,,
2023-01-09,1321.5389404296875,371.8209228515625,24.11646842956543,174.10000610351562
2023-01-10,1336.5860595703125,374.428466796875,24.133859634399418,174.74000549316406
2023-01-11,1387.9327392578125,379.16412353515625,24.133859634399418,174.6199951171875
2023-01-12,1417.9384765625,380.5446166992187,23.89904403686523,176.63999938964844
2023-01-13,1451.6148681640625,382.0209655761719,23.89034843444824,178.75999450683594
2023-01-14,1550.7069091796875,,,
2023-01-15,1552.4794921875,,,
2023-01-16,1576.83349609375,,,
2023-01-17,1567.8460693359375,381.3211059570313,23.959922790527344,177.58999633789062
2023-01-18,1515.5069580078125,375.3008117675781,23.959922790527344,177.0800018310547
2023-01-19,1552.5565185546875,372.5686950683594,23.89904403686523,179.88999938964844
2023-01-20,1659.754150390625,379.5093078613281,23.864259719848633,179.2899932861328
2023-01-21,1627.1181640625,,,
2023-01-22,1628.382080078125,,,
2023-01-23,1628.2510986328125,384.0628967285156,23.89904403686523,179.6300048828125
2023-01-24,1556.604248046875,383.6506958007813,23.872955322265625,180.27999877929688
2023-01-25,1611.7110595703125,383.7944641113281,23.7946834564209,181.11000061035156
2023-01-26,1603.10595703125,388.012451171875,23.855562210083008,179.47000122070312
2023-01-27,1598.156494140625,388.9040222167969,23.89034843444824,179.22000122070312
2023-01-28,1572.43505859375,,,
2023-01-29,1646.1556396484375,,,
2023-01-30,1567.3265380859375,384.0245056152344,23.977317810058594,178.75999450683594
2023-01-31,1586.535400390625,389.67095947265625,23.92513656616211,179.41000366210938
2023-02-01,1641.792724609375,393.8123474121094,23.699018478393555,181.6699981689453
2023-02-02,1643.2415771484375,399.5450439453125,23.855562210083008,177.89999389648438
2023-02-03,1664.74560546875,395.2981872558594,24.168651580810547,173.4600067138672
2023-02-04,1667.0592041015625,,,
2023-02-05,1631.6458740234375,,,
2023-02-06,1616.2470703125,392.88238525390625,24.30780029296875,173.82000732421875
2023-02-07,1672.0035400390625,398.0207214355469,24.264314651489254,173.97999572753906
2023-02-08,1650.716796875,393.6685485839844,24.2904052734375,174.41000366210938
2023-02-09,1546.438232421875,390.2557067871094,24.255617141723633,173.02999877929688
2023-02-10,1514.869140625,391.16650390625,24.333890914916992,173.36000061035156
2023-02-11,1539.9267578125,,,
2023-02-12,1515.03369140625,,,
2023-02-13,1507.1658935546875,395.7583312988281,24.264314651489254,172.47999572753906
2023-02-14,1556.8751220703125,395.57623291015625,24.246919631958008,172.61000061035156
2023-02-15,1673.7459716796875,396.86077880859375,24.41216278076172,170.88999938964844
2023-02-16,1640.067626953125,391.39654541015625,24.446949005126953,170.75
2023-02-17,1694.7833251953125,390.4186706542969,24.429555892944336,171.25999450683594
2023-02-18,1691.8194580078125,,,
2023-02-19,1681.4361572265625,,,
2023-02-20,1702.6751708984375,,,
2023-02-21,1658.036376953125,382.5865478515625,24.507829666137695,170.6199951171875
2023-02-22,1643.231689453125,382.059326171875,24.586101531982425,169.66000366210938
2023-02-23,1651.0738525390625,384.0917053222656,24.594797134399418,169.57000732421875
2023-02-24,1608.3731689453125,379.9885864257813,24.77743148803711,168.35000610351562
2023-02-25,1594.9149169921875,,,
2023-02-26,1640.817138671875,,,
2023-02-27,1634.326416015625,381.28277587890625,24.6469783782959,169.00999450683594
2023-02-28,1605.8951416015625,379.8735656738281,24.716552734375,169.77999877929688
2023-03-01,1663.4337158203125,378.4163513183594,24.586101531982425,170.75999450683594
2023-03-02,1647.3193359375,381.35943603515625,24.716552734375,170.66000366210938
2023-03-03,1569.1676025390625,387.4755859375,24.620887756347656,172.49000549316406
2023-03-04,1566.9239501953125,,,
2023-03-05,1564.46875,,,
2023-03-06,1567.398681640625,387.7441101074219,24.586101531982425,171.6199951171875
2023-03-07,1561.93310546875,381.8004150390625,24.890491485595703,168.6199951171875
2023-03-08,1534.0882568359375,382.423583984375,24.88179397583008,168.5399932861328
2023-03-09,1438.6607666015625,375.3679504394531,24.812219619750977,170.1999969482422
2023-03-10,1429.1580810546875,369.9515380859375,24.65567398071289,173.8699951171875
2023-03-11,1482.61669921875,,,
2023-03-12,1590.29296875,,,
2023-03-13,1680.3089599609375,369.42431640625,24.429555892944336,177.86000061035156
2023-03-14,1703.507080078125,375.5309448242187,24.429555892944336,176.8300018310547
2023-03-15,1656.1805419921875,373.18218994140625,24.69046401977539,178.2100067138672
2023-03-16,1677.2154541015625,379.729736328125,24.66437339782715,178.57000732421875
2023-03-17,1792.485107421875,375.2897033691406,24.525222778320312,183.77000427246097
2023-03-18,1761.65966796875,,,
2023-03-19,1785.5765380859375,,,
2023-03-20,1735.3212890625,378.8984069824219,24.386072158813477,183.83999633789065
2023-03-21,1806.7607421875,383.87347412109375,24.377376556396484,180.3699951171875
2023-03-22,1737.717041015625,377.3298034667969,24.194740295410156,183.44000244140625
2023-03-23,1816.4051513671875,378.349853515625,24.229528427124023,185.7400054931641
2023-03-24,1752.0447998046875,380.8325500488281,24.377376556396484,183.6499938964844
2023-03-25,1743.7647705078125,,,
2023-03-26,1775.6767578125,,,
2023-03-27,1715.4608154296875,381.544677734375,24.299102783203125,181.9499969482422
2023-03-28,1772.78564453125,380.688232421875,24.212133407592773,183.44000244140625
2023-03-29,1793.0018310546875,386.2215576171875,24.273012161254883,182.52999877929688
2023-03-30,1792.7371826171875,388.4828796386719,24.15995216369629,184.17999267578125
2023-03-31,1822.0220947265625,393.95849609375,24.246919631958008,183.22000122070312
2023-04-01,1813.860595703125,,,
2023-04-02,1795.7081298828125,,,
2023-04-03,1810.297119140625,395.4596862792969,24.133859634399418,184.5399932861328
2023-04-04,1871.005126953125,393.2655944824219,24.038196563720703,187.97999572753903
2023-04-05,1909.114013671875,392.23590087890625,24.107770919799805,187.8300018310547
2023-04-06,1872.922607421875,393.7660217285156,24.125164031982425,186.4900054931641
2023-04-07,1865.6361083984375,,,
2023-04-08,1849.4981689453125,,,
2023-04-09,1859.3878173828125,,,
2023-04-10,1911.20751953125,394.1701049804687,24.264314651489254,185.11000061035156
2023-04-11,1892.189697265625,394.2760314941406,24.17734718322754,186.27999877929688
2023-04-12,1920.68212890625,392.66900634765625,24.046892166137695,187.19000244140625
2023-04-13,2012.6346435546875,397.8846435546875,23.933834075927734,189.72000122070312
2023-04-14,2101.635498046875,396.9127197265625,24.072982788085938,186.36000061035156
2023-04-15,2092.466796875,,,
2023-04-16,2120.005859375,,,
2023-04-17,2076.242919921875,398.3369140625,24.194740295410156,185.52999877929688
2023-04-18,2104.537353515625,398.5967102050781,24.107770919799805,186.25
2023-04-19,1936.4034423828125,398.52935791015625,24.15995216369629,185.36000061035156
2023-04-20,1943.09765625,396.3545837402344,24.15995216369629,186.08999633789065
2023-04-21,1849.9998779296875,396.6625061035156,24.133859634399418,184.25
2023-04-22,1874.2286376953125,,,
2023-04-23,1862.06201171875,,,
2023-04-24,1842.7574462890625,397.0763549804687,24.05558967590332,184.80999755859375
2023-04-25,1866.753662109375,390.773193359375,24.168651580810547,185.75
2023-04-26,1866.564208984375,389.1179809570313,24.090377807617188,184.7400054931641
2023-04-27,1908.786376953125,396.8646240234375,24.09907341003418,184.75
2023-04-28,1892.5128173828125,400.25189208984375,24.133859634399418,184.8000030517578
2023-04-29,1908.9169921875,,,
2023-04-30,1876.92431640625,,,
2023-05-01,1831.954833984375,399.8477478027344,24.255617141723633,183.97000122070312
2023-05-02,1870.789306640625,395.3537292480469,24.194740295410156,187.52000427246097
2023-05-03,1904.65185546875,392.64007568359375,24.064287185668945,189.11000061035156
2023-05-04,1877.7041015625,389.8590087890625,24.090377807617188,190.44000244140625
2023-05-05,1995.0609130859375,397.0763549804687,24.05558967590332,187.4600067138672
2023-05-06,1900.2218017578125,,,
2023-05-07,1873.076416015625,,,
2023-05-08,1849.042724609375,397.18218994140625,24.090377807617188,187.69000244140625
2023-05-09,1848.6031494140625,395.44036865234375,24.168651580810547,189.02000427246097
2023-05-10,1842.4014892578125,397.28802490234375,24.125164031982425,188.75
2023-05-11,1796.4906005859375,396.5950927734375,24.281709671020508,187.1300048828125
2023-05-12,1808.019775390625,396.075439453125,24.43825340270996,186.80999755859375
2023-05-13,1796.1148681640625,,,
2023-05-14,1800.5009765625,,,
2023-05-15,1817.5499267578125,397.4419860839844,24.368677139282227,187.2100067138672
2023-05-16,1824.1214599609375,394.7860107421875,24.429555892944336,184.8699951171875
2023-05-17,1821.859619140625,399.5783081054687,24.473039627075195,184.22999572753903
2023-05-18,1801.728515625,403.4275512695313,24.65567398071289,181.83999633789065
2023-05-19,1812.5894775390625,402.8404846191406,24.586101531982425,183.63999938964844
2023-05-20,1820.47802734375,,,
2023-05-21,1804.5313720703125,,,
2023-05-22,1817.5347900390625,403.004150390625,24.603492736816406,183.2100067138672
2023-05-23,1854.380615234375,398.4812622070313,24.67306900024414,183.42999267578125
2023-05-24,1800.0999755859375,395.5943603515625,24.76003646850586,181.9499969482422
2023-05-25,1805.9537353515625,399.0201721191406,24.87309837341309,180.1999969482422
2023-05-26,1828.689697265625,404.187744140625,24.86440086364746,180.9199981689453
2023-05-27,1831.1182861328125,,,
2023-05-28,1910.9141845703125,,,
2023-05-29,1893.078125,,,
2023-05-30,1901.026611328125,404.3417053222656,24.838308334350582,182.0399932861328
2023-05-31,1874.1304931640625,402.0995788574219,24.88179397583008,182.32000732421875
2023-06-01,1862.201416015625,405.91986083984375,24.586101531982425,183.7599945068359
2023-06-02,1907.256591796875,411.7900085449219,24.847007751464844,181.0500030517578
2023-06-03,1892.4124755859375,,,
2023-06-04,1890.5135498046875,,,
2023-06-05,1811.828369140625,411.00091552734375,24.80352210998535,182.13999938964844
2023-06-06,1884.494873046875,411.8958129882813,24.88179397583008,182.33999633789065
2023-06-07,1832.39599609375,410.47161865234375,24.890491485595703,180.1499938964844
2023-06-08,1846.3018798828125,412.954345703125,24.69046401977539,182.52999877929688
2023-06-09,1840.2252197265625,413.6953125,24.768733978271484,182.0399932861328
2023-06-10,1752.384765625,,,
2023-06-11,1753.415283203125,,,
2023-06-12,1742.5286865234375,417.4483642578125,24.77743148803711,181.8800048828125
2023-06-13,1739.03759765625,420.2005310058594,24.699159622192383,180.5399932861328
2023-06-14,1650.519287109375,420.700927734375,24.577404022216797,180.63999938964844
2023-06-15,1665.519775390625,425.9165954589844,24.43825340270996,181.91000366210935
2023-06-16,1716.6688232421875,424.4659118652344,24.48173713684082,181.6300048828125
2023-06-17,1727.2041015625,,,
2023-06-18,1720.5775146484375,,,
2023-06-19,1737.659423828125,,,
2023-06-20,1792.1199951171875,422.2636413574219,24.55131149291992,179.75
2023-06-21,1891.0072021484375,420.1000061035156,24.43825340270996,179.49000549316406
2023-06-22,1872.9429931640625,421.6164855957031,24.525222778320312,177.7100067138672
2023-06-23,1892.862060546875,418.4290771484375,24.65567398071289,178.1999969482422
2023-06-24,1876.0596923828125,,,
2023-06-25,1900.506103515625,,,
2023-06-26,1859.432861328125,416.7195129394531,24.62958335876465,178.50999450683594
2023-06-27,1889.703369140625,421.2881164550781,24.568706512451172,177.69000244140625
2023-06-28,1827.97119140625,421.5006713867187,24.681764602661133,177.27999877929688
2023-06-29,1852.227294921875,423.1619262695313,24.7861270904541,177.08999633789062
2023-06-30,1933.18896484375,428.155517578125,24.681764602661133,178.27000427246094
2023-07-01,1924.56591796875,,,
2023-07-02,1937.4383544921875,,,
2023-07-03,1955.38916015625,428.6481323242187,24.707855224609375,178.47000122070312
2023-07-04,1936.633544921875,,,
2023-07-05,1910.5880126953125,428.0106506347656,24.8209171295166,177.83999633789062
2023-07-06,1848.636474609375,424.6590270996094,24.76003646850586,177.30999755859375
2023-07-07,1870.6025390625,423.5869445800781,24.55131149291992,178.63999938964844
2023-07-08,1865.53955078125,,,
2023-07-09,1863.009765625,,,
2023-07-10,1880.556396484375,424.6590270996094,24.490434646606445,178.77999877929688
2023-07-11,1878.3360595703125,427.3634643554687,24.429555892944336,179.4499969482422
2023-07-12,1872.11376953125,430.802001953125,24.142559051513672,181.8800048828125
2023-07-13,2006.511474609375,434.2212219238281,23.977317810058594,182.0099945068359
2023-07-14,1939.3470458984375,433.9508361816406,24.02080345153809,181.42999267578125
2023-07-15,1931.466552734375,,,
2023-07-16,1923.681884765625,,,
2023-07-17,1911.6461181640625,435.45758056640625,23.994712829589844,181.55999755859375
2023-07-18,1897.5992431640625,438.6932678222656,24.01210594177246,183.63999938964844
2023-07-19,1889.0079345703125,439.6687927246094,24.107770919799805,183.6699981689453
2023-07-20,1890.9691162109375,436.7518005371094,24.246919631958008,182.7400054931641
2023-07-21,1892.080078125,436.7518005371094,24.31649398803711,182.17999267578125
2023-07-22,1864.912353515625,,,
2023-07-23,1889.191650390625,,,
2023-07-24,1850.0020751953125,438.7029418945313,24.403465270996097,181.3999938964844
2023-07-25,1857.741943359375,439.900634765625,24.377376556396484,182.41000366210935
2023-07-26,1872.159912109375,439.9682922363281,24.30780029296875,183.3000030517578
2023-07-27,1860.357177734375,437.0512390136719,24.533918380737305,180.4199981689453
2023-07-28,1874.744873046875,441.3301696777344,24.49913024902344,181.86000061035156
2023-07-29,1881.06884765625,,,
2023-07-30,1861.643798828125,,,
2023-07-31,1856.162353515625,442.1704406738281,24.542613983154297,182.3500061035156
2023-08-01,1871.7921142578125,440.9051513671875,24.65567398071289,180.4600067138672
2023-08-02,1839.0897216796875,434.7718505859375,24.742645263671875,179.60000610351562
2023-08-03,1835.136474609375,433.5257873535156,24.725250244140625,179.5399932861328
2023-08-04,1827.712890625,431.5650939941406,24.603492736816406,180.19000244140625
2023-08-05,1834.9879150390625,,,
2023-08-06,1827.4620361328125,,,
2023-08-07,1826.9388427734375,435.33197021484375,24.620887756347656,179.77999877929688
2023-08-08,1855.807373046875,433.43890380859375,24.73394775390625,178.63999938964844
2023-08-09,1854.297607421875,430.5411987304687,24.751340866088867,177.7899932861328
2023-08-10,1850.75341796875,430.69580078125,24.79482650756836,177.60000610351562
2023-08-11,1847.1243896484375,430.4446411132813,24.847007751464844,177.60000610351562
2023-08-12,1848.889892578125,,,
2023-08-13,1839.2801513671875,,,
2023-08-14,1844.185791015625,432.82073974609375,24.933977127075195,177.05999755859375
2023-08-15,1826.9327392578125,427.77886962890625,24.942670822143555,176.58999633789062
2023-08-16,1805.6590576171875,424.63970947265625,25.01224708557129,175.57000732421875
2023-08-17,1684.9334716796875,421.4040832519531,25.003551483154297,175.3000030517578
2023-08-18,1660.945068359375,421.6068115234375,25.02094459533691,175.3300018310547
2023-08-19,1669.471923828125,,,
2023-08-20,1684.85205078125,,,
2023-08-21,1667.26904296875,424.3499755859375,24.994853973388672,175.80999755859375
2023-08-22,1633.892578125,423.2005615234375,25.081823348999023,176.10000610351562
2023-08-23,1679.2744140625,427.9140319824219,24.994853973388672,177.88999938964844
2023-08-24,1659.944580078125,421.9835510253906,25.194881439208984,177.85000610351562
2023-08-25,1652.93505859375,424.9584655761719,25.22966957092285,177.6199951171875
2023-08-26,1646.3067626953125,,,
2023-08-27,1657.5130615234375,,,
2023-08-28,1652.4573974609375,427.65325927734375,25.18618392944336,178.1300048828125
2023-08-29,1729.7257080078125,433.83489990234375,25.047035217285156,179.8699951171875
2023-08-30,1705.1121826171875,435.6217651367187,25.003551483154297,180.32000732421875
2023-08-31,1645.63916015625,434.9842529296875,25.12530517578125,180.02000427246094
2023-09-01,1628.4912109375,435.795654296875,25.281850814819336,180.11000061035156
2023-09-02,1637.025390625,,,
2023-09-03,1636.11767578125,,,
2023-09-04,1629.6552734375,,,
2023-09-05,1633.62939453125,433.9122009277344,25.41230201721191,178.63999938964844
2023-09-06,1632.2523193359375,430.9952392578125,25.42099952697754,177.8300018310547
2023-09-07,1647.5982666015625,429.6719665527344,25.48187828063965,178.02000427246094
2023-09-08,1636.1378173828125,430.3190612792969,25.507970809936523,178.0800018310547
2023-09-09,1635.162353515625,,,
2023-09-10,1616.828857421875,,,
2023-09-11,1551.6376953125,433.1491088867187,25.386213302612305,178.41000366210938
2023-09-12,1592.429443359375,430.7730712890625,25.429697036743164,177.49000549316406
2023-09-13,1607.988525390625,431.2752990722656,25.447092056274418,177.0800018310547
2023-09-14,1626.974365234375,434.993896484375,25.603635787963867,177.1699981689453
2023-09-15,1641.640380859375,429.7530212402344,25.586240768432617,178.33999633789062
2023-09-16,1635.2216796875,,,
2023-09-17,1622.896728515625,,,
2023-09-18,1637.3470458984375,430.0050048828125,25.54275703430176,179.38999938964844
2023-09-19,1643.544677734375,429.1132507324219,25.560152053833008,179.22000122070312
2023-09-20,1622.890625,425.1683349609375,25.603635787963867,179.35000610351562
2023-09-21,1584.3070068359375,418.1409912109375,25.621028900146484,178.0500030517578
2023-09-22,1593.268310546875,417.2007751464844,25.681907653808594,178.6199951171875
2023-09-23,1593.8577880859375,,,
2023-09-24,1580.8533935546875,,,
2023-09-25,1588.3228759765625,418.95513916015625,25.777572631835938,177.6999969482422
2023-09-26,1593.417236328125,412.8002014160156,25.855844497680664,176.27999877929688
2023-09-27,1597.4912109375,412.9649658203125,25.977603912353516,174.10000610351562
2023-09-28,1652.8826904296875,415.3590393066406,25.838449478149418,173.22999572753906
2023-09-29,1667.94384765625,414.3510437011719,25.855844497680664,171.4499969482422
2023-09-30,1671.161865234375,,,
2023-10-01,1733.8104248046875,,,
2023-10-02,1663.6275634765625,414.186279296875,26.055871963500977,169.64999389648438
2023-10-03,1656.6856689453125,408.6419067382813,26.08196449279785,169.16000366210938
2023-10-04,1647.838134765625,411.6176452636719,26.003692626953125,169.13999938964844
2023-10-05,1611.4764404296875,411.4625549316406,25.916723251342773,168.8300018310547
2023-10-06,1645.83154296875,416.34771728515625,25.86454200744629,169.6999969482422
2023-10-07,1634.51123046875,,,
2023-10-08,1633.548583984375,,,
2023-10-09,1579.806640625,419.0132751464844,25.855844497680664,172.82000732421875
2023-10-10,1567.7130126953125,421.1941833496094,25.794967651367188,172.52999877929688
2023-10-11,1566.2547607421875,422.9195861816406,25.794967651367188,173.7899932861328
2023-10-12,1539.6124267578125,420.3412170410156,26.012388229370117,173.25999450683594
2023-10-13,1552.0894775390625,418.24749755859375,26.02978515625,178.8300018310547
2023-10-14,1555.2568359375,,,
2023-10-15,1558.06982421875,,,
2023-10-16,1600.5343017578125,422.6481628417969,25.916723251342773,177.9600067138672
2023-10-17,1565.4395751953125,422.6287231445313,25.9254207611084,178.2899932861328
2023-10-18,1563.7498779296875,416.9971923828125,26.021085739135746,180.8699951171875
2023-10-19,1567.45703125,413.3332824707031,25.942811965942383,183.08999633789065
2023-10-20,1604.6668701171875,408.2542114257813,25.95151138305664,183.58999633789065
2023-10-21,1629.304443359375,,,
2023-10-22,1663.429931640625,,,
2023-10-23,1765.3826904296875,407.546630859375,25.82105827331543,182.97000122070312
2023-10-24,1784.4375,410.6192932128906,25.968904495239254,182.9499969482422
2023-10-25,1787.3975830078125,404.7259826660156,26.038480758666992,183.72000122070312
2023-10-26,1804.039306640625,399.8795776367187,26.09935760498047,184.0099945068359
2023-10-27,1780.0452880859375,398.0670471191406,26.0645694732666,186.1499938964844
2023-10-28,1776.6181640625,,,
2023-10-29,1795.5460205078125,,,
2023-10-30,1810.088623046875,402.8262023925781,25.960208892822266,185.1000061035156
2023-10-31,1816.458984375,405.3560791015625,26.11675262451172,184.08999633789065
2023-11-01,1847.0897216796875,409.6790771484375,26.12544822692871,183.5099945068359
2023-11-02,1800.6209716796875,417.5303039550781,25.994993209838867,184.1199951171875
2023-11-03,1832.795166015625,421.339599609375,25.751483917236328,184.7899932861328
2023-11-04,1857.6986083984375,,,
2023-11-05,1894.15771484375,,,
2023-11-06,1899.83740234375,422.3088684082031,25.777572631835938,183.3500061035156
2023-11-07,1888.124267578125,423.51080322265625,25.86454200744629,182.58999633789065
2023-11-08,1889.3223876953125,423.8209838867187,25.855844497680664,180.77000427246097
2023-11-09,2120.56103515625,420.5157165527344,25.968904495239254,181.4900054931641
2023-11-10,2078.289794921875,427.0777893066406,25.95151138305664,179.50999450683594
2023-11-11,2052.7138671875,,,
2023-11-12,2045.18701171875,,,
2023-11-13,2055.265380859375,426.6706848144531,25.916723251342773,180.5099945068359
2023-11-14,1979.0526123046875,434.9484252929687,25.507970809936523,182.1199951171875
2023-11-15,2060.408447265625,435.8691711425781,25.603635787963867,181.63999938964844
2023-11-16,1960.881591796875,436.40228271484375,25.621028900146484,183.69000244140625
2023-11-17,1961.28076171875,436.9451599121094,25.48187828063965,183.6699981689453
2023-11-18,1963.2850341796875,,,
2023-11-19,2013.2044677734375,,,
2023-11-20,2022.2391357421875,440.3086242675781,25.403608322143555,183.3699951171875
2023-11-21,1937.0667724609375,439.3489379882813,25.429697036743164,185.3500061035156
2023-11-22,2064.42529296875,441.0452270507813,25.51666831970215,184.55999755859375
2023-11-23,2062.210693359375,,,
2023-11-24,2081.152099609375,441.3166198730469,25.403608322143555,185.52000427246097
2023-11-25,2084.4130859375,,,
2023-11-26,2063.2861328125,,,
2023-11-27,2027.4173583984375,440.5218200683594,25.35142517089844,186.77000427246097
2023-11-28,2049.338134765625,440.95794677734375,25.26445770263672,189.2599945068359
2023-11-29,2029.92919921875,440.6477966308594,25.290546417236328,189.5399932861328
2023-11-30,2052.55615234375,442.3828125,25.473180770874023,188.75
2023-12-01,2087.139892578125,444.9999084472656,25.39491081237793,192.0099945068359
2023-12-02,2165.7041015625,,,
2023-12-03,2193.691650390625,,,
2023-12-04,2243.2158203125,442.6639404296875,25.507970809936523,187.86000061035156
2023-12-05,2293.841796875,442.5766906738281,25.603635787963867,187.1499938964844
2023-12-06,2231.661376953125,440.7932739257813,25.664514541625977,187.83999633789065
2023-12-07,2357.57958984375,444.1566467285156,25.525362014770508,188.1499938964844
2023-12-08,2358.73193359375,446.0661315917969,25.621028900146484,185.63999938964844
2023-12-09,2341.17529296875,,,
2023-12-10,2352.462646484375,,,
2023-12-11,2224.578857421875,447.8011474609375,25.65581512451172,183.58999633789065
2023-12-12,2202.0380859375,449.8463745117187,25.586240768432617,183.4900054931641
2023-12-13,2260.648681640625,456.0497741699219,25.368818283081055,187.6300048828125
2023-12-14,2316.5791015625,457.5134582519531,25.134004592895508,188.72999572753903
2023-12-15,2219.33740234375,456.7601013183594,25.299243927001953,187.0
2023-12-16,2226.926513671875,,,
2023-12-17,2196.481201171875,,,
2023-12-18,2217.2734375,459.3294372558594,25.295543670654297,187.8500061035156
2023-12-19,2177.87255859375,462.12255859375,25.18451690673828,189.1300048828125
2023-12-20,2201.911376953125,455.71875,25.295543670654297,188.1000061035156
2023-12-21,2239.54248046875,460.0398864746094,25.129003524780273,189.42999267578125
2023-12-22,2326.52490234375,460.96441650390625,25.1197509765625,190.27000427246097
2023-12-23,2309.04638671875,,,
2023-12-24,2265.692138671875,,,
2023-12-25,2272.561767578125,,,
2023-12-26,2231.46533203125,462.9108581542969,25.064237594604492,191.72000122070312
2023-12-27,2378.739990234375,463.7478332519531,24.934709548950195,192.58999633789065
2023-12-28,2347.566162109375,463.9230041503906,25.01797866821289,191.47000122070312
2023-12-29,2300.690673828125,462.5799865722656,25.064237594604492,191.1699981689453
2023-12-30,2292.0654296875,,,
2023-12-31,2281.47119140625,,,
2024-01-01,2352.327880859375,,,
2024-01-02,2355.83642578125,459.9912109375,25.27703857421875,190.72000122070312
2024-01-03,2210.761962890625,456.2345886230469,25.36030960083008,189.1300048828125
2024-01-04,2269.0380859375,454.7650451660156,25.36030960083008,189.32000732421875
2024-01-05,2268.647216796875,455.3878784179687,25.36030960083008,189.3500061035156
2024-01-06,2241.624755859375,,,
2024-01-07,2222.865966796875,,,
2024-01-08,2333.03271484375,461.8890075683594,25.314048767089844,187.8699951171875
2024-01-09,2344.8271484375,461.1882934570313,25.39731788635254,187.92999267578125
2024-01-10,2582.103515625,463.7964782714844,25.351057052612305,187.5
2024-01-11,2619.619140625,463.5921020507813,25.36956024169922,187.8699951171875
2024-01-12,2524.460205078125,463.9132385253906,25.39731788635254,189.7100067138672
2024-01-13,2576.597900390625,,,
2024-01-14,2472.2412109375,,,
2024-01-15,2511.36376953125,,,
2024-01-16,2587.691162109375,462.2101440429687,25.61937141418457,187.91000366210935
2024-01-17,2528.369384765625,459.6408996582031,25.637874603271484,185.83999633789065
2024-01-18,2467.018798828125,463.7283630371094,25.665632247924805,187.3699951171875
2024-01-19,2489.49853515625,469.50927734375,25.628623962402344,187.92999267578125
2024-01-20,2469.589111328125,,,
2024-01-21,2453.9130859375,,,
2024-01-22,2310.826416015625,470.5019836425781,25.637874603271484,187.22000122070312
2024-01-23,2240.68603515625,471.8741760253906,25.702640533447266,187.9499969482422
2024-01-24,2233.561767578125,472.3899841308594,25.628623962402344,186.3999938964844
2024-01-25,2217.710205078125,474.9592590332031,25.702640533447266,187.13999938964844
2024-01-26,2267.19970703125,474.35589599609375,25.702640533447266,187.0099945068359
2024-01-27,2267.885986328125,,,
2024-01-28,2257.208740234375,,,
2024-01-29,2317.064208984375,478.1125183105469,25.702640533447266,188.3300018310547
2024-01-30,2344.49365234375,477.74273681640625,25.68413734436035,188.58999633789065
2024-01-31,2282.54443359375,469.947265625,25.7489013671875,188.4499969482422
2024-02-01,2303.82470703125,476.0979919433594,25.61937141418457,190.41000366210935
2024-02-02,2308.0380859375,481.1100463867187,25.850677490234375,188.61000061035156
2024-02-03,2296.038330078125,,,
2024-02-04,2289.546142578125,,,
2024-02-05,2298.888916015625,479.3582458496094,25.98945999145508,187.57000732421875
2024-02-06,2372.201904296875,480.7499694824219,25.915441513061523,188.5500030517578
2024-02-07,2423.7451171875,484.7595825195313,25.887685775756836,188.5
2024-02-08,2419.906494140625,484.97369384765625,25.915441513061523,188.3300018310547
2024-02-09,2487.515625,487.7765808105469,25.896936416625977,187.6000061035156
2024-02-10,2501.228271484375,,,
2024-02-11,2507.570556640625,,,
2024-02-12,2658.115966796875,487.5625,25.924694061279297,187.11000061035156
2024-02-13,2642.185302734375,480.8471984863281,26.12824249267578,184.52999877929688
2024-02-14,2777.90234375,485.2169799804687,26.081981658935547,184.4199981689453
2024-02-15,2824.37890625,488.5649108886719,25.980207443237305,185.66000366210935
2024-02-16,2803.69140625,486.13189697265625,25.98945999145508,186.33999633789065
2024-02-17,2786.672607421875,,,
2024-02-18,2878.998046875,,,
2024-02-19,2943.57470703125,,,
2024-02-20,3013.503662109375,483.45550537109375,25.952449798583984,187.47000122070312
2024-02-21,2970.35546875,483.8934326171875,25.924694061279297,187.47999572753903
2024-02-22,2971.00732421875,493.9078369140625,25.924694061279297,187.55999755859375
2024-02-23,2921.658203125,494.2484436035156,25.943199157714844,188.6199951171875
2024-02-24,2992.385986328125,,,
2024-02-25,3112.697265625,,,
2024-02-26,3178.99365234375,492.4382629394531,25.896936416625977,188.1999969482422
2024-02-27,3244.519287109375,493.3531188964844,25.915441513061523,188.0
2024-02-28,3385.703857421875,492.7010803222656,25.933948516845703,188.33999633789065
2024-02-29,3341.919677734375,494.4722595214844,25.98945999145508,189.30999755859375
2024-03-01,3435.053955078125,499.1145324707031,25.943199157714844,192.88999938964844
2024-03-02,3422.0498046875,,,
2024-03-03,3490.99365234375,,,
2024-03-04,3630.433837890625,498.5792541503906,25.943199157714844,196.0099945068359
2024-03-05,3554.964599609375,493.596435546875,25.915441513061523,197.19000244140625
2024-03-06,3819.226318359375,496.09759521484375,25.822919845581055,198.80999755859375
2024-03-07,3874.34765625,501.0220031738281,25.693389892578125,199.94000244140625
2024-03-08,3892.06103515625,498.0148010253906,25.702640533447266,201.6300048828125
2024-03-09,3915.4189453125,,,
2024-03-10,3881.193115234375,,,
2024-03-11,4066.445068359375,497.5866394042969,25.730396270751953,202.0
2024-03-12,3980.273193359375,502.9393005371094,25.7489013671875,199.7899932861328
2024-03-13,4006.45703125,502.1510314941406,25.721145629882812,201.19000244140625
2024-03-14,3883.140380859375,501.1582946777344,25.85993003845215,200.3500061035156
2024-03-15,3735.22021484375,497.717041015625,25.887685775756836,199.7100067138672
2024-03-16,3522.860107421875,,,
2024-03-17,3642.4130859375,,,
2024-03-18,3517.985107421875,500.6750793457031,25.943199157714844,200.02999877929688
2024-03-19,3157.6181640625,503.4573974609375,26.007963180541992,199.8000030517578
2024-03-20,3513.39306640625,508.114013671875,25.887685775756836,202.17999267578125
2024-03-21,3492.9912109375,509.7932434082031,26.0634765625,201.97000122070312
2024-03-22,3333.68798828125,508.82672119140625,26.202259063720703,200.3500061035156
2024-03-23,3336.593994140625,,,
2024-03-24,3454.636474609375,,,
2024-03-25,3590.8837890625,507.4209289550781,26.137495040893555,200.9900054931641
2024-03-26,3587.5048828125,506.4837036132813,26.1560001373291,201.63999938964844
2024-03-27,3500.115234375,510.7400817871094,26.174503326416016,203.1000061035156
2024-03-28,3561.2939453125,510.64251708984375,26.24852180480957,205.72000122070312
2024-03-29,3511.80615234375,,,
2024-03-30,3507.9443359375,,,
2024-03-31,3647.8564453125,,,
2024-04-01,3505.030029296875,509.7540283203125,26.350296020507812,207.82000732421875
2024-04-02,3277.234619140625,506.5130615234375,26.31328773498535,210.88999938964844
2024-04-03,3311.44189453125,507.0694274902344,26.19300842285156,212.7400054931641
2024-04-04,3330.04052734375,500.8800964355469,26.19300842285156,211.52000427246097
2024-04-05,3318.88525390625,506.1127014160156,26.220766067504883,215.13999938964844
2024-04-06,3354.183837890625,,,
2024-04-07,3453.49462890625,,,
2024-04-08,3695.292724609375,506.3959045410156,26.18375587463379,216.47999572753903
2024-04-09,3505.163330078125,506.9815673828125,26.174503326416016,217.6699981689453
2024-04-10,3543.737060546875,501.9051208496094,26.452070236206055,215.61000061035156
2024-04-11,3505.247802734375,505.6930236816406,26.4705753326416,219.8000030517578
2024-04-12,3243.034912109375,498.7127990722656,26.68337631225586,216.88999938964844
2024-04-13,3004.900390625,,,
2024-04-14,3156.94189453125,,,
2024-04-15,3101.600341796875,492.46490478515625,26.72963523864746,220.9499969482422
2024-04-16,3084.920166015625,491.5667419433594,26.766645431518555,221.22000122070312
2024-04-17,2984.7275390625,488.6575317382813,26.68337631225586,219.58999633789065
2024-04-18,3066.027587890625,487.6520385742187,26.738889694213867,220.33999633789065
2024-04-19,3059.278564453125,483.3956298828125,26.738889694213867,221.02999877929688
2024-04-20,3157.627197265625,,,
2024-04-21,3147.28857421875,,,
2024-04-22,3201.652099609375,487.8472900390625,26.748140335083008,215.57000732421875
2024-04-23,3219.91162109375,493.6363525390625,26.637115478515625,215.0399932861328
2024-04-24,3139.80517578125,493.402099609375,26.664871215820312,214.63999938964844
2024-04-25,3156.509521484375,491.5277099609375,26.609357833862305,215.9199981689453
2024-04-26,3130.164794921875,496.1843872070313,26.72963523864746,216.6199951171875
2024-04-27,3252.168212890625,,,
2024-04-28,3262.774658203125,,,
2024-04-29,3215.428955078125,497.9415893554687,26.64636611938477,216.17999267578125
2024-04-30,3012.286865234375,490.05364990234375,26.81290626525879,211.8699951171875
2024-05-01,2969.78466796875,488.46234130859375,26.7851505279541,213.7899932861328
2024-05-02,2988.16845703125,493.0310974121094,26.581600189208984,213.1300048828125
2024-05-03,3103.5419921875,499.1423950195313,26.50758171081543,212.9600067138672
2024-05-04,3117.576416015625,,,
2024-05-05,3137.2490234375,,,
2024-05-06,3062.728759765625,504.2969970703125,26.53533935546875,215.1999969482422
2024-05-07,3006.5771484375,504.8534240722656,26.609357833862305,214.2100067138672
2024-05-08,2973.6572265625,504.9021606445313,26.64636611938477,213.5800018310547
2024-05-09,3036.0205078125,507.8113708496094,26.553844451904297,216.9499969482422
2024-05-10,2909.791259765625,508.4655456542969,26.59085273742676,218.7100067138672
2024-05-11,2911.60205078125,,,
2024-05-12,2928.701904296875,,,
2024-05-13,2949.359619140625,508.5338134765625,26.581600189208984,216.2599945068359
2024-05-14,2881.157958984375,510.8670349121094,26.52608871459961,218.08999633789065
2024-05-15,3037.056640625,517.1931762695312,26.359548568725582,220.88999938964844
2024-05-16,2945.131103515625,516.1289672851562,26.424312591552734,220.02999877929688
2024-05-17,3094.11865234375,516.8709716796875,26.424312591552734,223.66000366210935
2024-05-18,3122.948974609375,,,
2024-05-19,3071.843017578125,,,
2024-05-20,3663.85546875,517.4664306640625,26.461322784423828,224.55999755859375
2024-05-21,3789.312744140625,518.735595703125,26.461322784423828,224.22999572753903
2024-05-22,3737.2177734375,517.241943359375,26.544593811035156,220.11000061035156
2024-05-23,3776.92724609375,513.4639282226562,26.600107192993164,215.72000122070312
2024-05-24,3726.9345703125,516.8611450195312,26.516836166381836,215.9199981689453
2024-05-25,3749.236572265625,,,
2024-05-26,3825.8974609375,,,
2024-05-27,3892.0068359375,,,
2024-05-28,3840.25634765625,517.222412109375,26.479827880859375,218.19000244140625
2024-05-29,3763.196533203125,513.6004638671875,26.62786293029785,216.16000366210935
2024-05-30,3746.849609375,510.1935424804687,26.544593811035156,216.57000732421875
2024-05-31,3760.026611328125,514.8402709960938,26.52608871459961,215.3000030517578
2024-06-01,3813.198974609375,,,
2024-06-02,3780.89599609375,,,
2024-06-03,3766.38916015625,515.2601318359375,26.387304306030273,217.22000122070312
2024-06-04,3812.515869140625,515.836181640625,26.396556854248047,215.27000427246097
2024-06-05,3864.260986328125,521.9669189453125,26.43356704711914,217.82000732421875
2024-06-06,3811.60595703125,521.9571533203125,26.396556854248047,219.42999267578125
2024-06-07,3678.629150390625,521.3226318359375,26.61861038208008,211.6000061035156
2024-06-08,3680.949951171875,,,
2024-06-09,3705.90380859375,,,
2024-06-10,3666.717529296875,522.9332275390625,26.68337631225586,213.5399932861328
2024-06-11,3498.33056640625,524.1926879882812,26.72038459777832,214.1499938964844
2024-06-12,3559.61767578125,528.498046875,26.600107192993164,214.72000122070312
2024-06-13,3469.28125,529.5621337890625,26.701879501342773,212.97000122070312
2024-06-14,3480.27197265625,529.88427734375,26.82215881347656,215.72999572753903
2024-06-15,3565.549560546875,,,
2024-06-16,3620.5634765625,,,
2024-06-17,3511.37890625,534.1015625,26.75739288330078,214.61000061035156
2024-06-18,3483.681396484375,535.4586181640625,26.748140335083008,215.47000122070312
2024-06-19,3559.347412109375,,,
2024-06-20,3511.0869140625,534.0039672851562,26.859169006347656,218.16000366210935
2024-06-21,3516.07568359375,533.2880249023438,26.923933029174805,214.77999877929688
2024-06-22,3494.8134765625,,,
2024-06-23,3418.61181640625,,,
2024-06-24,3350.25634765625,531.5545043945312,26.831411361694336,215.6300048828125
2024-06-25,3395.029052734375,533.6014404296875,26.859169006347656,214.55999755859375
2024-06-26,3369.477294921875,534.2673950195312,26.988697052001953,212.5800018310547
2024-06-27,3444.800537109375,535.1097412109375,26.951688766479492,214.9900054931641
2024-06-28,3373.635986328125,533.0039672851562,26.951688766479492,215.0099945068359
2024-06-29,3372.9677734375,,,
2024-06-30,3432.88916015625,,,
2024-07-01,3440.341552734375,534.1008911132812,26.960941314697266,215.57000732421875
2024-07-02,3416.354736328125,537.6952514648438,26.923933029174805,215.55999755859375
2024-07-03,3292.916748046875,540.0948486328125,26.81290626525879,217.9900054931641
2024-07-04,3054.52197265625,,,
2024-07-05,2981.5986328125,543.2093505859375,26.72038459777832,220.92999267578125
2024-07-06,3069.3779296875,,,
2024-07-07,2929.38720703125,,,
2024-07-08,3018.73193359375,543.8361206054688,26.766645431518555,218.19000244140625
2024-07-09,3064.032958984375,544.364990234375,26.803653717041016,218.55999755859375
2024-07-10,3102.21875,549.7516479492188,26.775897979736328,219.36000061035156
2024-07-11,3100.330810546875,545.0113525390625,26.637115478515625,223.25
2024-07-12,3134.15869140625,548.448974609375,26.544593811035156,223.11000061035156
2024-07-13,3177.19873046875,,,
2024-07-14,3244.0791015625,,,
2024-07-15,3489.552734375,549.957275390625,26.59085273742676,223.8300018310547
2024-07-16,3443.513427734375,553.2186279296875,26.59085273742676,228.2899932861328
2024-07-17,3388.75244140625,545.4617919921875,26.4705753326416,227.22999572753903
2024-07-18,3426.258544921875,541.27001953125,26.59085273742676,225.77999877929688
2024-07-19,3505.73486328125,537.6756591796875,26.664871215820312,221.72999572753903
2024-07-20,3519.29541015625,,,
2024-07-21,3536.60546875,,,
2024-07-22,3440.419921875,543.2190551757812,26.64636611938477,221.8000030517578
2024-07-23,3481.995849609375,542.3670043945312,26.692628860473633,222.5800018310547
2024-07-24,3336.33935546875,530.0755615234375,26.68337631225586,221.8000030517578
2024-07-25,3174.42724609375,527.313720703125,26.68337631225586,218.3300018310547
2024-07-26,3275.951416015625,533.2194213867188,26.664871215820312,220.6300048828125
2024-07-27,3247.60791015625,,,
2024-07-28,3271.464599609375,,,
2024-07-29,3320.539306640625,533.5328369140625,26.738889694213867,220.32000732421875
2024-07-30,3278.667724609375,530.8297729492188,26.75739288330078,222.52000427246097
2024-07-31,3231.295654296875,539.4581909179688,26.609357833862305,226.5500030517578
2024-08-01,3201.564453125,531.8189697265625,26.701879501342773,225.77000427246097
2024-08-02,2986.01318359375,521.9172973632812,26.43356704711914,225.33999633789065
2024-08-03,2903.3857421875,,,
2024-08-04,2686.39892578125,,,
2024-08-05,2417.206298828125,506.7171630859375,26.28553009033203,222.47999572753903
2024-08-06,2458.723876953125,511.3888549804687,26.368799209594727,220.6999969482422
2024-08-07,2336.58935546875,507.97076416015625,26.424312591552734,220.5500030517578
2024-08-08,2683.352783203125,519.7136840820312,26.461322784423828,224.0099945068359
2024-08-09,2599.5986328125,522.0054931640625,26.43356704711914,224.55999755859375
2024-08-10,2610.02294921875,,,
2024-08-11,2553.252197265625,,,
2024-08-12,2724.431884765625,522.27978515625,26.43356704711914,228.41000366210935
2024-08-13,2703.671875,530.868896484375,26.294782638549805,228.05999755859375
2024-08-14,2662.914794921875,532.5437622070312,26.322540283203125,226.1999969482422
2024-08-15,2570.087646484375,541.671630859375,26.41506004333496,226.91000366210935
2024-08-16,2593.1865234375,542.8860473632812,26.28553009033203,231.9900054931641
2024-08-17,2614.546875,,,
2024-08-18,2613.357177734375,,,
2024-08-19,2637.306396484375,548.0767822265625,26.146747589111328,231.61000061035156
2024-08-20,2573.10693359375,547.1856689453125,26.05422592163086,232.4600067138672
2024-08-21,2631.3955078125,549.0660400390625,25.97095489501953,232.1499938964844
2024-08-22,2622.951416015625,544.7567138671875,26.09123420715332,229.3699951171875
2024-08-23,2764.447021484375,550.5448608398438,25.869178771972656,232.02000427246097
2024-08-24,2769.3896484375,,,
2024-08-25,2749.15771484375,,,
2024-08-26,2681.340576171875,549.2325439453125,25.924694061279297,232.7599945068359
2024-08-27,2458.7265625,549.9866943359375,25.84142303466797,233.38999938964844
2024-08-28,2528.41552734375,546.793701171875,25.98945999145508,231.75
2024-08-29,2528.792724609375,546.8427734375,26.081981658935547,232.9499969482422
2024-08-30,2525.822021484375,552.0628662109375,26.1560001373291,231.2899932861328
2024-08-31,2513.393798828125,,,
2024-09-01,2427.90234375,,,
2024-09-02,2538.187255859375,,,
2024-09-03,2420.603759765625,540.7020263671875,26.202259063720703,230.2899932861328
2024-09-04,2448.97705078125,539.59521484375,26.072731018066406,230.42999267578125
2024-09-05,2367.737548828125,538.2828979492188,26.03571891784668,232.3500061035156
2024-09-06,2223.87646484375,529.2236328125,26.072731018066406,230.6300048828125
2024-09-07,2274.107177734375,,,
2024-09-08,2297.29296875,,,
2024-09-09,2358.482177734375,535.1488647460938,26.18375587463379,231.6000061035156
2024-09-10,2389.5810546875,537.4797973632812,26.19300842285156,232.6199951171875
2024-09-11,2339.841552734375,542.9937133789062,26.220766067504883,232.25
2024-09-12,2361.78173828125,547.5675659179688,26.10973739624023,236.3300018310547
2024-09-13,2441.607177734375,550.4273681640625,26.072731018066406,238.67999267578125
2024-09-14,2418.595703125,,,
2024-09-15,2320.897216796875,,,
2024-09-16,2295.28369140625,551.2402954101562,25.98945999145508,238.66000366210935
2024-09-17,2341.707763671875,551.465576171875,26.072731018066406,237.33999633789065
2024-09-18,2369.72900390625,549.8300170898438,26.100486755371097,235.5099945068359
2024-09-19,2464.752197265625,559.2125854492188,25.98945999145508,239.1699981689453
2024-09-20,2561.072021484375,558.2459106445312,26.03571891784668,242.2100067138672
2024-09-21,2615.857177734375,,,
2024-09-22,2582.862548828125,,,
2024-09-23,2648.54638671875,559.6408081054688,26.072731018066406,242.67999267578125
2024-09-24,2654.35498046875,561.2421264648438,25.924694061279297,246.07000732421875
2024-09-25,2579.388671875,560.0043334960938,26.100486755371097,245.72999572753903
2024-09-26,2632.199951171875,562.2244873046875,25.980207443237305,246.97999572753903
2024-09-27,2695.900634765625,561.4091186523438,25.97095489501953,245.02000427246097
2024-09-28,2677.5390625,,,
2024-09-29,2659.346923828125,,,
2024-09-30,2603.062744140625,563.6588134765625,26.072731018066406,243.05999755859375
2024-10-01,2448.921142578125,558.6093139648438,26.18375587463379,245.61000061035156
2024-10-02,2365.231689453125,558.8450317382812,26.294782638549805,245.66000366210935
2024-10-03,2349.791259765625,557.8233642578125,26.378053665161133,245.4900054931641
2024-10-04,2414.7939453125,562.892578125,26.52608871459961,245.0
2024-10-05,2415.6318359375,,,
2024-10-06,2439.957763671875,,,
2024-10-07,2421.796630859375,557.8037109375,26.544593811035156,244.1699981689453
2024-10-08,2439.8408203125,563.0792236328125,26.544593811035156,242.3699951171875
2024-10-09,2368.283447265625,566.9793701171875,26.664871215820312,241.0500030517578
2024-10-10,2383.85791015625,565.9871215820312,26.65561866760254,242.82000732421875
2024-10-11,2436.513427734375,569.3764038085938,26.674121856689453,245.47000122070312
2024-10-12,2476.523193359375,,,
2024-10-13,2467.677001953125,,,
2024-10-14,2628.89990234375,574.0328979492188,26.75739288330078,245.07000732421875
2024-10-15,2606.02197265625,569.5728759765625,26.775897979736328,245.9199981689453
2024-10-16,2611.10205078125,572.0484619140625,26.84991455078125,247.1499938964844
2024-10-17,2604.2734375,572.0975952148438,26.933185577392575,248.6300048828125
2024-10-18,2641.55224609375,574.2981567382812,26.859169006347656,251.27000427246097
2024-10-19,2648.656982421875,,,
2024-10-20,2746.364013671875,,,
2024-10-21,2665.712158203125,573.3550415039062,26.979446411132812,251.22000122070312
2024-10-22,2620.197509765625,573.050537109375,27.0072021484375,253.92999267578125
2024-10-23,2509.098876953125,567.8142700195312,27.09972381591797,250.8699951171875
2024-10-24,2534.49853515625,569.0423583984375,26.99795150756836,252.8000030517578
2024-10-25,2435.93408203125,568.8458251953125,27.090473175048828,253.32000732421875
2024-10-26,2479.603271484375,,,
2024-10-27,2505.940673828125,,,
2024-10-28,2565.34814453125,570.6043701171875,27.090473175048828,253.3300018310547
2024-10-29,2637.95751953125,571.5278930664062,27.09972381591797,256.0899963378906
2024-10-30,2657.37255859375,569.7987670898438,27.034957885742188,257.5
2024-10-31,2515.79931640625,558.6289672851562,27.016454696655273,253.5099945068359
2024-11-01,2511.885498046875,560.9867553710938,27.127479553222656,252.47000122070312
2024-11-02,2491.068603515625,,,
2024-11-03,2456.42529296875,,,
2024-11-04,2397.0263671875,559.7783203125,27.025707244873047,252.8300018310547
2024-11-05,2422.650634765625,566.5470581054688,26.91468048095703,253.3999938964844
2024-11-06,2724.169189453125,580.6346435546875,27.349533081054688,245.6999969482422
2024-11-07,2895.58544921875,585.1241455078125,27.127479553222656,249.6499938964844
2024-11-08,2962.296630859375,587.6587524414062,27.31252670288086,247.9600067138672
2024-11-09,3131.14453125,,,
2024-11-10,3191.331298828125,,,
2024-11-11,3374.81298828125,588.2186279296875,27.46981430053711,242.13999938964844
2024-11-12,3246.25732421875,586.3914184570312,27.590091705322266,240.0500030517578
2024-11-13,3192.595947265625,586.6763305664062,27.747379302978516,237.6300048828125
2024-11-14,3058.94873046875,582.9038696289062,27.858407974243164,237.0099945068359
2024-11-15,3103.04052734375,575.4376220703125,27.830650329589844,236.58999633789065
2024-11-16,3133.27392578125,,,
2024-11-17,3075.66162109375,,,
2024-11-18,3207.8564453125,577.79541015625,27.69186782836914,241.08999633789065
2024-11-19,3111.384033203125,579.9076538085938,27.682613372802734,243.25
2024-11-20,3072.18798828125,580.1040649414062,27.82139587402344,244.6199951171875
2024-11-21,3361.053955078125,583.2183227539062,27.91391944885254,246.66000366210935
2024-11-22,3331.600830078125,585.0259399414062,28.061954498291016,249.83999633789065
2024-11-23,3396.223388671875,,,
2024-11-24,3363.659912109375,,,
2024-11-25,3413.5439453125,587.0104370117188,27.867658615112305,242.47999572753903
2024-11-26,3326.517333984375,590.0755004882812,27.90466690063477,242.9499969482422
2024-11-27,3657.249267578125,588.2874755859375,27.66411018371582,243.4900054931641
2024-11-28,3579.8115234375,,,
2024-11-29,3593.494384765625,591.9420166015625,27.617849349975582,245.58999633789065
2024-11-30,3705.705322265625,,,
2024-12-01,3711.1650390625,,,
2024-12-02,3644.198486328125,593.0029907226562,27.78438949584961,243.44000244140625
2024-12-03,3620.711669921875,593.2780151367188,27.775136947631836,243.92999267578125
2024-12-04,3841.3310546875,596.9619750976562,27.76588249206543,244.6699981689453
2024-12-05,3811.00830078125,595.9796142578125,27.617849349975582,242.86000061035156
2024-12-06,4005.810546875,597.1093139648438,27.69186782836914,242.9499969482422
2024-12-07,4002.692626953125,,,
2024-12-08,4005.70458984375,,,
2024-12-09,3718.6904296875,594.034423828125,27.738126754760746,245.36000061035156
2024-12-10,3631.833740234375,592.1875610351562,27.802892684936523,248.58999633789065
2024-12-11,3832.822021484375,596.7655639648438,27.895414352416992,250.9600067138672
2024-12-12,3883.1015625,593.690673828125,27.98793601989746,247.27999877929688
2024-12-13,3911.205322265625,593.5726928710938,27.997190475463867,244.2899932861328
2024-12-14,3868.4052734375,,,
2024-12-15,3951.941162109375,,,
2024-12-16,3987.48095703125,596.1072998046875,27.950927734375,244.8800048828125
2024-12-17,3886.76611328125,593.6513671875,27.97868537902832,243.94000244140625
2024-12-18,3618.791259765625,575.95849609375,28.302513122558594,239.2599945068359
2024-12-19,3417.927978515625,575.7815551757812,28.3580265045166,239.6000061035156
2024-12-20,3472.553466796875,582.6973266601562,28.219242095947266,242.1000061035156
2024-12-21,3337.222412109375,,,
2024-12-22,3277.53515625,,,
2024-12-23,3415.785400390625,586.1867065429688,28.322710037231445,240.9600067138672
2024-12-24,3492.0498046875,592.7020263671875,28.400068283081055,241.44000244140625
2024-12-25,3493.2353515625,,,
2024-12-26,3331.225830078125,592.7416381835938,28.34204864501953,243.07000732421875
2024-12-27,3328.9169921875,586.5020751953125,28.293699264526367,241.3999938964844
2024-12-28,3397.90234375,,,
2024-12-29,3349.513427734375,,,
2024-12-30,3356.392578125,579.8091430664062,28.322710037231445,240.6300048828125
2024-12-31,3332.53173828125,577.6997680664062,28.448415756225582,242.1300048828125
2025-01-01,3353.504150390625,,,
2025-01-02,3451.392578125,576.2802734375,28.690160751342773,245.4199981689453
2025-01-03,3605.009765625,583.48583984375,28.603132247924805,243.4900054931641
2025-01-04,3657.706787109375,,,
2025-01-05,3634.103759765625,,,
2025-01-06,3688.611328125,586.8470458984375,28.41940689086914,243.19000244140625
2025-01-07,3381.577392578125,580.2133178710938,28.525774002075195,244.55999755859375
2025-01-08,3326.329345703125,581.0609741210938,28.63214111328125,245.86000061035156
2025-01-09,3219.4306640625,,,
2025-01-10,3267.489990234375,572.189697265625,28.77718734741211,248.2100067138672
2025-01-11,3282.2177734375,,,
2025-01-12,3265.951171875,,,
2025-01-13,3135.499755859375,573.0768432617188,28.86421585083008,245.7400054931641
2025-01-14,3223.6845703125,573.8652954101562,28.680490493774418,247.02999877929688
2025-01-15,3450.53759765625,584.3038940429688,28.63214111328125,248.8800048828125
2025-01-16,3308.34521484375,583.1802368164062,28.63214111328125,250.6000061035156
2025-01-17,3474.107177734375,589.0352783203125,28.738508224487305,249.27000427246097
2025-01-18,3305.78955078125,,,
2025-01-19,3208.96435546875,,,
2025-01-20,3278.035400390625,,,
2025-01-21,3327.40625,594.4270629882812,28.371057510375977,253.1300048828125
2025-01-22,3240.224609375,597.7685546875,28.41940689086914,254.42999267578125
2025-01-23,3334.714111328125,601.03125,28.40973663330078,254.07000732421875
2025-01-24,3309.554931640625,599.2766723632812,28.235681533813477,255.6499938964844
2025-01-25,3317.26953125,,,
2025-01-26,3236.13427734375,,,
2025-01-27,3178.92041015625,590.7998046875,28.245349884033203,252.9900054931641
2025-01-28,3077.112548828125,595.8760986328125,28.361387252807617,255.17999267578125
2025-01-29,3112.9990234375,593.204833984375,28.41940689086914,254.1999969482422
2025-01-30,3247.780029296875,596.388671875,28.41940689086914,258.04998779296875
2025-01-31,3298.26513671875,593.2147216796875,28.535444259643555,258.55999755859375
2025-02-01,3118.32861328125,,,
2025-02-02,2868.69287109375,,,
2025-02-03,2884.566650390625,589.2225952148438,28.661149978637695,259.94000244140625
2025-02-04,2735.05126953125,593.1752319335938,28.400068283081055,262.5
2025-02-05,2787.779052734375,595.580322265625,28.35171890258789,264.1300048828125
2025-02-06,2688.40087890625,597.6503295898438,28.332378387451172,263.42999267578125
2025-02-07,2622.211181640625,592.1797485351562,28.458086013793945,263.8999938964844
2025-02-08,2632.308349609375,,,
2025-02-09,2628.72119140625,,,
2025-02-10,2661.166748046875,596.2012939453125,28.54511451721191,268.3699951171875
2025-02-11,2602.781982421875,596.6548461914062,28.448415756225582,267.3900146484375
2025-02-12,2736.902099609375,594.7326049804688,28.467756271362305,267.6700134277344
2025-02-13,2675.902587890625,601.0115356445312,28.235681533813477,270.30999755859375
2025-02-14,2726.091552734375,600.9820556640625,28.158323287963867,266.2900085449219
2025-02-15,2693.559814453125,,,
2025-02-16,2663.31591796875,,,
2025-02-17,2743.19970703125,,,
2025-02-18,2669.3388671875,602.746337890625,28.21634292602539,270.70001220703125
2025-02-19,2715.77099609375,604.1658325195312,28.245349884033203,270.8500061035156
2025-02-20,2740.386474609375,601.6522827148438,28.022947311401367,270.989990234375
2025-02-21,2659.655517578125,591.361572265625,28.119644165039062,270.739990234375
2025-02-22,2764.029296875,,,
2025-02-23,2821.310302734375,,,
2025-02-24,2513.8212890625,588.670654296875,28.13898468017578,272.2099914550781
2025-02-25,2493.592529296875,585.7430419921875,28.032615661621097,268.6199951171875
2025-02-26,2331.45263671875,586.0386962890625,28.090635299682617,269.0299987792969
2025-02-27,2305.484375,576.6844482421875,28.293699264526367,264.92999267578125
2025-02-28,2237.9052734375,585.6838989257812,28.41940689086914,263.2699890136719
2025-03-01,2216.643310546875,,,
2025-03-02,2519.694580078125,,,
2025-03-03,2145.573974609375,575.4227905273438,28.14865493774414,266.739990234375
2025-03-04,2170.01513671875,568.611572265625,27.897239685058594,269.05999755859375
2025-03-05,2241.977294921875,574.7229614257812,27.55879783630371,269.6199951171875
2025-03-06,2202.476806640625,564.52099609375,27.539459228515625,268.25
2025-03-07,2138.987548828125,567.6849975585938,27.452430725097656,268.3900146484375
2025-03-08,2201.51025390625,,,
2025-03-09,2015.5091552734375,,,
2025-03-10,1861.1513671875,552.5643920898438,27.471771240234375,266.0400085449219
2025-03-11,1919.844970703125,547.970947265625,27.317054748535156,269.1600036621094
2025-03-12,1908.982666015625,550.8788452148438,27.384742736816406,270.3299865722656
2025-03-13,1862.9696044921875,543.5353393554688,27.481441497802734,275.1300048828125
2025-03-14,1909.467529296875,554.762451171875,27.452430725097656,275.239990234375
2025-03-15,1937.3946533203125,,,
2025-03-16,1887.43505859375,,,
2025-03-17,1927.0029296875,559.0404052734375,27.34606552124023,276.7300109863281
2025-03-18,1932.54345703125,552.9981079101562,27.326725006103516,279.9599914550781
2025-03-19,2057.7490234375,559.0206909179688,27.39441299438477,281.1099853515625
2025-03-20,1982.099853515625,557.4041137695312,27.471771240234375,280.75
2025-03-21,1964.8475341796875,557.5880737304688,27.55879783630371,278.489990234375
2025-03-22,1980.037841796875,,,
2025-03-23,2005.2991943359375,,,
2025-03-24,2077.47900390625,567.5736083984375,27.607147216796875,277.25
2025-03-25,2067.76416015625,568.93798828125,27.57813835144043,278.4700012207031
2025-03-26,2009.1893310546875,562.1458740234375,27.70384407043457,278.239990234375
2025-03-27,2002.357421875,560.6529541015625,27.61681747436523,281.9700012207031
2025-03-28,1895.5029296875,549.3623657226562,27.56846809387207,284.05999755859375
2025-03-29,1827.3203125,,,
2025-03-30,1806.2186279296875,,,
2025-03-31,1823.47998046875,553.050048828125,27.59747886657715,288.1400146484375
2025-04-01,1905.491455078125,554.6121215820312,27.62648582458496,287.57000732421875
2025-04-02,1795.313232421875,558.1220092773438,27.51045036315918,288.1600036621094
2025-04-03,1815.63720703125,530.6171875,27.02696228027344,286.4200134277344
2025-04-04,1815.335205078125,499.5533447265625,27.326725006103516,279.7200012207031
2025-04-05,1805.9732666015625,,,
2025-04-06,1576.72802734375,,,
2025-04-07,1555.240966796875,498.6635437011719,27.442760467529297,273.7099914550781
2025-04-08,1472.5531005859375,490.8531188964844,27.317054748535156,275.20001220703125
2025-04-09,1668.0400390625,542.4021606445312,27.35573387145996,285.3800048828125
2025-04-10,1522.518798828125,518.6345825195312,26.785219192504883,292.3500061035156
2025-04-11,1567.1497802734375,527.8884887695312,26.543476104736328,297.92999267578125
2025-04-12,1643.528564453125,,,
2025-04-13,1596.685791015625,,,
2025-04-14,1622.7698974609375,533.009765625,26.45644760131836,296.2300109863281
2025-04-15,1588.6324462890625,531.5169067382812,26.60149383544922,297.7799987792969
2025-04-16,1578.1053466796875,519.702392578125,26.37908935546875,307.4700012207031
2025-04-17,1582.54833984375,520.44384765625,26.398427963256836,306.1199951171875
2025-04-18,1588.9246826171875,,,
2025-04-19,1612.9228515625,,,
2025-04-20,1587.5142822265625,,,
2025-04-21,1579.7344970703125,508.0558471679687,26.14701461791992,315.5899963378906
2025-04-22,1757.3316650390625,521.2743530273438,26.29206085205078,311.1099853515625
2025-04-23,1796.104248046875,529.3516845703125,26.53380584716797,303.6499938964844
2025-04-24,1769.8316650390625,540.4940185546875,26.41776657104492,308.07000732421875
2025-04-25,1786.634521484375,544.3992309570312,26.485454559326172,304.7300109863281
2025-04-26,1821.881103515625,,,
2025-04-27,1792.864990234375,,,
2025-04-28,1798.851806640625,544.6068725585938,26.321069717407227,309.07000732421875
2025-04-29,1799.1756591796875,548.0375366210938,26.408098220825195,306.05999755859375
2025-04-30,1793.775390625,548.2550659179688,26.50479507446289,303.7699890136719
2025-05-01,1839.2215576171875,552.1405029296875,26.65951156616211,297.4599914550781
2025-05-02,1842.7078857421875,560.3364868164062,26.620832443237305,297.9800109863281
2025-05-03,1833.8397216796875,,,
2025-05-04,1808.59423828125,,,
2025-05-05,1819.697509765625,557.1234130859375,26.57248306274414,306.8800048828125
2025-05-06,1815.0875244140625,552.4667358398438,26.408098220825195,315.4800109863281
2025-05-07,1811.606689453125,554.7901611328125,26.60149383544922,310.75
2025-05-08,2206.5146484375,558.6558837890625,26.823896408081055,304.6300048828125
2025-05-09,2345.50732421875,557.9439697265625,26.74654006958008,306.8399963378906
2025-05-10,2582.422607421875,,,
2025-05-11,2510.23779296875,,,
2025-05-12,2496.397705078125,576.3826293945312,27.123659133911133,298.19000244140625
2025-05-13,2680.129638671875,580.1890258789062,26.891584396362305,299.4599914550781
2025-05-14,2610.063232421875,580.9304809570312,26.949604034423828,293.1600036621094
2025-05-15,2546.85693359375,583.7680053710938,26.881916046142575,297.8399963378906
2025-05-16,2536.297607421875,587.4655151367188,26.959272384643555,294.239990234375
2025-05-17,2475.75439453125,,,
2025-05-18,2498.233642578125,,,
2025-05-19,2529.166748046875,588.108154296875,26.775548934936523,298.0299987792969
2025-05-20,2524.173095703125,586.130859375,26.69819068908691,303.5799865722656
2025-05-21,2552.34716796875,576.2540893554688,26.5821533203125,305.82000732421875
2025-05-22,2664.156982421875,576.4815063476562,26.65951156616211,303.1099853515625
2025-05-23,2526.44189453125,572.5465698242188,26.46611785888672,309.75
2025-05-24,2530.646240234375,,,
2025-05-25,2551.763916015625,,,
2025-05-26,2564.138427734375,,,
2025-05-27,2663.06982421875,584.4501953125,26.611164093017575,304.5
2025-05-28,2682.212890625,581.0689086914062,26.69819068908691,303.80999755859375
2025-05-29,2632.65478515625,583.3626098632812,26.553142547607425,305.6099853515625
2025-05-30,2529.943603515625,582.7100830078125,26.543476104736328,303.6000061035156
2025-05-31,2529.08740234375,,,
2025-06-01,2536.266357421875,,,
2025-06-02,2607.097412109375,585.992431640625,26.35974884033203,311.6700134277344
2025-06-03,2593.2802734375,589.3341064453125,26.53380584716797,308.9100036621094
2025-06-04,2608.64306640625,589.1759643554688,26.41776657104492,310.8999938964844
2025-06-05,2416.28564453125,586.3285522460938,26.398427963256836,309.3299865722656
2025-06-06,2477.19482421875,592.3495483398438,26.53380584716797,305.17999267578125
2025-06-07,2526.50537109375,,,
2025-06-08,2510.787109375,,,
2025-06-09,2681.51708984375,592.8834838867188,26.46611785888672,306.6199951171875
2025-06-10,2813.517578125,596.244873046875,26.49512481689453,306.7099914550781
2025-06-11,2773.529296875,594.54443359375,26.398427963256836,308.3699951171875
2025-06-12,2651.795166015625,596.9072875976562,26.205034255981445,312.20001220703125
2025-06-13,2579.486083984375,590.2338256835938,26.272722244262695,316.2900085449219
2025-06-14,2533.444091796875,,,
2025-06-15,2546.837158203125,,,
2025-06-16,2540.60498046875,595.8494262695312,26.30173110961914,311.7799987792969
2025-06-17,2510.761474609375,590.7578735351562,26.475786209106445,311.94000244140625
2025-06-18,2524.301513671875,590.6688842773438,26.52413558959961,310.260009765625
2025-06-19,2521.653564453125,,,
2025-06-20,2407.30419921875,589.2816162109375,26.49512481689453,310.1300048828125
2025-06-21,2300.49560546875,,,
2025-06-22,2228.213134765625,,,
2025-06-23,2421.824951171875,595.1022338867188,26.38875961303711,311.0799865722656
2025-06-24,2448.0087890625,601.676513671875,26.253381729125977,306.19000244140625
2025-06-25,2419.310302734375,602.0136108398438,26.185693740844727,307.1199951171875
2025-06-26,2416.146728515625,606.7236328125,26.07932472229004,306.7799987792969
2025-06-27,2423.866943359375,609.7380981445312,26.127676010131836,301.2200012207031
2025-06-28,2437.109375,,,
2025-06-29,2500.9599609375,,,
2025-06-30,2486.46435546875,612.6533813476562,25.992298126220703,304.8299865722656
2025-07-01,2405.792724609375,612.455078125,25.982629776000977,307.54998779296875
2025-07-02,2571.33544921875,615.2315063476562,25.963289260864254,309.25
2025-07-03,2591.00732421875,620.0803833007812,26.0889949798584,307.1400146484375
2025-07-04,2508.518310546875,,,
2025-07-05,2517.280029296875,,,
2025-07-06,2571.236572265625,,,
2025-07-07,2543.01318359375,615.4595336914062,26.176023483276367,307.3699951171875
2025-07-08,2615.505859375,615.1224365234375,26.19536399841309,304.1600036621094
2025-07-09,2770.777587890625,618.8110961914062,26.19536399841309,305.5199890136719
2025-07-10,2954.84521484375,620.5563354492188,26.243711471557617,306.20001220703125
2025-07-11,2957.88623046875,618.3748168945312,26.321069717407227,309.1400146484375
2025-07-12,2942.91162109375,,,
2025-07-13,2973.35888671875,,,
2025-07-14,3013.350830078125,619.5548095703125,26.38875961303711,308.010009765625
2025-07-15,3139.8896484375,616.9072875976562,26.53380584716797,306.7300109863281
2025-07-16,3371.5068359375,618.9697265625,26.43710708618164,308.260009765625
2025-07-17,3476.784423828125,622.7576293945312,26.553142547607425,307.5899963378906
2025-07-18,3549.016357421875,622.3014526367188,26.51446533203125,308.3900146484375
2025-07-19,3595.273681640625,,,
2025-07-20,3759.471435546875,,,
2025-07-21,3763.371337890625,623.4815063476562,26.340410232543945,313.1300048828125
2025-07-22,3749.1455078125,623.5707397460938,26.205034255981445,316.1000061035156
2025-07-23,3629.70361328125,628.8757934570312,26.166353225708008,312.17999267578125
2025-07-24,3708.005615234375,629.0839233398438,26.234041213989254,310.2699890136719
2025-07-25,3727.266845703125,631.7413940429688,26.29206085205078,307.3999938964844
2025-07-26,3741.39599609375,,,
2025-07-27,3875.24658203125,,,
2025-07-28,3787.42578125,631.5828247070312,26.59182357788086,305.4100036621094
2025-07-29,3793.454833984375,629.9169311523438,26.65951156616211,306.25
2025-07-30,3808.20166015625,629.1236572265625,26.920595169067383,300.9599914550781
2025-07-31,3696.707763671875,626.763671875,26.978612899780273,302.9599914550781
2025-08-01,3488.365966796875,616.4907836914062,26.65951156616211,309.1099853515625
2025-08-02,3392.7412109375,,,
2025-08-03,3497.379150390625,,,
2025-08-04,3718.986083984375,625.8612670898438,26.64984130859375,310.9100036621094
2025-08-05,3611.8994140625,622.688232421875,26.64984130859375,311.1600036621094
2025-08-06,3683.920654296875,627.457763671875,26.49512481689453,310.5
2025-08-07,3914.325927734375,626.9321899414062,26.475786209106445,313.1199951171875
2025-08-08,4009.848876953125,631.82080078125,26.52413558959961,313.04998779296875
2025-08-09,4263.59912109375,,,
2025-08-10,4254.2177734375,,,
2025-08-11,4226.966796875,630.5713500976562,26.630502700805664,308.54998779296875
2025-08-12,4590.9248046875,637.284423828125,26.49512481689453,308.2699890136719
2025-08-13,4756.27587890625,639.4658813476562,26.42743682861328,309.2099914550781
2025-08-14,4548.16650390625,639.5254516601562,26.52413558959961,307.25
2025-08-15,4439.98876953125,638.0281372070312,26.43710708618164,307.42999267578125
2025-08-16,4426.18017578125,,,
2025-08-17,4473.271484375,,,
2025-08-18,4312.5048828125,637.8892822265625,26.50479507446289,306.95001220703125
2025-08-19,4073.464111328125,634.4286499023438,26.57248306274414,305.2699890136719
2025-08-20,4334.50048828125,632.7429809570312,26.553142547607425,308.3599853515625
2025-08-21,4223.2099609375,630.2044677734375,26.688520431518555,307.2900085449219
2025-08-22,4831.3486328125,639.88232421875,26.42743682861328,310.5799865722656
2025-08-23,4776.09033203125,,,
2025-08-24,4779.6474609375,,,
2025-08-25,4372.98779296875,637.0662841796875,26.64017105102539,309.8299865722656
2025-08-26,4600.4267578125,639.7335815429688,26.57248306274414,312.0799865722656
2025-08-27,4503.39306640625,641.1912841796875,26.5821533203125,312.7099914550781
2025-08-28,4507.177734375,643.4619750976562,26.485454559326172,315.0299987792969
2025-08-29,4360.15283203125,639.6245727539062,26.46611785888672,318.07000732421875
2025-08-30,4374.1533203125,,,
2025-08-31,4390.01904296875,,,
2025-09-01,4314.47021484375,,,
2025-09-02,4325.36572265625,634.884765625,26.64017105102539,325.5899963378906
2025-09-03,4450.38916015625,638.3255615234375,26.59182357788086,328.1400146484375
2025-09-04,4298.744140625,643.6602783203125,26.630502700805664,326.69000244140625
2025-09-05,4306.98876953125,641.796142578125,26.49512481689453,331.04998779296875
2025-09-06,4274.2421875,,,
2025-09-07,4305.34765625,,,
2025-09-08,4308.072265625,643.3727416992188,26.408098220825195,334.82000732421875
2025-09-09,4309.04150390625,644.8601684570312,26.51446533203125,334.05999755859375
2025-09-10,4349.14599609375,646.724365234375,26.53380584716797,335.260009765625
2025-09-11,4461.2333984375,652.0988159179688,26.44677734375,334.760009765625
2025-09-12,4715.24609375,651.8805541992188,26.485454559326172,335.4200134277344
2025-09-13,4668.1796875,,,
2025-09-14,4609.59765625,,,
2025-09-15,4526.8203125,655.3511352539062,26.398427963256836,338.9100036621094
2025-09-16,4503.564453125,654.4488525390625,26.234041213989254,339.5899963378906
2025-09-17,4592.7333984375,653.6356811523438,26.321069717407227,336.9700012207031
2025-09-18,4589.9189453125,656.6898803710938,26.44677734375,335.6199951171875
2025-09-19,4470.9169921875,659.9423217773438,26.52413558959961,339.17999267578125
2025-09-20,4482.265625,,,
2025-09-21,4451.3291015625,,,
2025-09-22,4202.87744140625,663.0645751953125,26.42743682861328,345.04998779296875
2025-09-23,4165.50390625,659.4551391601562,26.408098220825195,346.4599914550781
2025-09-24,4153.46923828125,657.3569946289062,26.60149383544922,343.32000732421875
2025-09-25,3868.333984375,654.3242797851562,26.785219192504883,344.75
2025-09-26,4035.887939453125,658.072998046875,26.688520431518555,346.739990234375
2025-09-27,4018.658203125,,,
2025-09-28,4141.4765625,,,
2025-09-29,4217.341796875,659.9224243164062,26.630502700805664,352.4599914550781
2025-09-30,4145.95751953125,662.4082641601562,26.60149383544922,355.4700012207031
2025-10-01,4351.1123046875,664.6654052734375,26.59182357788086,356.0299987792969
2025-10-02,4487.923828125,665.4309692382812,26.630502700805664,354.7900085449219
2025-10-03,4514.87060546875,665.421142578125,26.5821533203125,357.6400146484375
2025-10-04,4489.197265625,,,
2025-10-05,4515.4228515625,,,
2025-10-06,4687.771484375,667.8074951171875,26.707860946655273,364.3800048828125
2025-10-07,4451.15185546875,665.3316040039062,26.862577438354492,366.260009765625
2025-10-08,4527.64794921875,669.2990112304688,26.920595169067383,372.2999877929687
2025-10-09,4369.1435546875,667.3600463867188,27.104320526123047,365.4299926757813
2025-10-10,3843.0087890625,649.32275390625,26.96894264221191,369.1199951171875
2025-10-11,3750.611572265625,,,
2025-10-12,4164.427734375,,,
2025-10-13,4245.4677734375,659.2860107421875,27.06564140319824,378.0899963378906
2025-10-14,4125.412109375,658.4805908203125,26.988283157348633,380.7900085449219
2025-10-15,3987.45947265625,661.4039306640625,26.910924911499023,387.3900146484375
2025-10-16,3894.75439453125,656.8995971679688,26.80455780029297,396.4500122070313
2025-10-17,3832.558837890625,660.62841796875,26.833566665649418,388.989990234375
2025-10-18,3890.34619140625,,,
2025-10-19,3984.649658203125,,,
2025-10-20,3980.76025390625,667.499267578125,26.901254653930664,403.1499938964844
2025-10-21,3876.76416015625,667.4893188476562,27.00762367248535,377.239990234375
2025-10-22,3808.122314453125,664.0191040039062,26.978612899780273,377.2799987792969
2025-10-23,3856.0263671875,667.9566650390625,26.988283157348633,378.7900085449219
2025-10-24,3934.5673828125,673.4155883789062,26.988283157348633,377.5199890136719
2025-10-25,3953.470947265625,,,
2025-10-26,4157.9892578125,,,
2025-10-27,4120.1220703125,681.3603515625,26.959272384643555,367.010009765625
2025-10-28,3982.262451171875,683.1700439453125,26.9399356842041,364.3800048828125
2025-10-29,3903.35302734375,683.4982299804688,27.094650268554688,363.0
2025-10-30,3804.375244140625,675.9810180664062,27.201017379760746,370.1300048828125
2025-10-31,3847.080322265625,678.1983032226562,27.27837562561035,368.1199951171875
2025-11-01,3874.18798828125,,,
2025-11-02,3911.063232421875,,,
2025-11-03,3602.30810546875,679.4711303710938,27.29771423339844,368.7799987792969
2025-11-04,3292.574462890625,671.4169921875,27.384742736816406,362.3200073242187
2025-11-05,3425.171142578125,673.7437133789062,27.39441299438477,366.510009765625
2025-11-06,3312.2578125,666.514892578125,27.249366760253903,366.0700073242187
2025-11-07,3435.301025390625,667.1710815429688,27.230026245117188,368.30999755859375
2025-11-08,3400.3759765625,,,
2025-11-09,3582.621337890625,,,
2025-11-10,3568.4599609375,677.5818481445312,27.249366760253903,378.3800048828125
2025-11-11,3415.2822265625,679.1329956054688,27.2106876373291,379.8699951171875
2025-11-12,3413.09423828125,679.5109252929688,27.220355987548828,385.989990234375
2025-11-13,3232.757080078125,668.235107421875,27.14299964904785,382.8699951171875
2025-11-14,3103.78564453125,668.1256713867188,27.181678771972656,375.9599914550781
2025-11-15,3166.63134765625,,,
2025-11-16,3092.847412109375,,,
2025-11-17,3024.538818359375,661.901123046875,27.249366760253903,371.6499938964844
2025-11-18,3122.97900390625,656.3427734375,27.27837562561035,374.3500061035156
2025-11-19,3023.07080078125,658.8783569335938,27.452430725097656,374.9599914550781
2025-11-20,2831.777587890625,648.8355712890625,27.471771240234375,374.8500061035156
2025-11-21,2765.69921875,655.2987670898438,27.452430725097656,374.2699890136719
2025-11-22,2767.607421875,,,
2025-11-23,2801.676025390625,,,
2025-11-24,2952.71337890625,664.9437866210938,27.452430725097656,380.2000122070313
2025-11-25,2957.936279296875,671.1982421875,27.375072479248047,380.0799865722656
2025-11-26,3027.81201171875,675.8318481445312,27.29771423339844,383.1199951171875
2025-11-27,3014.542236328125,,,
2025-11-28,3032.304443359375,679.5208129882812,27.27837562561035,387.8800048828125
2025-11-29,2991.685302734375,,,
2025-11-30,2992.112548828125,,,
2025-12-01,2800.18896484375,676.41845703125,27.268707275390625,389.75
2025-12-02,2997.939697265625,677.67138671875,27.259037017822266,387.239990234375
2025-12-03,3191.57177734375,680.0180053710938,27.123659133911133,386.8800048828125
2025-12-04,3134.31640625,680.51513671875,27.181678771972656,387.1300048828125
2025-12-05,3024.432861328125,681.8078002929688,27.152667999267575,386.44000244140625
2025-12-06,3040.207763671875,,,
2025-12-07,3061.3017578125,,,
2025-12-08,3125.197998046875,679.7594604492188,27.191349029541016,385.4200134277344
2025-12-09,3321.114990234375,679.1727905273438,27.230026245117188,387.3999938964844
2025-12-10,3325.39013671875,683.6771850585938,27.084980010986328,389.0499877929687
2025-12-11,3237.056884765625,685.26806640625,26.988283157348633,393.239990234375
2025-12-12,3084.172607421875,677.9000854492188,27.02696228027344,395.44000244140625
2025-12-13,3116.6953125,,,
2025-12-14,3060.5947265625,,,
2025-12-15,2964.18310546875,676.8758544921875,27.00762367248535,395.7999877929687
2025-12-16,2964.180908203125,675.0264282226562,26.978612899780273,395.8900146484375
2025-12-17,2831.403564453125,667.5986938476562,27.036630630493164,399.2900085449219
2025-12-18,2827.069091796875,672.6399536132812,27.055971145629883,398.5700073242187
2025-12-19,2977.970703125,678.7363891601562,27.14299964904785,399.0199890136719
2025-12-20,2977.58251953125,,,
2025-12-21,3001.61376953125,,,
2025-12-22,3006.07373046875,682.96484375,27.030000686645508,408.2300109863281
2025-12-23,2963.3740234375,686.0863037109375,26.940000534057617,413.6400146484375
2025-12-24,2945.590576171875,688.4996948242188,26.950000762939453,411.9299926757813
2025-12-25,2903.57958984375,,,
2025-12-26,2925.74560546875,688.4298706054688,26.969999313354492,416.739990234375
2025-12-27,2947.998291015625,,,
2025-12-28,2948.568115234375,,,
2025-12-29,2934.538330078125,685.9765625,26.979999542236328,398.6000061035156
2025-12-30,2971.416748046875,685.138916015625,27.049999237060547,398.8900146484375
2025-12-31,2967.03759765625,680.062744140625,27.030000686645508,396.30999755859375
2026-01-01,3000.394287109375,,,
2026-01-02,3124.422607421875,681.309326171875,27.11000061035156,398.2799987792969
2026-01-03,3125.91748046875,,,
2026-01-04,3140.71044921875,,,
2026-01-05,3226.13037109375,685.846923828125,27.06999969482422,408.760009765625
2026-01-06,3295.94677734375,689.92578125,27.15999984741211,413.1799926757813
2026-01-07,3166.843994140625,687.701904296875,27.200000762939453,409.2300109863281
2026-01-08,3104.382568359375,687.632080078125,27.270000457763672,411.489990234375
2026-01-09,3083.047119140625,692.1796264648438,27.329999923706055,414.4700012207031
2026-01-10,3082.39599609375,,,
2026-01-11,3118.88525390625,,,
2026-01-12,3092.3251953125,693.2666625976562,27.280000686645508,422.2300109863281
2026-01-13,3322.095458984375,691.8804931640625,27.350000381469727,421.6300048828125
2026-01-14,3354.72265625,688.479736328125,27.329999923706055,425.94000244140625
2026-01-15,3317.101318359375,690.3546142578125,27.43000030517578,423.3299865722656
2026-01-16,3295.482177734375,689.7761840820312,27.43000030517578,421.2900085449219
2026-01-17,3308.8642578125,,,
2026-01-18,3281.15771484375,,,
2026-01-19,3186.62109375,,,
2026-01-20,2935.605712890625,675.7345581054688,27.209999084472656,437.2300109863281
2026-01-21,2978.901123046875,683.5332641601562,27.270000457763672,443.6000061035156
2026-01-22,2949.63330078125,687.103515625,27.149999618530273,451.7900085449219
2026-01-23,2953.25634765625,687.352783203125,26.90999984741211,458.0
2026-01-24,2948.74072265625,,,
2026-01-25,2815.90234375,,,
2026-01-26,2926.45703125,690.84326171875,26.780000686645508,464.70001220703125
2026-01-27,3022.2109375,693.5957641601562,26.469999313354492,476.1000061035156
2026-01-28,3006.607421875,693.5259399414062,26.6299991607666,494.55999755859375
2026-01-29,2818.232666015625,692.1497192382812,26.59000015258789,495.8999938964844
2026-01-30,2702.375244140625,690.0853271484375,26.850000381469727,444.95001220703125
2026-01-31,2445.091796875,,,
2026-02-01,2267.96484375,,,
2026-02-02,2344.356689453125,693.5159912109375,26.989999771118164,427.1300048828125
2026-02-03,2227.558837890625,687.6520385742188,26.920000076293945,454.2900085449219
2026-02-04,2143.504150390625,684.3211059570312,27.010000228881836,453.9700012207031
2026-02-05,1821.68310546875,675.7744750976562,27.09000015258789,441.8800048828125
2026-02-06,2063.386962890625,688.739013671875,27.010000228881836,455.4599914550781
2026-02-07,2090.54931640625,,,
2026-02-08,2088.762939453125,,,
2026-02-09,2103.567626953125,692.0599975585938,26.790000915527344,467.0299987792969
2026-02-10,2019.4974365234375,690.2349243164062,26.799999237060547,462.3999938964844
2026-02-11,1940.621337890625,690.075439453125,26.829999923706055,467.6300048828125
2026-02-12,1946.940673828125,679.41455078125,26.81999969482422,451.3900146484375
2026-02-13,2048.52734375,679.8931884765625,26.81999969482422,462.6199951171875
2026-02-14,2086.009765625,,,
2026-02-15,1966.04296875,,,
2026-02-16,1997.917724609375,,,
2026-02-17,1992.1943359375,680.9901733398438,26.90999984741211,448.20001220703125
2026-02-18,1953.97412109375,684.4208374023438,27.079999923706055,458.2799987792969
2026-02-19,1948.2010498046875,682.61572265625,27.1200008392334,459.55999755859375
2026-02-20,1969.0223388671875,687.5523071289062,27.09000015258789,468.6199951171875
2026-02-21,1973.7371826171875,,,
2026-02-22,1957.805908203125,,,
2026-02-23,1855.5028076171875,680.531494140625,27.09000015258789,481.2799987792969
2026-02-24,1852.969482421875,685.4779052734375,27.110000610351562,474.6099853515625
2026-02-25,2054.6279296875,691.26220703125,27.079999923706055,473.4200134277344
2026-02-26,2026.7926025390625,687.422607421875,27.100000381469727,477.4800109863281
2026-02-27,1930.7618408203125,684.1216430664062,27.079999923706055,483.75
2026-02-28,1965.050537109375,,,
2026-03-01,1939.066650390625,,,
2026-03-02,2027.2689208984375,684.5106201171875,27.329999923706055,490.0
2026-03-03,1982.7689208984375,678.4771118164062,27.459999084472656,468.1400146484375
2026-03-04,2126.50537109375,683.2639770507812,27.40999984741211,471.79998779296875
2026-03-05,2071.60546875,679.4544067382812,27.479999542236328,466.1300048828125
2026-03-06,1978.751220703125,670.5487060546875,27.469999313354492,473.510009765625
2026-03-07,1969.4554443359375,,,
2026-03-08,1936.604736328125,,,
2026-03-09,1992.938232421875,676.4227294921875,27.459999084472656,472.5299987792969
2026-03-10,2037.1204833984375,675.3356323242188,27.450000762939453,477.8599853515625
2026-03-11,2051.5732421875,674.4879760742188,27.549999237060547,476.239990234375
2026-03-12,2073.13623046875,664.2459106445312,27.68000030517578,466.8800048828125
2026-03-13,2092.5634765625,660.4862060546875,27.889999389648438,460.8399963378906
2026-03-14,2097.086669921875,,,
2026-03-15,2177.476318359375,,,
2026-03-16,2351.176025390625,667.2078857421875,27.729999542236328,460.42999267578125
2026-03-17,2318.053466796875,668.9630126953125,27.68000030517578,459.2699890136719
2026-03-18,2203.671630859375,659.6285400390625,27.850000381469727,444.739990234375
2026-03-19,2137.423828125,658.0029907226562,27.579999923706055,426.4100036621094
2026-03-20,2146.4970703125,648.5700073242188,27.68000030517578,413.3800048828125
2026-03-21,2076.68994140625,,,
2026-03-22,2053.04833984375,,,
2026-03-23,2152.14599609375,655.3800048828125,27.559999465942383,404.0400085449219
2026-03-24,2155.704345703125,653.1799926757812,27.649999618530273,404.1300048828125
2026-03-25,2168.021484375,656.8200073242188,27.700000762939453,416.2900085449219
2026-03-26,2059.578369140625,645.0900268554688,27.809999465942383,400.6400146484375
2026-03-27,1991.27197265625,634.0900268554688,27.84000015258789,414.70001220703125
2026-03-28,1992.694580078125,,,
2026-03-29,1982.5596923828125,,,
2026-03-30,2023.514892578125,631.969970703125,27.979999542236328,414.5799865722656
2026-03-31,2104.708251953125,650.3400268554688,27.780000686645508,430.2900085449219
2026-04-01,2138.737060546875,655.239990234375,27.729999542236328,437.82000732421875
2026-04-02,2056.8525390625,655.8300170898438,27.860000610351562,429.4100036621094
2026-04-03,2053.38525390625,,,
2026-04-04,2065.3515625,,,
2026-04-05,2108.99560546875,,,
2026-04-06,2107.761474609375,658.9299926757812,27.829999923706055,427.6499938964844
2026-04-07,2241.806640625,659.219970703125,27.75,431.80999755859375
2026-04-08,2190.33544921875,676.010009765625,27.530000686645508,434.5299987792969
2026-04-09,2189.14404296875,679.9099731445312,27.479999542236328,437.9100036621094
2026-04-10,2245.148681640625,679.4600219726562,27.440000534057617,437.1300048828125
2026-04-11,2285.39013671875,,,
2026-04-12,2192.201171875,,,
2026-04-13,2370.71484375,686.0999755859375,27.3799991607666,435.3599853515625
2026-04-14,2323.30859375,694.4600219726562,27.31999969482422,445.0899963378906
2026-04-15,2359.43701171875,699.9400024414062,27.290000915527344,440.4599914550781
2026-04-16,2348.64501953125,701.6599731445312,27.3700008392334,440.0799865722656
2026-04-17,2421.07177734375,710.1400146484375,27.360000610351562,445.92999267578125
2026-04-18,2351.1005859375,,,
2026-04-19,2264.9169921875,,,
2026-04-20,2315.21240234375,708.719970703125,27.31999969482422,442.0899963378906
2026-04-21,2327.970458984375,704.0800170898438,27.469999313354492,429.57000732421875
2026-04-22,2376.088134765625,711.2100219726562,27.479999542236328,435.260009765625
2026-04-23,2331.513916015625,708.4500122070312,27.530000686645508,431.0400085449219
2026-04-24,2315.690185546875,713.9400024414062,27.479999542236328,433.25
2026-04-25,2318.8291015625,,,
2026-04-26,2369.72900390625,,,
2026-04-27,2303.06396484375,715.1699829101562,27.450000762939453,429.8900146484375
2026-04-28,2289.419677734375,711.6900024414062,27.530000686645508,421.9100036621094
2026-04-29,2253.415771484375,711.5800170898438,27.610000610351562,417.4100036621094
2026-04-30,2256.251220703125,718.6599731445312,27.360000610351562,423.6600036621094
2026-05-01,2295.09375,720.6500244140625,27.40999984741211,423.17999267578125
2026-05-02,2303.7099609375,,,
