Date,fng_value,hash_rate,tx_count,mempool_size,avg_fee,funding_rate
2009-01-03,,4.97102696296296e-08,,,,
2009-01-07,,0.0,,,,
2009-01-11,,5.26928858074074e-06,,,,
2009-01-15,,6.31320424296296e-06,,,,
2009-01-17,,,109.0,,0.0,
2009-01-19,,5.91552208592593e-06,,,,
2009-01-21,,,105.0,,0.0,
2009-01-23,,3.33058806518518e-06,,,,
2009-01-25,,,192.0,,0.0,
2009-01-27,,5.12015777185185e-06,,,,
2009-01-29,,,122.0,,0.0,
2009-01-31,,6.41262478222222e-06,,,,
2009-02-02,,,129.0,,0.0,
2009-02-04,,6.11436316444444e-06,,,,
2009-02-06,,,122.0,,0.0,
2009-02-08,,6.66117613037037e-06,,,,
2009-02-10,,,120.0,,0.0,
2009-02-12,,5.8658118162963e-06,,,,
2009-02-14,,,136.0,,0.0,
2009-02-16,,6.11436316444444e-06,,,,
2009-02-18,,,118.0,,0.0,
2009-02-20,,6.36291451259259e-06,,,,
2009-02-22,,,125.0,,0.0,
2009-02-24,,5.51783992888889e-06,,,,
2009-02-26,,,107.0,,0.0,
2009-02-28,,5.07044750222222e-06,,,,
2009-03-02,,,108.0,,0.0,
2009-03-04,,5.26928858074074e-06,,,,
2009-03-06,,,117.0,,0.0,
2009-03-08,,5.56755019851852e-06,,,,
2009-03-10,,,107.0,,0.0,
2009-03-12,,5.8658118162963e-06,,,,
2009-03-14,,,110.0,,0.0,
2009-03-16,,6.46233505185185e-06,,,,
2009-03-18,,,116.0,,0.0,
2009-03-20,,5.8658118162963e-06,,,,
2009-03-22,,,120.0,,0.0,
2009-03-24,,5.21957831111111e-06,,,,
2009-03-26,,,118.0,,0.0,
2009-03-28,,5.91552208592593e-06,,,,
2009-03-30,,,120.0,,0.0,
2009-04-01,,5.31899885037037e-06,,,,
2009-04-03,,,116.0,,0.0,
2009-04-05,,6.41262478222222e-06,,,,
2009-04-07,,,100.0,,0.0,
2009-04-09,,4.92131669333333e-06,,,,
2009-04-11,,,121.0,,0.0,
2009-04-13,,5.71668100740741e-06,,,,
2009-04-15,,,113.0,,0.0,
2009-04-17,,5.71668100740741e-06,,,,
2009-04-19,,,120.0,,0.0,
2009-04-21,,6.11436316444444e-06,,,,
2009-04-23,,,75.0,,0.0,
2009-04-25,,6.06465289481481e-06,,,,
2009-04-27,,,104.0,,0.0,
2009-04-29,,6.11436316444444e-06,,,,
2009-05-01,,,121.0,,0.0,
2009-05-03,,5.66697073777778e-06,,,,
2009-05-05,,,136.0,,0.0,
2009-05-07,,6.01494262518519e-06,,,,
2009-05-09,,,77.0,,0.0,
2009-05-11,,5.91552208592593e-06,,,,
2009-05-13,,,116.0,,0.0,
2009-05-15,,7.10856855703704e-06,,,,
2009-05-17,,,127.0,,0.0,
2009-05-19,,4.97102696296296e-06,,,,
2009-05-21,,,82.0,,0.0,
2009-05-23,,3.47971887407407e-07,,,,
2009-05-25,,,109.0,,0.0,
2009-05-27,,6.2137837037037e-06,,,,
2009-05-29,,,107.0,,0.0,
2009-05-31,,5.8658118162963e-06,,,,
2009-06-02,,,110.0,,0.0,
2009-06-04,,1.93870051555556e-06,,,,
2009-06-06,,,27.0,,0.0,
2009-06-08,,3.57913941333333e-06,,,,
2009-06-10,,,82.0,,0.0,
2009-06-12,,4.5236345362963e-06,,,,
2009-06-14,,,72.0,,0.0,
2009-06-16,,3.62884968296296e-06,,,,
2009-06-18,,,80.0,,0.0,
2009-06-20,,4.17566264888889e-06,,,,
2009-06-22,,,77.0,,0.0,
2009-06-24,,4.22537291851852e-06,,,,
2009-06-26,,,90.0,,0.0,
2009-06-28,,2.53522375111111e-06,,,,
2009-06-30,,,86.0,,0.0,
2009-07-02,,3.57913941333333e-06,,,,
2009-07-04,,,89.0,,0.0,
2009-07-06,,4.5236345362963e-06,,,,
2009-07-08,,,74.0,,0.0,
2009-07-10,,4.07624210962963e-06,,,,
2009-07-12,,,77.0,,0.0,
2009-07-14,,3.57913941333333e-06,,,,
2009-07-16,,,71.0,,0.0,
2009-07-18,,1.49130808888889e-07,,,,
2009-07-20,,,71.0,,0.14,
2009-07-22,,3.43000860444444e-06,,,,
2009-07-24,,,73.0,,0.0,
2009-07-26,,6.46233505185185e-07,,,,
2009-07-28,,,41.0,,0.0,
2009-07-30,,6.95943774814815e-07,,,,
2009-08-01,,,28.0,,0.0,
2009-08-03,,7.45654044444445e-07,,,,
2009-08-05,,,87.0,,0.0,
2009-08-07,,3.67855995259259e-06,,,,
2009-08-09,,,101.0,,0.0,
2009-08-11,,3.33058806518518e-06,,,,
2009-08-13,,,85.0,,0.0,
2009-08-15,,1.69014916740741e-06,,,,
2009-08-17,,,17.0,,0.0,
2009-08-19,,7.45654044444445e-07,,,,
2009-08-21,,,13.0,,0.0,
2009-08-23,,5.96523235555555e-07,,,,
2009-08-25,,,51.0,,0.0,
2009-08-27,,1.49130808888889e-06,,,,
2009-08-29,,,78.0,,0.0,
2009-08-31,,4.67276534518518e-06,,,,
2009-09-02,,,65.0,,0.0,
2009-09-04,,3.13174698666667e-06,,,,
2009-09-06,,,68.0,,0.0,
2009-09-08,,3.28087779555556e-06,,,,
2009-09-10,,,67.0,,0.0,
2009-09-12,,3.5294291437037e-06,,,,
2009-09-14,,,74.0,,0.0,
2009-09-16,,2.88319563851852e-06,,,,
2009-09-18,,,78.0,,0.0,
2009-09-20,,3.92711130074074e-06,,,,
2009-09-22,,,27.0,,0.0,
2009-09-24,,4.07624210962963e-06,,,,
2009-09-26,,,100.0,,0.0,
2009-09-28,,4.37450372740741e-06,,,,
2009-09-30,,,85.0,,0.0,
2009-10-02,,3.72827022222222e-06,,,,
2009-10-04,,,53.0,,0.0,
2009-10-06,,2.03812105481482e-06,,,,
2009-10-08,,,70.0,,0.0,
2009-10-10,,3.82769076148148e-06,,,,
2009-10-12,,,59.0,,0.0,
2009-10-14,,2.78377509925926e-06,,,,
2009-10-16,,,61.0,,0.0,
2009-10-18,,3.1814572562963e-06,,,,
2009-10-20,,,96.0,,0.12,
2009-10-22,,4.27508318814815e-06,,,,
2009-10-24,,,63.0,,0.0,
2009-10-26,,3.23116752592593e-06,,,,
2009-10-28,,,67.0,,0.0,
2009-10-30,,3.03232644740741e-06,,,,
2009-11-01,,,25.0,,0.0,
2009-11-03,,2.83348536888889e-06,,,,
2009-11-05,,,58.0,,0.0,
2009-11-07,,3.77798049185185e-06,,,,
2009-11-09,,,64.0,,0.0,
2009-11-11,,3.43000860444444e-06,,,,
2009-11-13,,,83.0,,0.0,
2009-11-15,,4.77218588444444e-06,,,,
2009-11-17,,,92.0,,0.0,
2009-11-19,,3.62884968296296e-06,,,,
2009-11-21,,,73.0,,0.0,
2009-11-23,,4.77218588444444e-06,,,,
2009-11-25,,,90.0,,0.0,
2009-11-27,,3.72827022222222e-06,,,,
2009-11-29,,,60.0,,0.0,
2009-12-01,,3.28087779555556e-06,,,,
2009-12-03,,,88.0,,0.0,
2009-12-05,,2.58493402074074e-06,,,,
2009-12-07,,,112.0,,0.0,
2009-12-09,,4.67276534518518e-06,,,,
2009-12-11,,,112.0,,0.0,
2009-12-13,,5.16986804148148e-06,,,,
2009-12-15,,,112.0,,0.0,
2009-12-17,,8.00335341037037e-06,,,,
2009-12-19,,,199.0,,0.0,
2009-12-21,,9.29582042074074e-06,,,,
2009-12-23,,,154.0,,0.0,
2009-12-25,,7.80451233185185e-06,,,,
2009-12-27,,,168.0,,0.0,
2009-12-29,,8.15248421925926e-06,,,,
2009-12-31,,,138.0,,0.0,
2010-01-02,,7.6442931234091e-06,,,,
2010-01-04,,,183.0,,0.0,
2010-01-06,,9.29075625768183e-06,,,,
2010-01-08,,,153.0,,0.0,
2010-01-10,,1.12312306659318e-05,,,,
2010-01-12,,,161.0,,0.26,
2010-01-14,,1.02502484902837e-05,,,,
2010-01-16,,,126.0,,0.0,
2010-01-18,,8.4337487578284e-06,,,,
2010-01-20,,,158.0,,0.0,
2010-01-22,,9.73124856672508e-06,,,,
2010-01-24,,,155.0,,0.0,
2010-01-26,,1.34980007194616e-05,,,,
2010-01-28,,,179.0,,0.0,
2010-01-30,,1.20279214331836e-05,,,,
2010-02-01,,,193.0,,0.0,
2010-02-03,,1.62376939347979e-05,,,,
2010-02-05,,,227.0,,0.0,
2010-02-07,,1.87139403823172e-05,,,,
2010-02-09,,,210.0,,0.44,
2010-02-11,,1.60921806186109e-05,,,,
2010-02-13,,,235.0,,0.0,
2010-02-15,,2.32460914215077e-05,,,,
2010-02-17,,,250.0,,0.0,
2010-02-19,,2.24921641321615e-05,,,,
2010-02-21,,,227.0,,0.0,
2010-02-23,,3.15392916043158e-05,,,,
2010-02-25,,,158.0,,0.0,
2010-02-27,,3.25176751436248e-05,,,,
2010-03-01,,,199.0,,0.0,
2010-03-03,,2.78185891402109e-05,,,,
2010-03-05,,,173.0,,0.0,
2010-03-07,,3.25176751436248e-05,,,,
2010-03-09,,,148.0,,0.0,
2010-03-11,,3.28852291444466e-05,,,,
2010-03-13,,,154.0,,0.0,
2010-03-15,,2.79299206432286e-05,,,,
2010-03-17,,,139.0,,0.0,
2010-03-19,,2.99570923028178e-05,,,,
2010-03-21,,,190.0,,0.0,
2010-03-23,,4.65217732310883e-05,,,,
2010-03-25,,,202.0,,0.0,
2010-03-27,,3.9486773376631e-05,,,,
2010-03-29,,,207.0,,0.0,
2010-03-31,,4.69756441894404e-05,,,,
2010-04-02,,,161.0,,0.0,
2010-04-04,,5.02167758384825e-05,,,,
2010-04-06,,,174.0,,0.0,
2010-04-08,,5.89895860753258e-05,,,,
2010-04-10,,,298.0,,0.0,
2010-04-12,,8.43531550865232e-05,,,,
2010-04-14,,,223.0,,0.0,
2010-04-16,,7.85222918316944e-05,,,,
2010-04-18,,,3351.0,,0.0,
2010-04-20,,7.96884644826601e-05,,,,
2010-04-22,,,199.0,,0.0,
2010-04-24,,8.37744517822657e-05,,,,
2010-04-26,,,211.0,,0.0,
2010-04-28,,9.9731490216983e-05,,,,
2010-04-30,,,170.0,,0.0,
2010-05-02,,9.68820190679263e-05,,,,
2010-05-04,,,177.0,,0.0,
2010-05-06,,9.64491901786208e-05,,,,
2010-05-08,,,182.0,,0.0,
2010-05-10,,8.75068811554374e-05,,,,
2010-05-12,,,158.0,,0.0,
2010-05-14,,7.66483630558576e-05,,,,
2010-05-16,,,134.0,,0.0,
2010-05-18,,0.000107307708278201,,,,
2010-05-20,,,237.0,,0.0,
2010-05-22,,0.000113064805519858,,,,
2010-05-24,,,250.0,,0.0,
2010-05-26,,0.000124842389428177,,,,
2010-05-28,,,277.0,,0.0,
2010-05-30,,0.000124746971748383,,,,
2010-06-01,,,183.0,,0.0,
2010-06-03,,0.000129703805062888,,,,
2010-06-05,,,190.0,,0.0,
2010-06-07,,0.000128877666177137,,,,
2010-06-09,,,220.0,,0.0,
2010-06-11,,0.000138791332806148,,,,
2010-06-13,,,238.0,,0.0,
2010-06-15,,0.00016935153872945,,,,
2010-06-17,,,204.0,,0.0,
2010-06-19,,0.000136518077139047,,,,
2010-06-21,,,242.0,,0.0,
2010-06-23,,0.000147750577156816,,,,
2010-06-25,,,210.0,,0.0,
2010-06-27,,0.000153374207557116,,,,
2010-06-29,,,264.0,,0.0,
2010-07-01,,0.00020064047277912,,,,
2010-07-03,,,286.0,,0.0,
2010-07-05,,0.000169772707736179,,,,
2010-07-07,,,218.0,,0.0,
2010-07-09,,0.000220799974472116,,,,
2010-07-11,,,353.0,,0.0,
2010-07-13,,0.00167856925065505,,,,
2010-07-15,,,1329.0,,0.66,
2010-07-17,,0.00165149555306384,,,,
2010-07-19,,,528.0,,0.09,
2010-07-21,,0.00182296230447484,,,,
2010-07-23,,,411.0,,0.01,
2010-07-25,,0.00193125709483968,,,,
2010-07-27,,,426.0,,0.67,
2010-07-29,,0.0021244834042325,,,,
2010-07-31,,,295.0,,0.3,
2010-08-02,,0.00308353591242889,,,,
2010-08-04,,,439.0,,0.0,
2010-08-06,,0.00281847061359461,,,,
2010-08-08,,,391.0,,0.0,
2010-08-10,,0.0036237479317645,,,,
2010-08-12,,,392.0,,0.0,
2010-08-14,,0.00456907347918133,,,,
2010-08-16,,,453.0,,0.67,
2010-08-18,,0.00338357325016817,,,,
2010-08-20,,,423.0,,0.0,
2010-08-22,,0.00506263967506365,,,,
2010-08-24,,,379.0,,0.8,
2010-08-26,,0.00529160327845849,,,,
2010-08-28,,,339.0,,1.1e-06,
2010-08-30,,0.00461732134494324,,,,
2010-09-01,,,380.0,,0.0800002,
2010-09-03,,0.00495819741738872,,,,
2010-09-05,,,311.0,,0.01,
2010-09-07,,0.0046792988126606,,,,
2010-09-09,,,324.0,,0.1100001,
2010-09-11,,0.00574090721074621,,,,
2010-09-13,,,436.0,,1e-07,
2010-09-15,,0.00666228738037215,,,,
2010-09-17,,,361.0,,0.0,
2010-09-19,,0.00958137886113681,,,,
2010-09-21,,,810.0,,1e-07,
2010-09-23,,0.00967263008838573,,,,
2010-09-25,,,532.0,,0.0,
2010-09-27,,0.0108588960426217,,,,
2010-09-29,,,975.0,,0.0,
2010-10-01,,0.0102260252243218,,,,
2010-10-03,,,377.0,,0.00776625,
2010-10-05,,0.00806282758071523,,,,
2010-10-07,,,340.0,,0.0,
2010-10-09,,0.0100293708930848,,,,
2010-10-11,,,342.0,,1.09e-06,
2010-10-13,,0.0115768636273677,,,,
2010-10-15,,,328.0,,0.0,
2010-10-17,,0.0193176067628266,,,,
2010-10-19,,,924.0,,0.0,
2010-10-21,,0.0248910297496032,,,,
2010-10-23,,,517.0,,0.05,
2010-10-25,,0.0224339753108011,,,,
2010-10-27,,,568.0,,0.0,
2010-10-29,,0.0251046866573251,,,,
2010-10-31,,,307.0,,0.0,
2010-11-02,,0.0258201005069688,,,,
2010-11-04,,,342.0,,0.0,
2010-11-06,,0.0310455970381411,,,,
2010-11-08,,,515.0,,0.83,
2010-11-10,,0.0435221497768396,,,,
2010-11-12,,,286.0,,0.0,
2010-11-14,,0.0536698012792116,,,,
2010-11-16,,,9105.0,,0.0,
2010-11-18,,0.059307385447196,,,,
2010-11-20,,,9731.0,,1.0,
2010-11-22,,0.0546168613375639,,,,
2010-11-24,,,3936.0,,0.19,
2010-11-26,,0.0692951428220342,,,,
2010-11-28,,,454.0,,0.0,
2010-11-30,,0.0843295455223728,,,,
2010-12-02,,,460.0,,0.06,
2010-12-04,,0.0879436689019031,,,,
2010-12-06,,,465.0,,0.04518713,
2010-12-08,,0.0927625000746101,,,,
2010-12-10,,,373.0,,0.07,
2010-12-12,,0.105974736816725,,,,
2010-12-14,,,637.0,,0.04892339,
2010-12-16,,0.11328333935581,,,,
2010-12-18,,,499.0,,0.06653564,
2010-12-20,,0.0968389836428695,,,,
2010-12-22,,,659.0,,0.17743052,
2010-12-24,,0.108001742450377,,,,
2010-12-26,,,584.0,,0.09564519,
2010-12-28,,0.121681963160758,,,,
2010-12-30,,,593.0,,0.09238552,
2011-01-01,,0.128162067707781,,,,
2011-01-03,,,1128.0,,0.72825402,
2011-01-05,,0.121596943772684,,,,
2011-01-07,,,1020.0,,0.05352512,
2011-01-09,,0.12321823635632,,,,
2011-01-11,,,1362.0,,0.04152517,
2011-01-13,,0.149969563986311,,,,
2011-01-15,,,962.0,,0.10493887,
2011-01-17,,0.158561467414078,,,,
2011-01-19,,,917.0,,0.05,
2011-01-21,,0.163144168784427,,,,
2011-01-23,,,1081.0,,0.35905919,
2011-01-25,,0.142980282754891,,,,
2011-01-27,,,841.0,,0.59,
2011-01-29,,0.164136211725285,,,,
2011-01-31,,,1393.0,,0.76,
2011-02-02,,0.177267108663308,,,,
2011-02-04,,,954.0,,0.12359852,
2011-02-06,,0.191492247012833,,,,
2011-02-08,,,846.0,,0.17736992,
2011-02-10,,0.244256346380359,,,,
2011-02-12,,,1912.0,,0.74186934,
2011-02-14,,0.240379261517179,,,,
2011-02-16,,,2090.0,,0.59,
2011-02-18,,0.391485054897639,,,,
2011-02-20,,,1939.0,,0.2,
2011-02-22,,0.384235331658794,,,,
2011-02-24,,,2109.0,,0.16769472,
2011-02-26,,0.454920133237534,,,,
2011-02-28,,,1720.0,,0.51785377,
2011-03-02,,0.467009518958862,,,,
2011-03-04,,,1982.0,,0.7207,
2011-03-06,,0.746109882360313,,,,
2011-03-08,,,2440.0,,3.93000002,
2011-03-10,,0.450719122534764,,,,
2011-03-12,,,2956.0,,1.54693618,
2011-03-14,,0.443144011231659,,,,
2011-03-16,,,3183.0,,1.81,
2011-03-18,,0.522682679914265,,,,
2011-03-20,,,4076.0,,2.4870787,
2011-03-22,,0.477232012095633,,,,
2011-03-24,,,2164.0,,8.27023194,
2011-03-26,,0.483475502411536,,,,
2011-03-28,,,2931.0,,4.41,
2011-03-30,,0.53490906649787,,,,
2011-04-01,,,1579.0,,3.4,
2011-04-03,,0.572627013494514,,,,
2011-04-05,,,2119.0,,5.27079999999999,
2011-04-07,,0.663134715812337,,,,
2011-04-09,,,1733.0,,4.21,
2011-04-11,,0.630387322438889,,,,
2011-04-13,,,2371.0,,4.06059999,
2011-04-15,,0.552612263176948,,,,
2011-04-17,,,2257.0,,2.1625,
2011-04-19,,0.647277934068425,,,,
2011-04-21,,,1915.0,,3.3737338,
2011-04-23,,0.78040601979881,,,,
2011-04-25,,,2592.0,,8.71326591999999,
2011-04-27,,0.872218492716317,,,,
2011-04-29,,,3534.0,,7.42157688999999,
2011-05-01,,1.06853945167215,,,,
2011-05-03,,,2935.0,,4.81618089,
2011-05-05,,1.24299487235332,,,,
2011-05-07,,,3887.0,,6.65502295999999,
2011-05-09,,1.35748124217533,,,,
2011-05-11,,,3090.0,,7.99288501999999,
2011-05-13,,1.57286756773456,,,,
2011-05-15,,,3770.0,,14.89642967,
2011-05-17,,2.03455506274122,,,,
2011-05-19,,,4663.0,,16.22203741,
2011-05-21,,2.58473318607827,,,,
2011-05-23,,,5745.0,,17.89042548,
2011-05-25,,3.5433900954688,,,,
2011-05-27,,,4853.0,,13.83792316,
2011-05-29,,3.73988894768231,,,,
2011-05-31,,,6063.0,,19.95330875,
2011-06-02,,4.10739248589387,,,,
2011-06-04,,,8811.0,,32.17970115,
2011-06-06,,7.04978032426183,,,,
2011-06-08,,,11815.0,,44.39330716,
2011-06-10,,6.37300141313269,,,,
2011-06-12,,,12440.0,,44.3103694,
2011-06-14,,6.34480229183565,,,,
2011-06-16,,,12746.0,,31.88585283,
2011-06-18,,8.80591615374559,,,,
2011-06-20,,,11225.0,,20.2764328,
2011-06-22,,11.7702839678778,,,,
2011-06-24,,,10922.0,,16.40096242,
2011-06-26,,10.6268031804332,,,,
2011-06-28,,,10719.0,,19.84870564,
2011-06-30,,12.4093637139252,,,,
2011-07-02,,,8018.0,,14.73519868,
2011-07-04,,11.2438433651035,,,,
2011-07-06,,,10519.0,,17.00709649,
2011-07-08,,11.4216858394628,,,,
2011-07-10,,,8392.0,,12.51029136,
2011-07-12,,11.188590210086,,,,
2011-07-14,,,8716.0,,13.39252803,
2011-07-16,,12.3540683569699,,,,
2011-07-18,,,8976.0,,12.93738114,
2011-07-20,,12.0198487388041,,,,
2011-07-22,,,8991.0,,13.54095816,
2011-07-24,,14.7936599862205,,,,
2011-07-26,,,8370.0,,7.83379576999999,
2011-07-28,,14.0371660096524,,,,
2011-07-30,,,6209.0,,5.71270055,
2011-08-01,,16.431116869293,,,,
2011-08-03,,,7737.0,,8.19534382,
2011-08-05,,12.9571093026425,,,,
2011-08-07,,,6710.0,,6.53899155,
2011-08-09,,12.4876488206627,,,,
2011-08-11,,,7596.0,,7.11131223,
2011-08-13,,12.0181883386829,,,,
2011-08-15,,,8379.0,,9.74393646,
2011-08-17,,11.5792819314549,,,,
2011-08-19,,,7614.0,,7.7670445,
2011-08-21,,13.0154719384571,,,,
2011-08-23,,,7277.0,,6.96478529,
2011-08-25,,11.4895200560173,,,,
2011-08-27,,,6361.0,,5.02820664,
2011-08-29,,11.2202344297044,,,,
2011-08-31,,,7292.0,,5.91458926,
2011-09-02,,14.3165311122368,,,,
2011-09-04,,,7258.0,,9.87229329,
2011-09-06,,13.2560473261452,,,,
2011-09-08,,,6497.0,,4.66847138,
2011-09-10,,12.6374317842584,,,,
2011-09-12,,,6575.0,,5.37417472,
2011-09-14,,13.2639252302093,,,,
2011-09-16,,,6209.0,,4.96831626,
2011-09-18,,14.5728652200325,,,,
2011-09-20,,,8145.0,,6.56952256,
2011-09-22,,13.0893998982328,,,,
2011-09-24,,,5728.0,,6.71538477,
2011-09-26,,11.954985240386,,,,
2011-09-28,,,6017.0,,4.379026,
2011-09-30,,10.3292040558972,,,,
2011-10-02,,,5035.0,,3.17980555,
2011-10-04,,10.9170449371271,,,,
2011-10-06,,,5912.0,,8.08896045,
2011-10-08,,10.83306766838,,,,
2011-10-10,,,5882.0,,3.34552432,
2011-10-12,,9.99329498090868,,,,
2011-10-14,,,6111.0,,3.40803011,
2011-10-16,,8.97708003840482,,,,
2011-10-18,,,4863.0,,2.90288072,
2011-10-20,,7.51739222728209,,,,
2011-10-22,,,5114.0,,2.81398947,
2011-10-24,,8.97708003840482,,,,
2011-10-26,,,5272.0,,3.08756534,
2011-10-28,,7.44440783672595,,,,
2011-10-30,,,4878.0,,3.19754829,
2011-11-01,,8.73436486000387,,,,
2011-11-03,,,6253.0,,2.90902778,
2011-11-05,,8.97366252740123,,,,
2011-11-07,,,5496.0,,3.48022274,
2011-11-09,,10.1103264475387,,,,
2011-11-11,,,4733.0,,2.03989012,
2011-11-13,,8.79418927685321,,,,
2011-11-15,,,6106.0,,2.88289742,
2011-11-17,,8.59551078000283,,,,
2011-11-19,,,4724.0,,3.1302203,
2011-11-21,,8.00271693310608,,,,
2011-11-23,,,5598.0,,3.51238566,
2011-11-25,,7.70632000965771,,,,
2011-11-27,,,5061.0,,2.55055237,
2011-11-29,,8.23983447186478,,,,
2011-12-01,,,6352.0,,4.48500523,
2011-12-03,,8.132965581692,,,,
2011-12-05,,,6237.0,,3.00216604,
2011-12-07,,7.97030627005816,,,,
2011-12-09,,,5588.0,,3.0104452,
2011-12-11,,7.86186672896894,,,,
2011-12-13,,,5406.0,,4.05414175,
2011-12-15,,7.06232384270858,,,,
2011-12-17,,,4823.0,,3.52004317,
2011-12-19,,8.67000731909753,,,,
2011-12-21,,,5577.0,,4.26075206,
2011-12-23,,8.72742458611142,,,,
2011-12-25,,,5286.0,,2.92534449,
2011-12-27,,9.1680048812832,,,,
2011-12-29,,,5212.0,,4.15995739,
2011-12-31,,9.28332569739997,,,,
2012-01-02,,,5410.0,,5.55312158,
2012-01-04,,8.87970284099127,,,,
2012-01-06,,,6644.0,,6.48923847,
2012-01-08,,9.28332569739997,,,,
2012-01-10,,,6677.0,,4.89613037,
2012-01-12,,10.3211337404744,,,,
2012-01-14,,,6807.0,,12.78590354,
2012-01-16,,9.82372970478891,,,,
2012-01-18,,,6647.0,,10.84433779,
2012-01-20,,8.58021961557513,,,,
2012-01-22,,,5325.0,,3.03810531,
2012-01-24,,8.77601647007213,,,,
2012-01-26,,,6598.0,,8.95157979,
2012-01-28,,10.076167058231,,,,
2012-01-30,,,6153.0,,29.11896874,
2012-02-01,,8.77601647007213,,,,
2012-02-03,,,7050.0,,6.90589652,
2012-02-05,,9.3272398828152,,,,
2012-02-07,,,7012.0,,6.64074854,
2012-02-09,,9.87590105239257,,,,
2012-02-11,,,7679.0,,3.91143183,
2012-02-13,,10.0816489909841,,,,
2012-02-15,,,9337.0,,6.10036407,
2012-02-17,,9.73873575999822,,,,
2012-02-19,,,5958.0,,2.65186887,
2012-02-21,,8.75729367404835,,,,
2012-02-23,,,8014.0,,5.00951708,
2012-02-25,,11.42553159036,,,,
2012-02-27,,,6735.0,,5.66176552,
2012-02-29,,12.7254423701015,,,,
2012-03-02,,,7645.0,,4.50574566,
2012-03-04,,9.67397724650567,,,,
2012-03-06,,,6368.0,,4.84595258,
2012-03-08,,11.6087726958068,,,,
2012-03-10,,,5370.0,,4.38179608,
2012-03-12,,12.5761704204574,,,,
2012-03-14,,,6895.0,,5.17901821,
2012-03-16,,10.6507281967033,,,,
2012-03-18,,,6039.0,,3.22801017,
2012-03-20,,11.0231312805041,,,,
2012-03-22,,,6587.0,,3.38385442,
2012-03-24,,12.810666082748,,,,
2012-03-26,,,6619.0,,3.47762179,
2012-03-28,,11.8424180648659,,,,
2012-03-30,,,6828.0,,4.39585095,
2012-04-01,,12.1284618185812,,,,
2012-04-03,,,7739.0,,5.07741879,
2012-04-05,,9.62191304274106,,,,
2012-04-07,,,6080.0,,3.7089169,
2012-04-09,,12.209318230705,,,,
2012-04-11,,,7858.0,,5.24550745,
2012-04-13,,9.88325160797756,,,,
2012-04-15,,,7371.0,,3.69750206,
2012-04-17,,11.1382676851811,,,,
2012-04-19,,,7900.0,,5.84943097,
2012-04-21,,11.5304602093072,,,,
2012-04-23,,,7104.0,,4.2807022,
2012-04-25,,10.8245136658802,,,,
2012-04-27,,,7195.0,,6.88570856,
2012-04-29,,12.4487382935262,,,,
2012-05-01,,,10208.0,,6.73048886,
2012-05-03,,12.4487382935262,,,,
2012-05-05,,,12998.0,,7.87065714,
2012-05-07,,12.8237002903192,,,,
2012-05-09,,,17245.0,,14.13032343,
2012-05-11,,10.5974601790129,,,,
2012-05-13,,,14737.0,,11.80632246,
2012-05-15,,11.2867258817129,,,,
2012-05-17,,,16935.0,,11.71657133,
2012-05-19,,12.5790990742755,,,,
2012-05-21,,,31604.0,,19.56744229,
2012-05-23,,10.4251437533379,,,,
2012-05-25,,,28999.0,,19.27748871,
2012-05-27,,12.9712135181187,,,,
2012-05-29,,,29816.0,,16.97474696,
2012-05-31,,11.5475437417398,,,,
2012-06-02,,,12800.0,,7.13557653,
2012-06-04,,11.9430075685117,,,,
2012-06-06,,,15937.0,,11.27363476,
2012-06-08,,11.7057292724486,,,,
2012-06-10,,,40721.0,,25.33678545,
2012-06-12,,11.0180276735338,,,,
2012-06-14,,,61938.0,,38.72082266,
2012-06-16,,12.5920316268957,,,,
2012-06-18,,,39071.0,,27.88555011,
2012-06-20,,11.6726201299773,,,,
2012-06-22,,,23565.0,,20.70231783,
2012-06-24,,12.0159324867414,,,,
2012-06-26,,,30235.0,,18.27898114,
2012-06-28,,11.5867920407863,,,,
2012-06-30,,,22618.0,,13.94161293,
2012-07-02,,13.8183223597526,,,,
2012-07-04,,,23164.0,,13.28572083,
2012-07-06,,13.3209874109609,,,,
2012-07-08,,,20799.0,,11.50252767,
2012-07-10,,13.1468568565692,,,,
2012-07-12,,,24303.0,,13.53006867,
2012-07-14,,12.9727263021776,,,,
2012-07-16,,,31379.0,,21.28658376,
2012-07-18,,14.009601065922,,,,
2012-07-20,,,36794.0,,37.47018662,
2012-07-22,,12.8962552858487,,,,
2012-07-24,,,28369.0,,15.98700134,
2012-07-26,,16.5146290710868,,,,
2012-07-28,,,35230.0,,20.56362157,
2012-07-30,,18.730041758676,,,,
2012-08-01,,,30538.0,,20.02226151,
2012-08-03,,17.5151201310862,,,,
2012-08-05,,,33283.0,,25.67591134,
2012-08-07,,15.0852768759066,,,,
2012-08-09,,,29942.0,,17.38277224,
2012-08-11,,15.996468096599,,,,
2012-08-13,,,48872.0,,25.55351796,
2012-08-15,,18.623360014449,,,,
2012-08-17,,,40554.0,,30.86566635,
2012-08-19,,17.2075490191985,,,,
2012-08-21,,,42415.0,,24.56426695,
2012-08-23,,17.9699087858719,,,,
2012-08-25,,,33439.0,,23.9103034,
2012-08-27,,18.0774253068439,,,,
2012-08-29,,,34209.0,,24.15507933,
2012-08-31,,17.3494752944877,,,,
2012-09-02,,,33588.0,,30.5544115,
2012-09-04,,15.5296002635974,,,,
2012-09-06,,,42790.0,,25.55427416,
2012-09-08,,18.7490590191164,,,,
2012-09-10,,,33632.0,,24.05863046,
2012-09-12,,18.8829808692529,,,,
2012-09-14,,,36118.0,,20.22012586,
2012-09-16,,20.0882775204818,,,,
2012-09-18,,,32821.0,,22.40126053,
2012-09-20,,20.9294479443629,,,,
2012-09-22,,,22014.0,,15.23518456,
2012-09-24,,22.2108427164667,,,,
2012-09-26,,,32413.0,,19.55185895,
2012-09-28,,23.3498602916702,,,,
2012-09-30,,,20668.0,,11.45608154,
2012-10-02,,19.3632987784582,,,,
2012-10-04,,,31955.0,,131.01704826,
2012-10-06,,21.5621828335442,,,,
2012-10-08,,,38211.0,,27.24366665,
2012-10-10,,22.6251073394231,,,,
2012-10-12,,,28693.0,,20.45036309,
2012-10-14,,20.9547974016134,,,,
2012-10-16,,,34533.0,,25.01043862,
2012-10-18,,23.672520961597,,,,
2012-10-20,,,30699.0,,18.11057193,
2012-10-22,,25.3525063201619,,,,
2012-10-24,,,32194.0,,21.30409168,
2012-10-26,,24.5888766117233,,,,
2012-10-28,,,17965.0,,12.70849238,
2012-10-30,,24.4748066399431,,,,
2012-11-01,,,23638.0,,20.21981119,
2012-11-03,,23.4892439564555,,,,
2012-11-05,,,32184.0,,25.76403178,
2012-11-07,,25.7888902179266,,,,
2012-11-09,,,25157.0,,19.40181595,
2012-11-11,,21.6823790367281,,,,
2012-11-13,,,27131.0,,20.53599413,
2012-11-15,,22.7748759110447,,,,
2012-11-17,,,32538.0,,25.60602784,
2012-11-19,,20.5978657136654,,,,
2012-11-21,,,39066.0,,30.78838241,
2012-11-23,,24.2820368169227,,,,
2012-11-25,,,36736.0,,29.5141209,
2012-11-27,,25.9842619294715,,,,
2012-11-29,,,37423.0,,29.66282715,
2012-12-01,,27.3518546626016,,,,
2012-12-03,,,21659.0,,18.28932863,
2012-12-05,,20.5138909969512,,,,
2012-12-07,,,32145.0,,24.33169284,
2012-12-09,,22.2233819133638,,,,
2012-12-11,,,36779.0,,31.49639467,
2012-12-13,,22.7844398482441,,,,
2012-12-15,,,32365.0,,24.34047049,
2012-12-17,,21.1091133888144,,,,
2012-12-19,,,44765.0,,34.9971247,
2012-12-21,,20.2714501590996,,,,
2012-12-23,,,36738.0,,31.44947995,
2012-12-25,,20.6065154509855,,,,
2012-12-27,,,43787.0,,36.93617681,
2012-12-29,,19.8478843099254,,,,
2012-12-31,,,30064.0,,24.42158122,
2013-01-02,,23.1064921817042,,,,
2013-01-04,,,48589.0,,38.50311321,
2013-01-06,,21.0328326269359,,,,
2013-01-08,,,38624.0,,32.40727682,
2013-01-10,,23.5842539588777,,,,
2013-01-12,,,45671.0,,36.66480767,
2013-01-14,,24.8765418470353,,,,
2013-01-16,,,53629.0,,41.22235845,
2013-01-18,,20.1919982524637,,,,
2013-01-20,,,41371.0,,32.98917964,
2013-01-22,,20.6766062105229,,,,
2013-01-24,,,46221.0,,44.02332598,
2013-01-26,,22.1367933340868,,,,
2013-01-28,,,52180.0,,43.14662379,
2013-01-30,,21.3989002229506,,,,
2013-02-01,,,59382.0,,52.28602156,
2013-02-03,,24.3504726674955,,,,
2013-02-05,,,53420.0,,42.3586766,
2013-02-07,,24.0979857085511,,,,
2013-02-09,,,57750.0,,45.1432612,
2013-02-11,,25.8890522139163,,,,
2013-02-13,,,59090.0,,56.12658455,
2013-02-15,,28.6570640858445,,,,
2013-02-17,,,49635.0,,46.81710946,
2013-02-19,,30.1278002487238,,,,
2013-02-21,,,55916.0,,51.49190623,
2013-02-23,,29.4018291583931,,,,
2013-02-25,,,67144.0,,66.62844799,
2013-02-27,,36.8430328342827,,,,
2013-03-01,,,64535.0,,68.01127271,
2013-03-03,,33.0035006440194,,,,
2013-03-05,,,56868.0,,51.38976576,
2013-03-07,,33.0035006440194,,,,
2013-03-09,,,55546.0,,52.11584112,
2013-03-11,,40.3858626301816,,,,
2013-03-13,,,56690.0,,52.6969283,
2013-03-15,,40.9662339897429,,,,
2013-03-17,,,35348.0,,31.69724524,
2013-03-19,,47.472635858702,,,,
2013-03-21,,,55564.0,,50.61033936,
2013-03-23,,50.6053478696824,,,,
2013-03-25,,,48993.0,,44.37006807,
2013-03-27,,41.9392675675285,,,,
2013-03-29,,,62259.0,,60.72037681,
2013-03-31,,52.2576587944602,,,,
2013-04-02,,,63276.0,,61.20119573,
2013-04-04,,53.2562127841633,,,,
2013-04-06,,,51718.0,,38.85304125,
2013-04-08,,64.4611452380131,,,,
2013-04-10,,,63881.0,,64.66733147,
2013-04-12,,65.9868528176111,,,,
2013-04-14,,,55471.0,,53.37811427,
2013-04-16,,69.8011217666059,,,,
2013-04-18,,,46631.0,,42.53670086,
2013-04-20,,64.6866278222469,,,,
2013-04-22,,,47194.0,,46.46535059,
2013-04-24,,78.0700680613325,,,,
2013-04-26,,,55264.0,,40.59900011,
2013-04-28,,74.501150664243,,,,
2013-04-30,,,47599.0,,45.74865143,
2013-05-02,,72.1289139986682,,,,
2013-05-04,,,50493.0,,45.93572788,
2013-05-06,,81.6459234846036,,,,
2013-05-08,,,50439.0,,52.00264132,
2013-05-10,,83.649504429011,,,,
2013-05-12,,,65428.0,,56.57452505,
2013-05-14,,81.7498729685886,,,,
2013-05-16,,,61158.0,,77.36863781,
2013-05-18,,81.7498729685886,,,,
2013-05-20,,,48821.0,,43.45547937,
2013-05-22,,92.3161830801749,,,,
2013-05-24,,,55401.0,,48.33183927,
2013-05-26,,97.2680490550696,,,,
2013-05-28,,,57070.0,,54.78926938,
2013-05-30,,102.101244039172,,,,
2013-06-01,,,54311.0,,41.25064975,
2013-06-03,,126.267218959687,,,,
2013-06-05,,,56560.0,,60.12802918,
2013-06-07,,124.897393540757,,,,
2013-06-09,,,44471.0,,36.04930663,
2013-06-11,,136.533796665672,,,,
2013-06-13,,,43193.0,,40.8787914,
2013-06-15,,136.533796665672,,,,
2013-06-17,,,45943.0,,36.85317147,
2013-06-19,,120.169967894673,,,,
2013-06-21,,,47027.0,,42.99107458,
2013-06-23,,169.1993147957,,,,
2013-06-25,,,44629.0,,33.79573922,
2013-06-27,,159.585717364126,,,,
2013-06-29,,,36545.0,,24.38738042,
2013-07-01,,162.269499322626,,,,
2013-07-03,,,35531.0,,28.17488168,
2013-07-05,,187.723538432058,,,,
2013-07-07,,,30356.0,,18.42094257,
2013-07-09,,213.177577541489,,,,
2013-07-11,,,43434.0,,35.32010629,
2013-07-13,,196.385104274522,,,,
2013-07-15,,,36754.0,,22.33268606,
2013-07-17,,219.795249154928,,,,
2013-07-19,,,36759.0,,21.11963162,
2013-07-21,,253.609902871071,,,,
2013-07-23,,,38432.0,,21.44867879,
2013-07-25,,212.869496544479,,,,
2013-07-27,,,37643.0,,32.60189106,
2013-07-29,,257.929462966303,,,,
2013-07-31,,,49524.0,,49.24699101,
2013-08-02,,295.220469660226,,,,
2013-08-04,,,42946.0,,31.50890033,
2013-08-06,,351.314048013107,,,,
2013-08-08,,,58022.0,,49.11009386,
2013-08-10,,369.902092881525,,,,
2013-08-12,,,50228.0,,25.37058276,
2013-08-14,,388.972530725659,,,,
2013-08-16,,,71119.0,,46.94701273,
2013-08-18,,497.581743850356,,,,
2013-08-20,,,63228.0,,34.17570561,
2013-08-22,,525.365496045046,,,,
2013-08-24,,,51817.0,,27.73017547,
2013-08-26,,532.757874562586,,,,
2013-08-28,,,64747.0,,260.83498262,
2013-08-30,,634.079924326022,,,,
2013-09-01,,,46598.0,,24.95132746,
2013-09-03,,604.663845362444,,,,
2013-09-05,,,60730.0,,32.62242832,
2013-09-07,,704.398591759124,,,,
2013-09-09,,,57676.0,,30.53100606,
2013-09-11,,868.614214377815,,,,
2013-09-13,,,44834.0,,20.96323621,
2013-09-15,,1024.57958056223,,,,
2013-09-17,,,67931.0,,302.75425378,
2013-09-19,,1091.76512682861,,,,
2013-09-21,,,52498.0,,26.75531601,
2013-09-23,,1237.33381040575,,,,
2013-09-25,,,54548.0,,31.06396518,
2013-09-27,,1302.02028851433,,,,
2013-09-29,,,41181.0,,25.84549691,
2013-10-01,,1449.97713948187,,,,
2013-10-03,,,59551.0,,36.60294587,
2013-10-05,,1560.94477770752,,,,
2013-10-07,,,44547.0,,32.57715142,
2013-10-09,,1721.88761457957,,,,
2013-10-11,,,51922.0,,22.76995908,
2013-10-13,,2154.71182370886,,,,
2013-10-15,,,55826.0,,38.64309771,
2013-10-17,,2382.30967540873,,,,
2013-10-19,,,55311.0,,36.26226694,
2013-10-21,,2675.10751260981,,,,
2013-10-23,,,55314.0,,45.77781754,
2013-10-25,,3194.15822401171,,,,
2013-10-27,,,43691.0,,57.75029853,
2013-10-29,,3051.00854399733,,,,
2013-10-31,,,58181.0,,29.97871915,
2013-11-02,,4216.99907036574,,,,
2013-11-04,,,45523.0,,51.82985587,
2013-11-06,,4114.54971624979,,,,
2013-11-08,,,59223.0,,106.82017227,
2013-11-10,,4266.94044648126,,,,
2013-11-12,,,58307.0,,22.51123231,
2013-11-14,,4292.33890151984,,,,
2013-11-16,,,47175.0,,14.2659898,
2013-11-18,,4968.79792970165,,,,
2013-11-20,,,77558.0,,25.27945207,
2013-11-22,,5029.39302640533,,,,
2013-11-24,,,60861.0,,17.53595197,
2013-11-26,,4968.79792970165,,,,
2013-11-28,,,98921.0,,30.73997164,
2013-11-30,,5626.47303819572,,,,
2013-12-02,,,75570.0,,21.13751064,
2013-12-04,,6224.28579850402,,,,
2013-12-06,,,72099.0,,19.20163235,
2013-12-08,,6294.61671148146,,,,
2013-12-10,,,67623.0,,17.50092456,
2013-12-12,,7495.62480414846,,,,
2013-12-14,,,54113.0,,12.40576423,
2013-12-16,,8714.79269397984,,,,
2013-12-18,,,81510.0,,18.64447134,
2013-12-20,,9121.1819905903,,,,
2013-12-22,,,52897.0,,11.46529505,
2013-12-24,,9744.8657343946,,,,
2013-12-26,,,51276.0,,13.36262326,
2013-12-28,,9627.45771349828,,,,
2013-12-30,,,55613.0,,11.74180891,
2014-01-01,,11740.802089632,,,,
2014-01-03,,,60980.0,,13.81938881,
2014-01-05,,12692.3566721614,,,,
2014-01-07,,,62911.0,,15.53038267,
2014-01-09,,12762.8697647845,,,,
2014-01-11,,,55856.0,,12.25450903,
2014-01-13,,18058.6488747028,,,,
2014-01-15,,,61612.0,,16.85023545,
2014-01-17,,13610.7058021159,,,,
2014-01-19,,,48005.0,,11.42147877,
2014-01-21,,15300.924169699,,,,
2014-01-23,,,63576.0,,16.79639116,
2014-01-25,,16903.7992186766,,,,
2014-01-27,,,64374.0,,13.45771067,
2014-01-29,,17230.9695261348,,,,
2014-01-31,,,60269.0,,14.37916749,
2014-02-02,,19412.1049091899,,,,
2014-02-04,,,69799.0,,14.22240734,
2014-02-06,,21761.8906024157,,,,
2014-02-08,,,65009.0,,12.26699028,
2014-02-10,,19937.5404920335,,,,
2014-02-12,,,62126.0,,16.0368654,
2014-02-14,,24889.3479344994,,,,
2014-02-16,,,57531.0,,11.32317875,
2014-02-18,,25980.5116973035,,,,
2014-02-20,,,71144.0,,14.81614558,
2014-02-22,,25513.79591831,,,,
2014-02-24,,,73796.0,,15.21980169,
2014-02-26,,28158.5186659398,,,,
2014-02-28,,,70290.0,,16.40787615,
2014-03-02,,28262.4181718192,,,,
2014-03-04,,,84600.0,,17.38424603,
2014-03-06,,30728.2667371457,,,,
2014-03-08,,,64590.0,,11.62425694,
2014-03-10,,31297.3087137595,,,,
2014-03-12,,,76339.0,,16.51719963,
2014-03-14,,29367.8475506144,,,,
2014-03-16,,,59332.0,,12.38310041,
2014-03-18,,30635.5244233027,,,,
2014-03-20,,,71002.0,,13.7341206,
2014-03-22,,37185.1882655261,,,,
2014-03-24,,,70983.0,,12.99764579,
2014-03-26,,39324.9976022039,,,,
2014-03-28,,,67079.0,,12.32486726,
2014-03-30,,37084.9660932176,,,,
2014-04-01,,,64136.0,,12.31562078,
2014-04-03,,51769.6170965723,,,,
2014-04-05,,,55795.0,,11.16666447,
2014-04-07,,44415.1321567057,,,,
2014-04-09,,,65153.0,,20.25920875,
2014-04-11,,45327.7718585558,,,,
2014-04-13,,,51168.0,,10.29986168,
2014-04-15,,59321.5806202576,,,,
2014-04-17,,,65190.0,,14.99553797,
2014-04-19,,56547.9844196814,,,,
2014-04-21,,,58110.0,,12.47640246,
2014-04-23,,60711.0262174494,,,,
2014-04-25,,,72650.0,,13.64442103,
2014-04-27,,57935.6650189374,,,,
2014-04-29,,,65038.0,,12.61418574,
2014-05-01,,66817.8858733963,,,,
2014-05-03,,,54157.0,,10.28949159,
2014-05-05,,49715.688893896,,,,
2014-05-07,,,69825.0,,13.54172333,
2014-05-09,,66022.4348510939,,,,
2014-05-11,,,52590.0,,9.70016918,
2014-05-13,,74817.9710179175,,,,
2014-05-15,,,74893.0,,12.8013398,
2014-05-17,,80539.3452722289,,,,
2014-05-19,,,64094.0,,11.40509824,
2014-05-21,,78338.8167128784,,,,
2014-05-23,,,72810.0,,12.72896008,
2014-05-25,,78483.2567556605,,,,
2014-05-27,,,68524.0,,12.14135874,
2014-05-29,,68088.1234105399,,,,
2014-05-31,,,52172.0,,9.64770833,
2014-06-02,,93036.4434388293,,,,
2014-06-04,,,65094.0,,12.01095921,
2014-06-06,,86494.3621241971,,,,
2014-06-08,,,48308.0,,8.84632234,
2014-06-10,,103442.581729614,,,,
2014-06-12,,,64744.0,,12.93722403,
2014-06-14,,102858.16036391,,,,
2014-06-16,,,68262.0,,11.98941586,
2014-06-18,,113768.842858603,,,,
2014-06-20,,,57381.0,,10.71588434,
2014-06-22,,129161.098068884,,,,
2014-06-24,,,64883.0,,11.06251476,
2014-06-26,,114438.071346006,,,,
2014-06-28,,,54392.0,,9.26408687,
2014-06-30,,104506.281189491,,,,
2014-07-02,,,66728.0,,12.74840425,
2014-07-04,,133768.039922549,,,,
2014-07-06,,,52139.0,,9.22847962,
2014-07-08,,135440.140421581,,,,
2014-07-10,,,64605.0,,11.18585911,
2014-07-12,,137948.291170128,,,,
2014-07-14,,,62761.0,,11.75980369,
2014-07-16,,142195.843578748,,,,
2014-07-18,,,64062.0,,11.9486888,
2014-07-20,,146504.80853568,,,,
2014-07-22,,,66858.0,,11.71344544,
2014-07-24,,128407.155716566,,,,
2014-07-26,,,56333.0,,8.73951865,
2014-07-28,,126669.524399822,,,,
2014-07-30,,,66153.0,,11.03235411,
2014-08-01,,142503.2149498,,,,
2014-08-03,,,53621.0,,8.55001533,
2014-08-05,,122943.950152769,,,,
2014-08-07,,,69913.0,,10.97700977,
2014-08-09,,169672.521356757,,,,
2014-08-11,,,75575.0,,12.25468145,
2014-08-13,,153980.265046305,,,,
2014-08-15,,,73193.0,,12.03876959,
2014-08-17,,161826.393201531,,,,
2014-08-19,,,74740.0,,12.80157171,
2014-08-21,,199134.596112222,,,,
2014-08-23,,,57593.0,,8.62310977999999,
2014-08-25,,158833.546899034,,,,
2014-08-27,,,74581.0,,11.5415257,
2014-08-29,,196763.946158505,,,,
2014-08-31,,,57755.0,,8.8939901,
2014-09-02,,194978.303194365,,,,
2014-09-04,,,70810.0,,11.19739332,
2014-09-06,,229065.419137436,,,,
2014-09-08,,,75766.0,,12.20418844,
2014-09-10,,212703.603484762,,,,
2014-09-12,,,68384.0,,10.70477886,
2014-09-14,,252083.49301791,,,,
2014-09-16,,,87234.0,,14.35162373,
2014-09-18,,274326.15416655,,,,
2014-09-20,,,63482.0,,10.26633681,
2014-09-22,,232806.520022423,,,,
2014-09-24,,,74974.0,,12.35686671,
2014-09-26,,260177.353092678,,,,
2014-09-28,,,62605.0,,10.79213151,
2014-09-30,,261900.381921106,,,,
2014-10-02,,,72059.0,,11.24530798,
2014-10-04,,246393.122465251,,,,
2014-10-06,,,78049.0,,12.61174465,
2014-10-08,,225716.776524111,,,,
2014-10-10,,,81058.0,,13.00507017,
2014-10-12,,257517.457245351,,,,
2014-10-14,,,81364.0,,13.26556263,
2014-10-16,,260997.422883802,,,,
2014-10-18,,,66477.0,,10.35069092,
2014-10-20,,240117.629053098,,,,
2014-10-22,,,79987.0,,12.67184925,
2014-10-24,,291583.508500603,,,,
2014-10-26,,,70762.0,,11.22128422,
2014-10-28,,268328.382055769,,,,
2014-10-30,,,92622.0,,13.86147032,
2014-11-01,,286216.940859487,,,,
2014-11-03,,,90351.0,,16.58571291,
2014-11-05,,314993.428436733,,,,
2014-11-07,,,84866.0,,13.57256903,
2014-11-09,,273650.540954412,,,,
2014-11-11,,,85618.0,,13.37416163,
2014-11-13,,287431.503448519,,,,
2014-11-15,,,73242.0,,11.20153289,
2014-11-17,,299243.757014897,,,,
2014-11-19,,,85271.0,,13.16045397,
2014-11-21,,248412.346336535,,,,
2014-11-23,,,77283.0,,11.9135696,
2014-11-25,,256425.647831262,,,,
2014-11-27,,,84682.0,,11.99225619,
2014-11-29,,302502.131425942,,,,
2014-12-01,,,97623.0,,13.9126614,
2014-12-03,,242402.37021549,,,,
2014-12-05,,,90900.0,,12.38234866,
2014-12-07,,242631.420394883,,,,
2014-12-09,,,90220.0,,12.59212127,
2014-12-11,,288373.409485721,,,,
2014-12-13,,,76207.0,,10.37249204,
2014-12-15,,304283.666560796,,,,
2014-12-17,,,98444.0,,15.18390144,
2014-12-19,,243219.983474761,,,,
2014-12-21,,,78963.0,,11.33607592,
2014-12-23,,317755.139700897,,,,
2014-12-25,,,67918.0,,9.31387778,
2014-12-27,,313832.236741627,,,,
2014-12-29,,,83447.0,,14.4376344,
2014-12-31,,313142.288941348,,,,
2015-01-02,,,79287.0,,11.82270129,
2015-01-04,,335365.290092025,,,,
2015-01-06,,,87821.0,,12.84608123,
2015-01-08,,272736.832303755,,,,
2015-01-10,,,104874.0,,15.25846972,
2015-01-12,,358478.281006871,,,,
2015-01-14,,,104765.0,,15.22479663,
2015-01-16,,325690.633353804,,,,
2015-01-18,,,83186.0,,13.877202,
2015-01-20,,262301.18122454,,,,
2015-01-22,,,93698.0,,13.40410002,
2015-01-24,,264487.024401411,,,,
2015-01-26,,,108181.0,,16.01810841,
2015-01-28,,324166.338971824,,,,
2015-01-30,,,81199.0,,11.21422969,
2015-02-01,,348786.567248165,,,,
2015-02-03,,,91793.0,,13.07488376,
2015-02-05,,301597.796385178,,,,
2015-02-07,,,85699.0,,11.76433401,
2015-02-09,,342533.060667745,,,,
2015-02-11,,,97048.0,,14.40657851,
2015-02-13,,309384.699957963,,,,
2015-02-15,,,85267.0,,13.82078432,
2015-02-17,,342533.060667745,,,,
2015-02-19,,,94552.0,,13.58169837,
2015-02-21,,304964.918529992,,,,
2015-02-23,,,101515.0,,14.52475248,
2015-02-25,,362028.097735547,,,,
2015-02-27,,,101474.0,,14.39065266,
2015-03-01,,348103.940130333,,,,
2015-03-03,,,110981.0,,15.6440078,
2015-03-05,,264558.994499053,,,,
2015-03-07,,,91505.0,,13.06858102,
2015-03-09,,311208.023870146,,,,
2015-03-11,,,100765.0,,15.32225806,
2015-03-13,,327711.479681442,,,,
2015-03-15,,,84934.0,,11.9740388,
2015-03-17,,337142.025859325,,,,
2015-03-19,,,106297.0,,16.48516776,
2015-03-21,,337142.025859325,,,,
2015-03-23,,,106019.0,,17.57202944,
2015-03-25,,385508.770219478,,,,
2015-03-27,,,99491.0,,13.97818158,
2015-03-29,,350673.640380369,,,,
2015-03-31,,,115111.0,,16.30322108,
2015-04-02,,341384.272423273,,,,
2015-04-04,,,89651.0,,13.74643295,
2015-04-06,,317081.150318859,,,,
2015-04-08,,,110751.0,,16.1527751,
2015-04-10,,349035.064692078,,,,
2015-04-12,,,86999.0,,14.10159871,
2015-04-14,,388362.959305269,,,,
2015-04-16,,,99046.0,,14.03218749,
2015-04-18,,326913.123972157,,,,
2015-04-20,,,116746.0,,17.01682374,
2015-04-22,,338442.961883245,,,,
2015-04-24,,,108776.0,,15.60361285,
2015-04-26,,352643.365878346,,,,
2015-04-28,,,113193.0,,16.15746744,
2015-04-30,,314775.62189141,,,,
2015-05-02,,,95102.0,,13.99169181,
2015-05-04,,312624.333322854,,,,
2015-05-06,,,111733.0,,15.78427708,
2015-05-08,,350518.191907442,,,,
2015-05-10,,,89409.0,,15.5854514,
2015-05-12,,374201.85352281,,,,
2015-05-14,,,101584.0,,14.06091765,
2015-05-16,,303150.868676707,,,,
2015-05-18,,,98578.0,,14.84130953,
2015-05-20,,344525.13582465,,,,
2015-05-22,,,102770.0,,15.33794565,
2015-05-24,,342098.902473773,,,,
2015-05-26,,,108384.0,,18.04951479,
2015-05-28,,320262.802315872,,,,
2015-05-30,,,127801.0,,17.0420672,
2015-06-01,,332393.969070261,,,,
2015-06-03,,,127600.0,,18.03214868,
2015-06-05,,335928.179909096,,,,
2015-06-07,,,83627.0,,12.96274061,
2015-06-09,,383242.008065307,,,,
2015-06-11,,,120624.0,,17.44264663,
2015-06-13,,373779.242434065,,,,
2015-06-15,,,129389.0,,19.87304204,
2015-06-17,,350771.513242293,,,,
2015-06-19,,,125222.0,,27.30544421,
2015-06-21,,301367.074757463,,,,
2015-06-23,,,125560.0,,18.74452789,
2015-06-25,,395235.50787864,,,,
2015-06-27,,,106004.0,,16.74241236,
2015-06-29,,336442.885099528,,,,
2015-07-01,,,144112.0,,21.27628595,
2015-07-03,,397837.572161486,,,,
2015-07-05,,,115084.0,,20.94808987,
2015-07-07,,363456.547406789,,,,
2015-07-09,,,191163.0,,40.17988719,
2015-07-11,,356089.184959354,,,,
2015-07-13,,,159695.0,,32.26811751,
2015-07-15,,391009.070859764,,,,
2015-07-17,,,116906.0,,24.04523437,
2015-07-19,,363079.851512638,,,,
2015-07-21,,,133785.0,,25.67332781,
2015-07-23,,378313.971156525,,,,
2015-07-25,,,100544.0,,20.24099182,
2015-07-27,,402809.137596422,,,,
2015-07-29,,,143200.0,,39.00263677,
2015-07-31,,361228.839521953,,,,
2015-08-02,,,103600.0,,20.81821964,
2015-08-04,,374222.682670224,,,,
2015-08-06,,,134838.0,,37.05030425,
2015-08-08,,411296.569970398,,,,
2015-08-10,,,116841.0,,28.5686514,
2015-08-12,,322225.975199739,,,,
2015-08-14,,,111255.0,,24.26238231,
2015-08-16,,385099.336214322,,,,
2015-08-18,,,119798.0,,25.60465587,
2015-08-20,,406057.123219183,,,,
2015-08-22,,,105665.0,,22.39789595,
2015-08-24,,423446.540478744,,,,
2015-08-26,,,122852.0,,25.15845138,
2015-08-28,,401869.646696388,,,,
2015-08-30,,,98339.0,,19.51472621,
2015-09-01,,409960.981864772,,,,
2015-09-03,,,128682.0,,27.97427509,
2015-09-05,,427538.389387399,,,,
2015-09-07,,,125467.0,,29.70364898,
2015-09-09,,399224.588765717,,,,
2015-09-11,,,180002.0,,38.07931771,
2015-09-13,,396393.208703549,,,,
2015-09-15,,,162999.0,,28.87989851,
2015-09-17,,399224.588765717,,,,
2015-09-19,,,114851.0,,21.74704429,
2015-09-21,,389344.072709366,,,,
2015-09-23,,,131400.0,,25.52187592,
2015-09-25,,477831.361961494,,,,
2015-09-27,,,108749.0,,21.98745167,
2015-09-29,,510276.701353941,,,,
2015-10-01,,,134327.0,,28.82708269,
2015-10-03,,459502.348135243,,,,
2015-10-05,,,125548.0,,23.34896688,
2015-10-07,,408110.638146433,,,,
2015-10-09,,,114644.0,,23.10188544,
2015-10-11,,453456.264607148,,,,
2015-10-13,,,134878.0,,24.94470798,
2015-10-15,,493327.875053937,,,,
2015-10-17,,,135911.0,,27.00692963,
2015-10-19,,502407.529196034,,,,
2015-10-21,,,150199.0,,28.40338671,
2015-10-23,,466088.912627646,,,,
2015-10-25,,,131488.0,,24.82972719,
2015-10-27,,478195.118150442,,,,
2015-10-29,,,161062.0,,33.96205933,
2015-10-31,,470388.662470568,,,,
2015-11-02,,,172108.0,,33.2823864,
2015-11-04,,479672.649229855,,,,
2015-11-06,,,166893.0,,32.32119456,
2015-11-08,,433252.715433418,,,,
2015-11-10,,,161962.0,,29.20202127,
2015-11-12,,477906.839865056,,,,
2015-11-14,,,150474.0,,24.47520325,
2015-11-16,,576106.875453766,,,,
2015-11-18,,,165269.0,,27.37508755,
2015-11-20,,520460.188620164,,,,
2015-11-22,,,129659.0,,23.30401546,
2015-11-24,,549490.493161529,,,,
2015-11-26,,,164671.0,,27.95046286,
2015-11-28,,527800.078957785,,,,
2015-11-30,,,182648.0,,34.29084643,
2015-12-02,,531415.147991742,,,,
2015-12-04,,,173586.0,,28.66553139,
2015-12-06,,621791.873840678,,,,
2015-12-08,,,195221.0,,32.78755044,
2015-12-10,,770711.333847596,,,,
2015-12-12,,,204141.0,,36.96162758,
2015-12-14,,692067.320189678,,,,
2015-12-16,,,220420.0,,37.38604758,
2015-12-18,,629152.109263344,,,,
2015-12-20,,,193847.0,,33.53649378,
2015-12-22,,654995.565676021,,,,
2015-12-24,,,210228.0,,36.33612595,
2015-12-26,,864036.70365773,,,,
2015-12-28,,,173129.0,,31.14441685,
2015-12-30,,803647.041574125,,,,
2016-01-01,,,124092.0,,19.82080598,
2016-01-03,,769424.042921966,,,,
2016-01-05,,,182371.0,,32.27846687,
2016-01-07,,743604.444166195,,,,
2016-01-09,,,179968.0,,30.22393822,
2016-01-11,,877866.357696202,,,,
2016-01-13,,,188131.0,,34.27954249,
2016-01-15,,693089.355237507,,,,
2016-01-17,,,204128.0,,36.326795,
2016-01-19,,839596.048214541,,,,
2016-01-21,,,222743.0,,50.3603795,
2016-01-23,,1008642.23241881,,,,
2016-01-25,,,222150.0,,45.9839664,
2016-01-27,,918901.018160999,,,,
2016-01-29,,,224394.0,,46.98023086,
2016-01-31,,1068073.26136895,,,,
2016-02-02,,,241722.0,,58.64427461,
2016-02-04,,1103874.59973886,,,,
2016-02-06,,,224156.0,,40.20959148,
2016-02-08,,1153414.86436954,,,,
2016-02-10,,,235527.0,,45.10160409,
2016-02-12,,1139086.72940843,,,,
2016-02-14,,,186088.0,,35.15265778,
2016-02-16,,1067446.05460287,,,,
2016-02-18,,,212979.0,,43.33919321,
2016-02-20,,1284099.85113956,,,,
2016-02-22,,,237696.0,,45.80619995,
2016-02-24,,999647.352469403,,,,
2016-02-26,,,203635.0,,42.35918186,
2016-02-28,,1210954.92291009,,,,
2016-03-01,,,277094.0,,60.06599979,
2016-03-03,,1080919.49494659,,,,
2016-03-05,,,234992.0,,62.07709524,
2016-03-07,,1220696.14747152,,,,
2016-03-09,,,190388.0,,54.68048263,
2016-03-11,,1283699.81959909,,,,
2016-03-13,,,149803.0,,35.80250793,
2016-03-15,,1197069.77042369,,,,
2016-03-17,,,208319.0,,46.32816082,
2016-03-19,,1110630.46003795,,,,
2016-03-21,,,199006.0,,41.13390235,
2016-03-23,,1242260.73678319,,,,
2016-03-25,,,172309.0,,32.7033762,
2016-03-27,,1258714.52137634,,,,
2016-03-29,,,197409.0,,57.79052183,
2016-03-31,,1028361.53707217,,,,
2016-04-02,,,183503.0,,49.66375403,
2016-04-04,,1360254.32899737,,,,
2016-04-06,,,219290.0,,58.44875393,
2016-04-08,,1169486.9535892,,,,
2016-04-10,,,186954.0,,33.25339902,
2016-04-12,,1260723.52443658,,,,
2016-04-14,,,227928.0,,44.86496577,
2016-04-16,,1270146.99973955,,,,
2016-04-18,,,220395.0,,47.33042977,
2016-04-20,,1465554.23046307,,,,
2016-04-22,,,210976.0,,42.68874359,
2016-04-24,,1172443.38437046,,,,
2016-04-26,,,250744.0,,337.75639818,
2016-04-28,,1207843.18309188,,,,
2016-04-30,,,215712.0,,40.87923127,
2016-05-02,,1394348.38048107,,,,
2016-05-04,,,233691.0,,47.17178574,
2016-05-06,,1438754.37985945,,,,
2016-05-08,,,189025.0,,34.73771327,
2016-05-10,,1403229.58035675,,,,
2016-05-12,,,228409.0,,46.75238994,
2016-05-14,,1390530.16700974,,,,
2016-05-16,,,239809.0,,60.51568467,
2016-05-18,,1487094.76194097,,,,
2016-05-20,,,209396.0,,51.58622819,
2016-05-22,,1776788.54673466,,,,
2016-05-24,,,246517.0,,59.53134626,
2016-05-26,,1357376.35658448,,,,
2016-05-28,,,193054.0,,52.34180926,
2016-05-30,,1436639.20952372,,,,
2016-06-01,,,234384.0,,56.18497783,
2016-06-03,,1406915.6396715,,,,
2016-06-05,,,189802.0,,44.16827831,
2016-06-07,,1406915.6396715,,,,
2016-06-09,,,236353.0,,53.21550949,
2016-06-11,,1520417.53468438,,,,
2016-06-13,,,251354.0,,63.87453511,
2016-06-14,,,,22589818.0,,
2016-06-15,,1500925.00218843,,,,
2016-06-17,,,,25278164.0,,
2016-06-19,,1725089.1258919,,,,
2016-06-21,,,,7114859.5,,
2016-06-23,,1457676.2183949,,,,
2016-06-24,,,,13030807.5,,
2016-06-25,,,206919.0,,60.99766676,
2016-06-26,,,,814891.5,,
2016-06-27,,1530560.02931465,,,,
2016-06-29,,,224112.0,,61.68595835,
2016-07-01,,1634679.7592,,,,
2016-07-03,,,,1306589.5,,
2016-07-05,,1538177.1269472,,,,
2016-07-06,,,,3213237.5,,
2016-07-07,,,215548.0,,56.50728572,
2016-07-08,,,,1818393.5,,
2016-07-09,,1580609.5994147,,,,
2016-07-11,,,218089.0,,57.33521701,
2016-07-13,,1379055.35519404,,,,
2016-07-15,,,,2256544.5,,
2016-07-17,,1580609.5994147,,,,
2016-07-18,,,,1987174.0,,
2016-07-19,,,222146.0,,61.86165427,
2016-07-20,,,,8430409.5,,
2016-07-21,,1411498.38259309,,,,
2016-07-23,,,,7886238.5,,
2016-07-25,,1400885.61279915,,,,
2016-07-27,,,,9983861.0,,
2016-07-29,,1560077.15970815,,,,
2016-07-30,,,,10156351.5,,
2016-07-31,,,192254.0,,72.5596168,
2016-08-01,,,,4358904.0,,
2016-08-02,,1555605.72192362,,,,
2016-08-04,,,231835.0,,69.53744777,
2016-08-06,,1676039.71329835,,,,
2016-08-08,,,,1466532.0,,
2016-08-10,,1525497.22407993,,,,
2016-08-11,,,,1306497.0,,
2016-08-12,,,232973.0,,70.76200713,
2016-08-13,,,,4637179.5,,
2016-08-14,,1645931.21545466,,,,
2016-08-16,,,,10413269.5,,
2016-08-18,,1664092.25424309,,,,
2016-08-20,,,,1085410.0,,
2016-08-22,,1718121.2235367,,,,
2016-08-23,,,,3026287.5,,
2016-08-24,,,235130.0,,64.62449049,
2016-08-25,,,,10296124.5,,
2016-08-26,,1426364.78935122,,,,
2016-08-28,,,,2095869.5,,
2016-08-30,,1810682.89469399,,,,
2016-09-01,,,237466.0,,63.48703333,
2016-09-02,,,,1479387.0,,
2016-09-03,,1382703.30140268,,,,
2016-09-04,,,,1789768.0,,
2016-09-05,,,227683.0,,63.04984857,
2016-09-06,,,,4729386.5,,
2016-09-07,,1668023.03026355,,,,
2016-09-09,,,,5174381.5,,
2016-09-11,,1799709.05896857,,,,
2016-09-13,,,239886.0,,68.05656902,
2016-09-14,,,,2474483.5,,
2016-09-15,,1728836.79695677,,,,
2016-09-16,,,,3567594.0,,
2016-09-17,,,215529.0,,57.63998368,
2016-09-18,,,,2043988.5,,
2016-09-19,,1493086.32464449,,,,
2016-09-21,,,,2899806.0,,
2016-09-23,,1526764.96354624,,,,
2016-09-25,,,195642.0,,49.59149659,
2016-09-26,,,,1216900.5,,
2016-09-27,,2026558.28894994,,,,
2016-09-28,,,,4096447.0,,
2016-09-29,,,242730.0,,68.53955587,
2016-09-30,,,,2304925.0,,
2016-10-01,,1882660.65896533,,,,
2016-10-03,,,256665.0,,74.26828206,
2016-10-05,,,,5731119.0,,
2016-10-07,,,266324.0,,72.05178137,
2016-10-08,,,,2326657.5,,
2016-10-09,,2056197.68456892,,,,
2016-10-10,,,,3817696.5,,
2016-10-11,,,263565.0,,80.75501147,
2016-10-12,,,,2498812.0,,
2016-10-13,,1644958.14765514,,,,
2016-10-15,,,210448.0,,62.6006372,
2016-10-17,,1606404.44106947,,,,
2016-10-19,,,199083.0,,62.38149631,
2016-10-20,,,,16168429.5,,
2016-10-21,,2107602.62668314,,,,
2016-10-22,,,,3449457.0,,
2016-10-23,,,191578.0,,67.49823388,
2016-10-24,,,,11188718.0,,
2016-10-25,,1752432.967869,,,,
2016-10-27,,,,21554446.0,,
2016-10-29,,1878507.28210418,,,,
2016-10-31,,,241778.0,,76.30761672,
2016-11-01,,,,2877780.5,,
2016-11-02,,1676788.3793279,,,,
2016-11-03,,,,1731388.0,,
2016-11-04,,,248043.0,,84.33985522,
2016-11-05,,,,2145754.0,,
2016-11-06,,1949214.67726041,,,,
2016-11-08,,,,2687534.0,,
2016-11-10,,2126416.01155681,,,,
2016-11-12,,,228886.0,,65.89536127,
2016-11-13,,,,2905122.0,,
2016-11-14,,2177044.96421293,,,,
2016-11-15,,,,4488279.0,,
2016-11-16,,,289789.0,,79.46533169,
2016-11-18,,,,6754843.5,,
2016-11-20,,,243591.0,,72.95353104,
2016-11-22,,1877125.54312249,,,,
2016-11-24,,,328538.0,,135.86177837,
2016-11-25,,,,25171217.5,,
2016-11-26,,2157293.53463331,,,,
2016-11-27,,,,2680110.0,,
2016-11-28,,,298530.0,,109.57588157,
2016-11-30,,,,4582880.0,,
2016-12-02,,,315478.0,,120.59021932,
2016-12-04,,2109770.13119712,,,,
2016-12-06,,,319762.0,,119.47737538,
2016-12-07,,,,3070068.0,,
2016-12-08,,2238066.96349964,,,,
2016-12-09,,,,7474345.5,,
2016-12-10,,,250241.0,,86.84229837,
2016-12-12,,,,3542104.0,,
2016-12-14,,,,4648075.5,,
2016-12-16,,2050571.62855749,,,,
2016-12-18,,,235789.0,,80.81959375,
2016-12-19,,,,7014458.0,,
2016-12-20,,2127660.78752582,,,,
2016-12-21,,,,17134609.5,,
2016-12-22,,,314644.0,,106.17675284,
2016-12-24,,,,11028285.0,,
2016-12-26,,,244914.0,,87.97239373,
2016-12-28,,2589949.6705277,,,,
2016-12-30,,,286818.0,,100.318724,
2016-12-31,,,,3382407.0,,
2017-01-01,,2463610.66220928,,,,
2017-01-02,,,,9168857.0,,
2017-01-03,,,301664.0,,117.50869676,
2017-01-05,,,,7060955.5,,
2017-01-07,,,,18823266.0,,
2017-01-09,,2147763.14141322,,,,
2017-01-11,,,303058.0,,111.82087465,
2017-01-12,,,,11306797.0,,
2017-01-13,,2528855.36111398,,,,
2017-01-14,,,,4039818.5,,
2017-01-15,,,235999.0,,82.2243205899999,
2017-01-17,,,,2073720.5,,
2017-01-19,,,300605.0,,112.3957332,
2017-01-21,,,,1215757.5,,
2017-01-23,,,235530.0,,109.01172711,
2017-01-24,,,,32596037.5,,
2017-01-25,,2930146.45884887,,,,
2017-01-26,,,,12755425.0,,
2017-01-27,,,263332.0,,114.04371837,
2017-01-29,,3262229.72418507,,,,
2017-01-31,,,,24016394.0,,
2017-02-02,,3066886.62692848,,,,
2017-02-03,,,,31430730.0,,
2017-02-04,,,284778.0,,138.64644801,
2017-02-05,,,,15913393.0,,
2017-02-06,,2623276.58868094,,,,
2017-02-07,,,,43945084.0,,
2017-02-08,,,308316.0,,157.14493504,
2017-02-10,,3105959.48099823,,,,
2017-02-12,,,,9173858.5,,
2017-02-14,,3546669.94789663,,,,
2017-02-15,,,,11039068.5,,
2017-02-16,,,283203.0,,169.87720101,
2017-02-17,,,,16177415.0,,
2017-02-18,,3330515.74407375,,,,
2017-02-19,,,,16148230.5,,
2017-02-20,,,282728.0,,159.91401438,
2017-02-22,,3045669.00280428,,,,
2017-02-24,,,,60181030.5,,
2017-02-26,,3900209.22661268,,,,
2017-02-27,,,,8451869.5,,
2017-02-28,,,325414.0,,227.3714723,
2017-03-01,,,,44240501.0,,
2017-03-02,,3440072.18302354,,,,
2017-03-03,,,,64545765.5,,
2017-03-04,,,265780.0,,220.29548015,
2017-03-06,,3252505.60193699,,,,
2017-03-08,,,,57507458.5,,
2017-03-10,,3573175.16832514,,,,
2017-03-11,,,,49740363.0,,
2017-03-12,,,221110.0,,190.62879952,
2017-03-13,,,,17843805.5,,
2017-03-14,,3573175.16832514,,,,
2017-03-15,,,,28537970.5,,
2017-03-16,,,327034.0,,264.55158129,
2017-03-18,,3712647.13922469,,,,
2017-03-20,,,,8521421.0,,
2017-03-22,,3807236.87525589,,,,
2017-03-23,,,,7927435.0,,
2017-03-24,,,289521.0,,231.55050182,
2017-03-25,,,,9867755.5,,
2017-03-26,,3925474.04529489,,,,
2017-03-27,,,,16644233.0,,
2017-03-28,,,294001.0,,233.22176362,
2017-03-30,,4073274.03319987,,,,
2017-04-01,,,,11348585.5,,
2017-04-03,,4371318.47465352,,,,
2017-04-04,,,,10797451.0,,
2017-04-05,,,316555.0,,236.29861443,
2017-04-06,,,,15121606.5,,
2017-04-07,,4023599.95962426,,,,
2017-04-08,,,,18189048.5,,
2017-04-09,,,238286.0,,168.05979031,
2017-04-11,,,,5723362.5,,
2017-04-13,,,,37305336.5,,
2017-04-15,,3909321.04724491,,,,
2017-04-16,,,,5632956.5,,
2017-04-17,,,245184.0,,180.72834518,
2017-04-18,,,,13729021.5,,
2017-04-19,,3702204.70037101,,,,
2017-04-21,,,,32101269.5,,
2017-04-23,,3961100.13396339,,,,
2017-04-25,,,,36281957.0,,
2017-04-27,,3814281.63369607,,,,
2017-04-28,,,,38521375.0,,
2017-04-29,,,341319.0,,256.37648122,
2017-04-30,,,,10894598.5,,
2017-05-01,,3892124.1160164,,,,
2017-05-03,,,295149.0,,247.34367708,
2017-05-05,,,,71686684.0,,
2017-05-07,,,,54875266.5,,
2017-05-09,,4021861.58655028,,,,
2017-05-10,,,,73386636.0,,
2017-05-11,,,294743.0,,279.58022914,
2017-05-12,,,,106589902.5,,
2017-05-13,,4398136.0431084,,,,
2017-05-15,,,329229.0,,327.30377033,
2017-05-17,,,,103450468.0,,
2017-05-19,,,,102068925.0,,
2017-05-21,,4091936.69833503,,,,
2017-05-22,,,,106768797.5,,
2017-05-23,,,367710.0,,468.38356854,
2017-05-24,,,,106820123.0,,
2017-05-25,,4828620.58576969,,,,
2017-05-27,,,331914.0,,528.8278222,
2017-05-29,,,,91655644.0,,
2017-05-31,,,,100232897.0,,
2017-06-02,,4325022.11976917,,,,
2017-06-03,,,,86818745.5,,
2017-06-04,,,266044.0,,441.99355556,
2017-06-05,,,,66217209.5,,
2017-06-06,,5094943.56098801,,,,
2017-06-08,,,307377.0,,490.9904414,
2017-06-10,,,,52441553.5,,
2017-06-12,,,,51706612.0,,
2017-06-14,,4723788.73204186,,,,
2017-06-15,,,,57422844.0,,
2017-06-16,,,269937.0,,375.35139576,
2017-06-17,,,,37887252.5,,
2017-06-18,,5129905.64429561,,,,
2017-06-20,,,269438.0,,388.08537505,
2017-06-22,,,,32578517.0,,
2017-06-24,,,,14028936.0,,
2017-06-26,,5023769.66544811,,,,
2017-06-27,,,,17781659.0,,
2017-06-28,,,279811.0,,385.86002411,
2017-06-29,,,,29854934.5,,
2017-06-30,,5448313.58083809,,,,
2017-07-02,,,196539.0,,197.85958294,
2017-07-04,,,,12235052.5,,
2017-07-06,,,225106.0,,241.52060511,
2017-07-07,,,,24786647.5,,
2017-07-08,,5812562.76841065,,,,
2017-07-09,,,,1970068.0,,
2017-07-10,,,251722.0,,205.57250621,
2017-07-11,,,,14553437.0,,
2017-07-12,,6235294.60611324,,,,
2017-07-14,,,227903.0,,215.37764419,
2017-07-16,,,,30284222.0,,
2017-07-18,,,260575.0,,224.51846967,
2017-07-19,,,,36804439.0,,
2017-07-20,,6478892.62402049,,,,
2017-07-21,,,,32741524.0,,
2017-07-22,,,223358.0,,171.03691992,
2017-07-23,,,,14728354.0,,
2017-07-24,,7118783.25355338,,,,
2017-07-26,,,237853.0,,167.53481996,
2017-07-28,,,,2483166.0,,
2017-07-30,,,184145.0,,138.11682207,
2017-07-31,,,,6273109.0,,
2017-08-01,,6371518.15135964,,,,
2017-08-02,,,,11789032.0,,
2017-08-03,,,213017.0,,124.10595421,
2017-08-04,,,,19739768.0,,
2017-08-05,,7568850.42141381,,,,
2017-08-07,,,249002.0,,121.82649183,
2017-08-09,,,,41760697.0,,
2017-08-11,,,284001.0,,234.94470226,
2017-08-12,,,,54060790.0,,
2017-08-13,,6792336.38500398,,,,
2017-08-14,,,,39046455.5,,
2017-08-15,,,311002.0,,350.45038263,
2017-08-16,,,,65683422.0,,
2017-08-17,,8215055.49267373,,,,
2017-08-19,,,266832.0,,265.91179874,
2017-08-21,,,,68068554.5,,
2017-08-23,,,315734.0,,541.97068152,
2017-08-24,,,,69291548.0,,
2017-08-25,,4459277.5076504,,,,
2017-08-26,,,,100711105.0,,
2017-08-27,,,261891.0,,358.8427277,
2017-08-28,,,,71595830.5,,
2017-08-29,,6578538.10534563,,,,
2017-08-31,,,280724.0,,413.21489691,
2017-09-02,,,,9756979.5,,
2017-09-04,,,269280.0,,325.4016802,
2017-09-05,,,,6581183.5,,
2017-09-06,,7430760.7659943,,,,
2017-09-07,,,,6139325.0,,
2017-09-08,,,279488.0,,217.76572461,
2017-09-09,,,,4191247.5,,
2017-09-10,,6329907.31918033,,,,
2017-09-12,,,,5682092.0,,
2017-09-14,,,,23731296.5,,
2017-09-16,,,228257.0,,119.91780546,
2017-09-17,,,,4014463.0,,
2017-09-18,,6965995.45167762,,,,
2017-09-19,,,,12714375.5,,
2017-09-20,,,235723.0,,146.40700953,
2017-09-22,,7624199.74632432,,,,
2017-09-24,,,,4174508.5,,
2017-09-26,,,,8420476.0,,
2017-09-28,,,275976.0,,134.45160224,
2017-09-29,,,,11905459.5,,
2017-09-30,,7569349.3884371,,,,
2017-10-01,,,,8788288.5,,
2017-10-02,,,295002.0,,180.47323995,
2017-10-04,,7486251.28872091,,,,
2017-10-06,,,,6681070.0,,
2017-10-08,,,,9107608.0,,
2017-10-10,,,303101.0,,167.2582099,
2017-10-11,,,,9978803.5,,
2017-10-12,,8547734.68040521,,,,
2017-10-13,,,,54223494.0,,
2017-10-14,,,293140.0,,227.59563891,
2017-10-16,,10351762.4275025,,,,
2017-10-18,,,,12743049.5,,
2017-10-20,,,,36575881.0,,
2017-10-22,,,289131.0,,155.33193023,
2017-10-23,,,,33135451.5,,
2017-10-24,,9935312.21490186,,,,
2017-10-25,,,,450.0,,
2017-10-26,,,265827.0,,112.65051758,
2017-10-28,,6138789.85774571,,,,
2017-10-30,,,,23894531.5,,
2017-11-01,,,,44225787.5,,
2017-11-03,,,277598.0,,271.77385265,
2017-11-04,,,,66220291.5,,
2017-11-05,,10183169.0581429,,,,
2017-11-06,,,,50907657.5,,
2017-11-07,,,335636.0,,294.12731396,
2017-11-09,,,,68183583.0,,
2017-11-11,,,,103154413.0,,
2017-11-13,,,,110603678.0,,
2017-11-15,,,321788.0,,603.50996198,
2017-11-16,,,,96853102.0,,
2017-11-17,,11326906.8534045,,,,
2017-11-18,,,,91628396.0,,
2017-11-19,,,264855.0,,247.44354414,
2017-11-21,,,,59871184.0,,
2017-11-23,,,,65806703.5,,
2017-11-25,,,,57782188.0,,
2017-11-27,,,379256.0,,236.5030831,
2017-11-28,,,,70399790.0,,
2017-11-29,,11584046.1446846,,,,
2017-11-30,,,,112019357.0,,
2017-12-01,,,412908.0,,247.0519056,
2017-12-03,,,,81725554.0,,
2017-12-05,,,,79968200.0,,
2017-12-07,,11941671.1962486,,,,
2017-12-08,,,,83248324.0,,
2017-12-09,,,403399.0,,567.08842445,
2017-12-10,,,,70608891.5,,
2017-12-11,,13523349.5003875,,,,
2017-12-12,,,,114573871.0,,
2017-12-13,,,424579.0,,604.2979452,
2017-12-15,,,,108798160.0,,
2017-12-17,,,,116735197.0,,
2017-12-19,,13035760.950516,,,,
2017-12-20,,,,102860976.5,,
2017-12-21,,,335482.0,,1128.76167038,
2017-12-22,,,,100354027.0,,
2017-12-23,,12942648.372298,,,,
2017-12-24,,,,116846388.0,,
2017-12-25,,,228926.0,,689.39441204,
2017-12-27,,,,115810298.0,,
2017-12-29,,,,111896965.5,,
2017-12-31,,15177350.2495293,,,,
2018-01-01,,,,106619206.0,,
2018-01-02,,,340980.0,,649.16497626,
2018-01-03,,,,114769068.5,,
2018-01-04,,16127548.7258182,,,,
2018-01-05,,,,105534555.0,,
2018-01-06,,,358847.0,,694.47790564,
2018-01-08,,,,108436673.5,,
2018-01-10,,,,136379120.0,,
2018-01-12,,17087521.8642597,,,,
2018-01-13,,,,131587749.5,,
2018-01-14,,,235045.0,,491.32446483,
2018-01-15,,,,121749151.0,,
2018-01-16,,17608758.1817911,,,,
2018-01-17,,,,117486218.5,,
2018-01-18,,,309495.0,,656.89753535,
2018-01-20,,,,91068990.0,,
2018-01-22,,,,126126324.0,,
2018-01-24,,19491455.5974543,,,,
2018-01-25,,,,123965064.5,,
2018-01-26,,,220459.0,,209.13221596,
2018-01-27,,,,90293644.0,,
2018-01-28,,20445148.5647756,,,,
2018-01-29,,,,51855353.0,,
2018-01-30,,,236609.0,,160.30090386,
2018-02-01,30.0,,,44910060.5,,
2018-02-02,15.0,,,,,
2018-02-03,40.0,,,36737472.0,,
2018-02-04,24.0,,,,,
2018-02-05,11.0,23938939.775212,,,,
2018-02-06,8.0,,,17792557.5,,
2018-02-07,36.0,,213719.0,,123.52109098,
2018-02-08,30.0,,,23117432.0,,
2018-02-09,44.0,19291612.224166,,,,
2018-02-10,54.0,,,25418099.0,,
2018-02-11,31.0,,147208.0,,61.96458348,
2018-02-12,42.0,,,,,
2018-02-13,35.0,,,30726203.5,,
2018-02-14,55.0,,,,,
2018-02-15,71.0,,,11373482.5,,
2018-02-16,67.0,,,,,
2018-02-17,74.0,21292223.8622277,,,,
2018-02-18,63.0,,,36212151.5,,
2018-02-19,67.0,,187367.0,,50.9081119,
2018-02-20,74.0,,,18356687.5,,
2018-02-21,54.0,25265138.8267172,,,,
2018-02-22,44.0,,,,,
2018-02-23,39.0,,,3158925.0,,
2018-02-24,31.0,,,,,
2018-02-25,33.0,25564134.5524772,,,,
2018-02-26,37.0,,,,,
2018-02-27,44.0,,,61953094.5,,
2018-02-28,41.0,,,,,
2018-03-01,38.0,24667147.3751973,,,,
2018-03-02,47.0,,,187008.5,,
2018-03-03,56.0,,177024.0,,37.96379904,
2018-03-04,44.0,,,31078709.0,,
2018-03-05,55.0,24372959.7309369,,,,
2018-03-06,59.0,,,,,
2018-03-07,37.0,,213978.0,,34.8377064,
2018-03-08,39.0,,,,,
2018-03-09,37.0,,,18465557.0,,
2018-03-10,39.0,,,,,
2018-03-11,40.0,,,5826799.5,,
2018-03-12,41.0,,,,,
2018-03-13,41.0,25845151.9294498,,,,
2018-03-14,40.0,,,1784242.5,,
2018-03-15,32.0,,206186.0,,36.64624829,
2018-03-16,33.0,,,1531246.5,,
2018-03-17,31.0,24372959.7309369,,,,
2018-03-18,29.0,,,,,
2018-03-19,29.0,,,625907.5,,
2018-03-20,37.0,,,,,
2018-03-21,36.0,,,1335951.5,,
2018-03-22,36.0,,,,,
2018-03-23,28.0,,179818.0,,26.25767336,
2018-03-24,32.0,,,,,
2018-03-25,30.0,23236728.6424672,,,,
2018-03-26,31.0,,,322294.5,,
2018-03-27,24.0,,187065.0,,27.51028124,
2018-03-28,24.0,,,797725.0,,
2018-03-29,18.0,26162835.2122593,,,,
2018-03-30,12.0,,,,,
2018-03-31,16.0,,,370715.5,,
2018-04-01,16.0,,,,,
2018-04-02,11.0,,,829443.5,,
2018-04-03,22.0,,,,,
2018-04-04,22.0,,,191388.0,,
2018-04-05,17.0,,,,,
2018-04-06,19.0,24085935.8143381,,,,
2018-04-07,20.0,,,406845.5,,
2018-04-08,17.0,,138535.0,,21.01734283,
2018-04-09,21.0,,,3758317.0,,
2018-04-10,18.0,28623865.7503728,,,,
2018-04-11,20.0,,,,,
2018-04-12,18.0,,,873079.5,,
2018-04-13,23.0,,,,,
2018-04-14,,,,39128096.5,,
2018-04-16,,,,712842.0,,
2018-04-17,26.0,,,,,
2018-04-18,24.0,30536556.519092,,,,
2018-04-19,25.0,,,980185.0,,
2018-04-20,26.0,,207777.0,,29.02296386,
2018-04-21,32.0,,,1187026.5,,
2018-04-22,31.0,30536556.519092,,,,
2018-04-23,28.0,,,,,
2018-04-24,29.0,,,6195588.0,,
2018-04-25,64.0,,,,,
2018-04-26,47.0,,,4492310.0,,
2018-04-27,55.0,,,,,
2018-04-28,54.0,,203681.0,,41.9470722,
2018-04-29,61.0,,,,,
2018-04-30,59.0,30990335.3016848,,,,
2018-05-01,56.0,,,2104592.0,,
2018-05-02,52.0,,212296.0,,38.88684015,
2018-05-03,55.0,,,13722589.5,,
2018-05-04,56.0,27591395.3008549,,,,
2018-05-05,63.0,,,,,
2018-05-06,67.0,,,173417.5,,
2018-05-07,56.0,,,,,
2018-05-08,62.0,,,8669642.0,,
2018-05-09,53.0,,,,,
2018-05-10,63.0,,208961.0,,26.71177891,
2018-05-11,41.0,,,1346019.5,,
2018-05-12,44.0,33988897.1882526,,,,
2018-05-13,40.0,,,1251976.5,,
2018-05-14,40.0,,209697.0,,35.25774075,
2018-05-15,40.0,,,3676211.0,,
2018-05-16,32.0,36872803.6163467,,,,
2018-05-17,31.0,,,,,
2018-05-18,37.0,,,177583.5,,
2018-05-19,31.0,,,,,
2018-05-20,32.0,,,889081.5,,
2018-05-21,41.0,,,,,
2018-05-22,30.0,,203337.0,,26.52413321,
2018-05-23,26.0,,,1171105.5,,
2018-05-24,27.0,30616246.3183454,,,,
2018-05-25,25.0,,,5282049.0,,
2018-05-26,23.0,,158783.0,,22.51408114,
2018-05-27,19.0,,,1545930.5,,
2018-05-28,22.0,33399541.438195,,,,
2018-05-29,16.0,,,,,
2018-05-30,38.0,,,495568.5,,
2018-05-31,25.0,,,,,
2018-06-01,24.0,,,363947.5,,
2018-06-02,27.0,,,,,
2018-06-03,40.0,,163443.0,,15.3074038,
2018-06-04,41.0,,,51875750.5,,
2018-06-05,26.0,42980660.1034435,,,,
2018-06-06,42.0,,,8831787.0,,
2018-06-07,38.0,,207627.0,,20.6699365,
2018-06-08,40.0,,,921265.5,,
2018-06-09,39.0,35121339.3988139,,,,
2018-06-10,24.0,,,,,
2018-06-11,15.0,,,360418.5,,
2018-06-12,19.0,,,,,
2018-06-13,19.0,35121339.3988139,,,,
2018-06-14,17.0,,,,,
2018-06-15,26.0,,205861.0,,23.19453295,
2018-06-16,22.0,,,263633.0,,
2018-06-17,23.0,38559792.2070893,,,,
2018-06-18,27.0,,,1523974.5,,
2018-06-19,32.0,,191805.0,,83.80865389,
2018-06-20,34.0,,,8054737.5,,
2018-06-21,37.0,42908653.8315633,,,,
2018-06-22,28.0,,,,,
2018-06-23,17.0,,163295.0,,31.93798474,
2018-06-24,15.0,,,,,
2018-06-25,16.0,,,8054576.0,,
2018-06-26,21.0,,,,,
2018-06-27,18.0,,188510.0,,32.15886049,
2018-06-28,20.0,,,469139.5,,
2018-06-29,16.0,38112980.7562709,,,,
2018-06-30,22.0,,,8073456.0,,
2018-07-01,27.0,,156247.0,,16.7928896,
2018-07-02,27.0,,,15111221.5,,
2018-07-03,31.0,30929068.6931155,,,,
2018-07-04,33.0,,,,,
2018-07-05,37.0,,,5145103.0,,
2018-07-06,34.0,,,,,
2018-07-07,34.0,,,1491908.0,,
2018-07-08,38.0,,,,,
2018-07-09,39.0,,206546.0,,19.92606527,
2018-07-10,37.0,,,1435704.0,,
2018-07-11,29.0,35995036.8411258,,,,
2018-07-12,33.0,,,41059923.0,,
2018-07-13,29.0,,207904.0,,19.53514153,
2018-07-14,29.0,,,16837032.0,,
2018-07-15,32.0,35461777.0360721,,,,
2018-07-16,36.0,,,,,
2018-07-17,39.0,,,264048.5,,
2018-07-18,42.0,,,,,
2018-07-19,44.0,44021066.1135111,,,,
2018-07-20,47.0,,,,,
2018-07-21,43.0,,184803.0,,17.37819099,
2018-07-22,46.0,,,210329.0,,
2018-07-23,44.0,42733900.4376774,,,,
2018-07-24,49.0,,,4422377.0,,
2018-07-25,54.0,,250208.0,,26.82417337,
2018-07-26,53.0,,,,,
2018-07-27,47.0,,,1515032.5,,
2018-07-28,54.0,,,,,
2018-07-29,54.0,,,210654.5,,
2018-07-30,53.0,,,,,
2018-07-31,48.0,,,9276256.5,,
2018-08-01,39.0,,,,,
2018-08-02,39.0,,224873.0,,25.20903778,
2018-08-03,36.0,,,167941.0,,
2018-08-04,31.0,52051671.9161698,,,,
2018-08-05,23.0,,,291231.0,,
2018-08-06,25.0,,218607.0,,17.7504862,
2018-08-07,25.0,,,,,
2018-08-08,23.0,,,532207.5,,
2018-08-09,19.0,,,,,
2018-08-10,21.0,,,2147650.0,,
2018-08-11,18.0,,,,,
2018-08-12,18.0,,,412844.0,,
2018-08-13,21.0,,,,,
2018-08-14,16.0,,247622.0,,26.45582537,
2018-08-15,18.0,,,1317265.5,,
2018-08-16,21.0,50183117.0745072,,,,
2018-08-17,19.0,,,1326884.5,,
2018-08-18,24.0,,190935.0,,16.45331646,
2018-08-19,27.0,,,,,
2018-08-20,26.0,,,1176593.0,,
2018-08-21,19.0,,,,,
2018-08-22,21.0,,230333.0,,24.27418043,
2018-08-23,18.0,,,,,
2018-08-24,19.0,,,431295.0,,
2018-08-25,22.0,,,,,
2018-08-26,19.0,,172747.0,,27.80300602,
2018-08-27,18.0,,,1373113.0,,
2018-08-28,19.0,51165065.369764,,,,
2018-08-29,19.0,,,2038747.5,,
2018-08-30,22.0,,231391.0,,24.10101603,
2018-08-31,17.0,,,,,
2018-09-01,21.0,50496240.9858456,,,,
2018-09-02,18.0,,,,,
2018-09-03,19.0,,,3517243.5,,
2018-09-04,26.0,,,,,
2018-09-05,17.0,,,7305595.0,,
2018-09-06,14.0,,,,,
2018-09-07,17.0,,230790.0,,27.92194982,
2018-09-08,18.0,,,482449.5,,
2018-09-09,13.0,56874984.6776413,,,,
2018-09-10,15.0,,,865924.5,,
2018-09-11,18.0,,237571.0,,23.27470384,
2018-09-12,14.0,,,,,
2018-09-13,20.0,,,1345468.0,,
2018-09-14,23.0,,,,,
2018-09-15,24.0,,,446273.0,,
2018-09-16,28.0,,,,,
2018-09-17,25.0,47105048.6593962,,,,
2018-09-18,21.0,,,,,
2018-09-19,24.0,,251037.0,,17.09335521,
2018-09-20,24.0,,,578233.0,,
2018-09-21,31.0,51200543.8778585,,,,
2018-09-22,35.0,,,513436.5,,
2018-09-23,38.0,,200319.0,,14.47737832,
2018-09-24,43.0,,,,,
2018-09-25,37.0,,,1213160.5,,
2018-09-26,37.0,,,,,
2018-09-27,42.0,,,6016351.0,,
2018-09-28,42.0,,,,,
2018-09-29,37.0,,,616413.0,,
2018-09-30,34.0,,,,,
2018-10-01,35.0,,242820.0,,21.82334691,
2018-10-02,33.0,,,7541940.0,,
2018-10-03,36.0,51556103.2103437,,,,
2018-10-04,29.0,,,4502646.0,,
2018-10-05,37.0,,244719.0,,21.33672301,
2018-10-06,34.0,,,,,
2018-10-07,29.0,,,333283.0,,
2018-10-08,26.0,,,,,
2018-10-09,31.0,,,1755186.5,,
2018-10-10,28.0,,,,,
2018-10-11,19.0,58923571.7521087,,,,
2018-10-12,13.0,,,1161231.5,,
2018-10-13,15.0,,205097.0,,13.28476496,
2018-10-14,18.0,,,819921.0,,
2018-10-15,20.0,60035337.2568655,,,,
2018-10-16,24.0,,,6986129.0,,
2018-10-17,23.0,,260362.0,,18.8500803,
2018-10-18,26.0,,,,,
2018-10-19,24.0,,,2069375.5,,
2018-10-20,21.0,,,,,
2018-10-21,21.0,,,717759.0,,
2018-10-22,27.0,,,,,
2018-10-23,24.0,54987474.8862927,,,,
2018-10-24,23.0,,,3748121.0,,
2018-10-25,25.0,,254599.0,,17.53993992,
2018-10-26,29.0,,,7470866.5,,
2018-10-27,33.0,48560367.4320507,,,,
2018-10-28,35.0,,,1669963.0,,
2018-10-29,34.0,,269754.0,,19.6041759,
2018-10-30,31.0,,,,,
2018-10-31,32.0,58201028.6134137,,,,
2018-11-01,29.0,,,,,
2018-11-02,36.0,,,15372144.5,,
2018-11-03,36.0,,,,,
2018-11-04,41.0,44285199.6469399,,,,
2018-11-05,42.0,,,1941838.0,,
2018-11-06,42.0,,285451.0,,19.18392815,
2018-11-07,48.0,,,723718.5,,
2018-11-08,51.0,43213783.5264494,,,,
2018-11-09,47.0,,,1926792.5,,
2018-11-10,52.0,,252499.0,,16.64920253,
2018-11-11,54.0,,,,,
2018-11-12,52.0,49999418.9562224,,,,
2018-11-13,56.0,,,,,
2018-11-14,49.0,,,12370321.0,,
2018-11-15,28.0,,,,,
2018-11-16,23.0,44946674.6331138,,,,
2018-11-17,24.0,,,1581996.0,,
2018-11-18,26.0,,239803.0,,18.03746701,
2018-11-19,28.0,,,4501015.0,,
2018-11-20,21.0,43657349.0874779,,,,
2018-11-21,15.0,,,21202190.0,,
2018-11-22,14.0,,266116.0,,39.13421764,
2018-11-23,12.0,,,,,
2018-11-24,15.0,,,3474561.0,,
2018-11-25,9.0,,,,,
2018-11-26,17.0,,,11300859.5,,
2018-11-27,11.0,,,,,
2018-11-28,14.0,39027024.1842606,,,,
2018-11-29,18.0,,,13808001.0,,
2018-11-30,19.0,,250157.0,,40.77812171,
2018-12-01,13.0,,,5220799.5,,
2018-12-02,15.0,37704074.2119128,,,,
2018-12-03,17.0,,,11021240.0,,
2018-12-04,12.0,,270189.0,,31.50009203,
2018-12-05,19.0,,,,,
2018-12-06,13.0,,,630852.0,,
2018-12-07,11.0,,,,,
2018-12-08,11.0,,,3254791.0,,
2018-12-09,14.0,,,,,
2018-12-10,19.0,34804847.9793004,,,,
2018-12-11,15.0,,,1182937.0,,
2018-12-12,14.0,,261423.0,,22.35779149,
2018-12-13,14.0,,,7708084.0,,
2018-12-14,10.0,40979901.6530473,,,,
2018-12-15,11.0,,,1087153.0,,
2018-12-16,13.0,,226453.0,,14.84875261,
2018-12-17,17.0,,,,,
2018-12-18,23.0,,,4356604.0,,
2018-12-19,21.0,,,,,
2018-12-20,27.0,,,8170888.5,,
2018-12-21,35.0,,,,,
2018-12-22,28.0,44422290.5748598,,,,
2018-12-23,31.0,,,384089.5,,
2018-12-24,25.0,,272297.0,,23.01715097,
2018-12-25,33.0,,,693764.5,,
2018-12-26,26.0,39853140.68716,,,,
2018-12-27,29.0,,,,,
2018-12-28,21.0,,308267.0,,17.97068908,
2018-12-29,24.0,,,,,
2018-12-30,23.0,,,244868.0,,
2018-12-31,26.0,,,,,
2019-01-01,24.0,,,342056.0,,
2019-01-02,30.0,,,,,
2019-01-03,33.0,43291796.7608921,,,,
2019-01-04,48.0,,,2008347.5,,
2019-01-05,36.0,,265192.0,,12.27107591,
2019-01-06,31.0,,,4121565.5,,
2019-01-07,39.0,39381569.9566825,,,,
2019-01-08,39.0,,,,,
2019-01-09,42.0,,,956274.0,,
2019-01-10,37.0,,,,,
2019-01-11,19.0,,,3793120.5,,
2019-01-12,22.0,,,,,
2019-01-13,21.0,,,1097270.0,,
2019-01-14,16.0,,,,,
2019-01-15,27.0,38609293.9848521,,,,
2019-01-16,24.0,,,1280239.0,,
2019-01-17,28.0,,296695.0,,23.48759589,
2019-01-18,29.0,,,3148233.0,,
2019-01-19,31.0,38901788.6362525,,,,
2019-01-20,35.0,,,,,
2019-01-21,30.0,,,1070127.0,,
2019-01-22,27.0,,,,,
2019-01-23,33.0,42704219.1044576,,,,
2019-01-24,37.0,,,,,
2019-01-25,35.0,,,1548977.5,,
2019-01-26,41.0,,,,,
2019-01-27,39.0,40071767.241854,,,,
2019-01-28,35.0,,,860343.0,,
2019-01-29,21.0,,326162.0,,23.14980149,
2019-01-30,22.0,,,4674819.0,,
2019-01-31,17.0,44802503.958942,,,,
2019-02-01,23.0,,,,,
2019-02-02,22.0,,,234445.5,,
2019-02-03,19.0,,,,,
2019-02-04,27.0,,,843106.0,,
2019-02-05,21.0,,,,,
2019-02-06,14.0,,,1815581.5,,
2019-02-07,18.0,,,,,
2019-02-08,37.0,47114891.2600487,,,,
2019-02-09,42.0,,,333981.5,,
2019-02-10,40.0,,299609.0,,13.62075475,
2019-02-11,46.0,,,31576194.0,,
2019-02-12,38.0,38568926.138295,,,,
2019-02-13,48.0,,,,,
2019-02-14,48.0,,,1224275.5,,
2019-02-15,43.0,,,,,
2019-02-16,43.0,45197960.3183144,,,,
2019-02-17,38.0,,,,,
2019-02-18,63.0,,,6870546.0,,
2019-02-19,65.0,,,,,
2019-02-20,59.0,39171565.6092058,,,,
2019-02-21,59.0,,,1718327.0,,
2019-02-22,61.0,,350306.0,,39.01280561,
2019-02-23,63.0,,,4795138.0,,
2019-02-24,69.0,41298258.2978092,,,,
2019-02-25,47.0,,,,,
2019-02-26,40.0,,366568.0,,35.84517142,
2019-02-27,39.0,,,,,
2019-02-28,39.0,,,7955964.5,,
2019-03-01,42.0,,,,,
2019-03-02,41.0,,,2770149.5,,
2019-03-03,44.0,,,,,
2019-03-04,36.0,41351135.2878909,,,,
2019-03-05,35.0,,,1359992.0,,
2019-03-06,42.0,,277863.0,,38.43684345,
2019-03-07,56.0,,,9738685.0,,
2019-03-08,54.0,44067633.2265115,,,,
2019-03-09,55.0,,,,,
2019-03-10,55.0,,,368287.0,,
2019-03-11,56.0,,,,,
2019-03-12,56.0,,,7594315.0,,
2019-03-13,54.0,,,,,
2019-03-14,55.0,,299929.0,,37.56437664,
2019-03-15,55.0,,,506984.0,,
2019-03-16,54.0,49174856.287028,,,,
2019-03-17,58.0,,,644724.5,,
2019-03-18,56.0,,291505.0,,22.37480548,
2019-03-19,56.0,,,994089.0,,
2019-03-20,55.0,48571483.8172485,,,,
2019-03-21,62.0,,,,,
2019-03-22,56.0,,,224692.0,,
2019-03-23,50.0,,,,,
2019-03-24,44.0,,,1509709.5,,
2019-03-25,46.0,,,,,
2019-03-26,43.0,,366415.0,,36.41495629,
2019-03-27,44.0,,,10639176.5,,
2019-03-28,49.0,46298790.8217788,,,,
2019-03-29,50.0,,,18125158.0,,
2019-03-30,57.0,,377783.0,,54.67372903,
2019-03-31,56.0,,,13679623.0,,
2019-04-01,62.0,43127640.7654926,,,,
2019-04-02,60.0,,,,,
2019-04-03,71.0,,,35479356.0,,
2019-04-04,61.0,,,,,
2019-04-05,59.0,,,14636668.0,,
2019-04-06,65.0,,,,,
2019-04-07,69.0,,350631.0,,85.51644481,
2019-04-08,65.0,,,2396850.0,,
2019-04-09,64.0,41949459.1204562,,,,
2019-04-10,62.0,,,10543120.5,,
2019-04-11,65.0,,402802.0,,115.28509796,
2019-04-12,42.0,,,811628.0,,
2019-04-13,62.0,42902855.9186484,,,,
2019-04-14,51.0,,,,,
2019-04-15,60.0,,,3162508.5,,
2019-04-16,50.0,,,,,
2019-04-17,61.0,,,17244569.0,,
2019-04-18,64.0,,,,,
2019-04-19,61.0,,362128.0,,78.43301725,
2019-04-20,62.0,,,3982929.5,,
2019-04-21,62.0,51199133.0238072,,,,
2019-04-22,61.0,,,10930982.0,,
2019-04-23,68.0,,311753.0,,96.48121035,
2019-04-24,65.0,,,13166974.5,,
2019-04-25,58.0,45160953.3019234,,,,
2019-04-26,41.0,,,,,
2019-04-27,42.0,,,1996521.0,,
2019-04-28,40.0,,,,,
2019-04-29,42.0,,,15331664.5,,
2019-04-30,42.0,,,,,
2019-05-01,51.0,,439549.0,,65.62521893,
2019-05-02,50.0,,,972578.0,,
2019-05-03,63.0,48003251.0621843,,,,
2019-05-04,66.0,,,7267043.5,,
2019-05-05,67.0,,330732.0,,62.87230397,
2019-05-06,57.0,,,3922677.5,,
2019-05-07,69.0,42312167.3509307,,,,
2019-05-08,63.0,,,,,
2019-05-09,69.0,,,8635527.0,,
2019-05-10,71.0,,,,,
2019-05-11,76.0,43311667.3670944,,,,
2019-05-12,75.0,,,,,
2019-05-13,78.0,,390428.0,,112.20050336,
2019-05-14,78.0,,,6732878.5,,
2019-05-15,77.0,49641834.1361313,,,,
2019-05-16,75.0,,,44551883.0,,
2019-05-17,65.0,,361654.0,,227.26659937,
2019-05-18,67.0,,,10538696.5,,
2019-05-19,70.0,54326123.0260958,,,,
2019-05-20,73.0,,,,,
2019-05-21,68.0,,380889.0,,202.4814146,
2019-05-22,69.0,,,,,
2019-05-23,65.0,,,7454501.5,,
2019-05-24,64.0,,,,,
2019-05-25,69.0,,338398.0,,128.11880175,
2019-05-26,67.0,,,658821.0,,
2019-05-27,70.0,55659279.4193742,,,,
2019-05-28,71.0,,,11837087.0,,
2019-05-29,71.0,,405155.0,,187.08362645,
2019-05-30,73.0,,,,,
2019-05-31,61.0,,,7409048.5,,
2019-06-01,62.0,,,,,
2019-06-02,63.0,,,912834.0,,
2019-06-03,66.0,,,,,
2019-06-04,42.0,,,15536509.5,,
2019-06-05,27.0,,,,,
2019-06-06,34.0,,364526.0,,122.18994068,
2019-06-07,27.0,,,3448967.0,,
2019-06-08,62.0,45982019.7561675,,,,
2019-06-09,62.0,,,1375889.0,,
2019-06-10,46.0,,353629.0,,101.83001618,
2019-06-11,61.0,,,,,
2019-06-12,60.0,,,3844974.5,,
2019-06-13,63.0,,,,,
2019-06-14,67.0,,,8953634.5,,
2019-06-15,75.0,,,,,
2019-06-16,80.0,,,18499616.5,,
2019-06-17,84.0,,,,,
2019-06-18,83.0,,394843.0,,116.53825829,
2019-06-19,82.0,,,4535863.0,,
2019-06-20,81.0,53038545.7630809,,,,
2019-06-21,84.0,,,29041170.0,,
2019-06-22,83.0,,354075.0,,122.47914731,
2019-06-23,84.0,,,,,
2019-06-24,80.0,65193212.5004535,,,,
2019-06-25,87.0,,,,,
2019-06-26,95.0,,,23062612.5,,
2019-06-27,92.0,,,,,
2019-06-28,62.0,,,36887672.5,,
2019-06-29,74.0,,,,,
2019-06-30,78.0,,330731.0,,104.91860437,
2019-07-01,65.0,,,6840767.0,,
2019-07-02,63.0,62321003.9058997,,,,
2019-07-03,79.0,,,13452372.0,,
2019-07-04,76.0,,370704.0,,83.8420840199999,
2019-07-05,67.0,,,,,
2019-07-06,72.0,,,1268183.0,,
2019-07-07,67.0,,,,,
2019-07-08,74.0,,,6316988.0,,
2019-07-09,84.0,,,,,
2019-07-10,83.0,,,24882996.5,,
2019-07-11,62.0,,,,,
2019-07-12,33.0,,360899.0,,67.42668665,
2019-07-13,65.0,,,396125.5,,
2019-07-14,61.0,65334365.1964341,,,,
2019-07-15,16.0,,,16312230.0,,
2019-07-16,34.0,,363337.0,,62.69846283,
2019-07-17,19.0,,,,,
2019-07-18,40.0,,,33442425.5,,
2019-07-19,42.0,,,,,
2019-07-20,34.0,,323002.0,,50.04991704,
2019-07-21,42.0,,,,,
2019-07-22,42.0,,,3808238.5,,
2019-07-23,40.0,,,,,
2019-07-24,20.0,,295589.0,,49.90886061,
2019-07-25,42.0,,,2122503.0,,
2019-07-26,24.0,74380911.3910783,,,,
2019-07-27,47.0,,,365682.5,,
2019-07-28,16.0,,272974.0,,26.46571032,
2019-07-29,19.0,,,,,
2019-07-30,22.0,,,1390161.5,,
2019-07-31,31.0,,,,,
2019-08-01,57.0,,,10867082.0,,
2019-08-02,61.0,,,,,
2019-08-03,61.0,77517455.8473286,,,,
2019-08-04,62.0,,,896926.5,,
2019-08-05,64.0,,339136.0,,42.2581814,
2019-08-06,66.0,,,2126963.0,,
2019-08-07,45.0,75945274.2994312,,,,
2019-08-08,61.0,,,3099660.5,,
2019-08-09,60.0,,341125.0,,65.33402972,
2019-08-10,59.0,,,,,
2019-08-11,45.0,,,505813.0,,
2019-08-12,48.0,,,,,
2019-08-13,45.0,,,10858893.5,,
2019-08-14,11.0,,,,,
2019-08-15,13.0,77930771.6667366,,,,
2019-08-16,31.0,,,454316.5,,
2019-08-17,20.0,,288256.0,,35.38250195,
2019-08-18,14.0,,,2350725.5,,
2019-08-19,30.0,82514504.7903757,,,,
2019-08-20,39.0,,,7890953.0,,
2019-08-21,11.0,,308808.0,,52.22587338,
2019-08-22,5.0,,,,,
2019-08-23,33.0,,,704337.0,,
2019-08-24,39.0,,,,,
2019-08-25,33.0,,288934.0,,21.57904241,
2019-08-26,41.0,,,,,
2019-08-27,30.0,68340234.0288388,,,,
2019-08-28,32.0,,,1019987.5,,
2019-08-29,20.0,,346734.0,,33.917443,
2019-08-30,24.0,,,1153777.5,,
2019-08-31,20.0,84033176.6576833,,,,
2019-09-01,24.0,,,285605.0,,
2019-09-02,28.0,,327248.0,,28.76124703,
2019-09-03,41.0,,,,,
2019-09-04,43.0,72825124.7697365,,,,
2019-09-05,41.0,,,,,
2019-09-06,43.0,,,7870264.0,,
2019-09-07,39.0,,,,,
2019-09-08,43.0,94779757.9723776,,,,
2019-09-09,41.0,,,1723245.5,,
2019-09-10,41.0,,339858.0,,37.34868133,0.0001
2019-09-11,38.0,,,4315707.0,,0.0001
2019-09-12,39.0,84605659.6589586,,,,0.0001
2019-09-13,38.0,,,6625313.0,,0.0001
2019-09-14,39.0,,299894.0,,21.0247188,0.0001
2019-09-15,38.0,,,,,0.0001
2019-09-16,38.0,,,1158369.5,,0.0001
2019-09-17,41.0,,,,,0.0001
2019-09-18,38.0,,,3995273.0,,0.0001
2019-09-19,31.0,,,,,0.0001
2019-09-20,41.0,89253786.9002281,,,,0.0001
2019-09-21,37.0,,,244103.0,,0.0001
2019-09-22,37.0,,318713.0,,20.52728871,0.0001
2019-09-23,41.0,,,12239739.5,,0.0001
2019-09-24,39.0,92800294.9889788,,,,0.0001
2019-09-25,15.0,,,2709870.0,,0.0001
2019-09-26,12.0,,355775.0,,32.64172934,0.0001
2019-09-27,24.0,,,,,0.0001
2019-09-28,32.0,,,338146.0,,0.0001
2019-09-29,33.0,,,,,0.0001
2019-09-30,27.0,,,16412128.5,,0.0001
2019-10-01,38.0,,,,,0.0001
2019-10-02,39.0,93875521.3267456,,,,-0.00010819333333333333
2019-10-03,37.0,,,1586946.5,,-9.698666666666668e-05
2019-10-04,30.0,,337222.0,,27.80367596,-3.7333333333332974e-07
2019-10-05,31.0,,,1251728.5,,-0.0001652466666666667
2019-10-06,32.0,94509815.3897642,,,,-3.995333333333333e-05
2019-10-07,27.0,,,262567.5,,-0.00016642666666666665
2019-10-08,39.0,,336354.0,,27.65920023,0.0001
2019-10-09,37.0,,,,,0.0001
2019-10-10,41.0,,,2880945.0,,0.0001
2019-10-11,39.0,,,,,0.0001
2019-10-12,38.0,,,718404.0,,0.0001
2019-10-13,38.0,,,,,0.0001
2019-10-14,37.0,87295825.4578357,,,,0.0001
2019-10-15,39.0,,,1174867.0,,0.0001
2019-10-16,40.0,,338473.0,,29.13647841,0.0001
2019-10-17,40.0,,,10331940.5,,0.0001
2019-10-18,40.0,103461719.061139,,,,0.0001
2019-10-19,41.0,,,,,0.0001
2019-10-20,37.0,,289796.0,,15.84344804,0.0001
2019-10-21,37.0,,,,,0.0001
2019-10-22,39.0,,,7344866.0,,0.0001
2019-10-23,33.0,,,,,0.0001
2019-10-24,20.0,,,9168759.0,,5.201666666666667e-05
2019-10-25,24.0,,,,,1.763666666666667e-05
2019-10-26,53.0,95285003.0093039,,,,0.00018194333333333332
2019-10-27,50.0,,,2093111.0,,0.00012853666666666667
2019-10-28,52.0,,309611.0,,37.98415405,0.0005485300000000001
2019-10-29,54.0,,,10449961.5,,0.00039043333333333335
2019-10-30,53.0,91201360.0231908,,,,0.0003554533333333333
2019-10-31,50.0,,,,,0.00030943
2019-11-01,49.0,,,6000283.5,,0.00024867
2019-11-02,51.0,,,,,0.0001
2019-11-03,56.0,,,267320.5,,0.0001
2019-11-04,49.0,,,,,0.00010023999999999999
2019-11-05,54.0,,332839.0,,43.73232482,0.0001
2019-11-06,53.0,,,,,0.00011292333333333334
2019-11-07,54.0,91737090.3690835,,,,0.00021519666666666663
2019-11-08,42.0,,,2285400.5,,0.00010833333333333333
2019-11-09,38.0,,306163.0,,29.44260954,0.0001
2019-11-10,39.0,,,2021287.5,,0.0001
2019-11-11,40.0,95479548.6213797,,,,0.0001
2019-11-12,39.0,,,,,0.0001
2019-11-13,38.0,,,12245210.5,,-6.9633333333333325e-06
2019-11-14,41.0,,,,,0.0001
2019-11-15,38.0,,,88363263.5,,0.0001
2019-11-16,41.0,,,,,0.0001
2019-11-17,38.0,,,1680653.5,,0.0001
2019-11-18,38.0,,,,,0.0001
2019-11-19,32.0,92950289.0552504,,,,0.0001
2019-11-20,32.0,,,375646.0,,0.0001
2019-11-21,30.0,,323954.0,,36.85944226,0.0001
2019-11-22,20.0,,,7740995.0,,-3.0629999999999996e-05
2019-11-23,23.0,111568229.030169,,,,-0.00020002666666666668
2019-11-24,21.0,,,,,3.2613333333333335e-05
2019-11-25,17.0,,,482170.5,,-1.3783333333333334e-05
2019-11-26,21.0,,,,,-0.00030499333333333336
2019-11-27,20.0,,,2591675.5,,-7.947333333333332e-05
2019-11-28,32.0,,,,,0.0001
2019-11-29,31.0,,311290.0,,32.70649438,0.0001
2019-11-30,38.0,,,,,6.024666666666667e-05
2019-12-01,25.0,89641525.0589222,,,,0.0001
2019-12-02,28.0,,,1582469.0,,7.240333333333334e-05
2019-12-03,28.0,,336512.0,,25.47734062,3.098333333333333e-05
2019-12-04,24.0,,,1673569.0,,-7.633333333333332e-06
2019-12-05,21.0,93386357.4980277,,,,-1.804e-05
2019-12-06,29.0,,,,,6.715333333333333e-05
2019-12-07,32.0,,285284.0,,18.05659965,7.936333333333334e-05
2019-12-08,28.0,,,,,0.0001
2019-12-09,32.0,94736471.2539258,,,,0.0001
2019-12-10,26.0,,,,,0.0001
2019-12-11,20.0,,,837788.0,,2.79e-05
2019-12-12,23.0,,,,,-1.8933333333333334e-05
2019-12-13,22.0,97296916.4229509,,,,-9.443333333333333e-05
2019-12-14,27.0,,,572022.0,,2.298e-05
2019-12-15,21.0,,263441.0,,20.4478166,2.8063333333333336e-05
2019-12-16,24.0,,,758985.5,,-9.299666666666667e-05
2019-12-17,23.0,90255692.208132,,,,-6.547e-05
2019-12-18,15.0,,,,,-0.00017045000000000002
2019-12-19,21.0,,,1195862.5,,0.0001
2019-12-20,23.0,,,,,2.2023333333333333e-05
2019-12-21,23.0,,,1867625.5,,6.587666666666667e-05
2019-12-22,20.0,,,,,7.19e-05
2019-12-23,33.0,,,5210910.0,,0.0001
2019-12-24,25.0,,,,,0.0001
2019-12-25,22.0,82390792.9957983,,,,8.702333333333334e-05
2019-12-26,39.0,,,1219794.5,,5.715333333333334e-05
2019-12-27,38.0,,322204.0,,17.11633792,-3.951e-05
2019-12-28,37.0,,,540857.0,,-3.264e-05
2019-12-29,37.0,99770100.8933494,,,,-7.325666666666666e-05
2019-12-30,40.0,,,,,-9.859333333333333e-05
2019-12-31,38.0,,,739575.5,,-3.839e-05
2020-01-01,37.0,,,,,-0.00011468666666666666
2020-01-02,39.0,96717718.3123778,,,,4.588666666666667e-05
2020-01-03,38.0,,,,,2.2610000000000002e-05
2020-01-04,38.0,,287215.0,,12.31216518,5.823666666666667e-05
2020-01-05,39.0,,,265634.5,,0.0001
2020-01-06,41.0,92602070.7246171,,,,0.0001
2020-01-07,40.0,,,1908082.0,,0.0001
2020-01-08,51.0,,318019.0,,30.83081053,0.00010838
2020-01-09,44.0,,,2448589.5,,0.0001
2020-01-10,41.0,102205248.429392,,,,0.0001
2020-01-11,50.0,,,,,0.00012615333333333334
2020-01-12,45.0,,283136.0,,14.53164303,0.0001
2020-01-13,49.0,,,,,0.0001
2020-01-14,56.0,99607271.2200415,,,,0.000153
2020-01-15,54.0,,,,,0.00026296333333333333
2020-01-16,55.0,,325947.0,,23.85247351,0.00027552333333333333
2020-01-17,54.0,,,301996.5,,0.0002725866666666667
2020-01-18,51.0,96958912.29362,,,,0.0002375433333333333
2020-01-19,53.0,,,657229.5,,0.0005061233333333333
2020-01-20,48.0,,313661.0,,17.74334005,0.00016828
2020-01-21,49.0,,,10173094.0,,0.00014407333333333334
2020-01-22,52.0,114587805.437915,,,,0.00013797333333333335
2020-01-23,49.0,,,,,0.00024101333333333334
2020-01-24,40.0,,,1306980.5,,0.0003826366666666667
2020-01-25,41.0,,,,,0.0001
2020-01-26,42.0,,,3427107.0,,0.0001
2020-01-27,50.0,,,,,0.0001
2020-01-28,54.0,,340052.0,,22.98737848,0.00044361000000000004
2020-01-29,57.0,,,890471.5,,0.0007473699999999999
2020-01-30,57.0,119936535.919975,,,,0.0002777633333333333
2020-01-31,55.0,,,2270842.5,,0.0005685433333333334
2020-02-01,57.0,,303724.0,,17.4815999,0.0006323666666666667
2020-02-02,57.0,,,679408.5,,0.00042901
2020-02-03,59.0,113785944.334335,,,,0.00035513
2020-02-04,56.0,,,,,0.0006397466666666667
2020-02-05,53.0,,,348925.0,,0.00024210333333333332
2020-02-06,61.0,,,,,0.0009932933333333333
2020-02-07,56.0,,,16260419.0,,0.0002998666666666667
2020-02-08,56.0,,,,,0.0006736266666666667
2020-02-09,56.0,,317070.0,,19.8217869,0.0007942366666666667
2020-02-10,57.0,,,1302743.0,,0.00109891
2020-02-11,52.0,114190850.876276,,,,0.0005296866666666668
2020-02-12,61.0,,,10208280.0,,0.0017064633333333332
2020-02-13,65.0,,340081.0,,35.47858608,0.0008279
2020-02-14,63.0,,,15594632.0,,0.00064575
2020-02-15,64.0,109742275.18922,,,,0.00081114
2020-02-16,59.0,,,,,0.00049674
2020-02-17,49.0,,,1550782.0,,0.0006507166666666667
2020-02-18,53.0,,,,,0.00023527
2020-02-19,50.0,,,6197758.0,,0.0004188
2020-02-20,44.0,,,,,0.0001
2020-02-21,44.0,,338484.0,,23.54449483,0.0001
2020-02-22,43.0,,,890623.5,,0.00010747666666666667
2020-02-23,46.0,109742275.18922,,,,0.00044660333333333327
2020-02-24,46.0,,,4036900.5,,0.00024453666666666665
2020-02-25,44.0,,334593.0,,24.54482939,0.00035567
2020-02-26,41.0,,,490364.0,,0.00041820000000000003
2020-02-27,39.0,113169220.498612,,,,0.00012454333333333334
2020-02-28,40.0,,,,,0.00015087666666666665
2020-02-29,38.0,,,2823459.0,,0.00061349
2020-03-01,39.0,,,,,0.0003609433333333333
2020-03-02,38.0,114708937.784307,,,,0.00012906666666666667
2020-03-03,38.0,,,,,0.0001
2020-03-04,40.0,,358745.0,,24.25737051,0.00014776
2020-03-05,41.0,,,346677.5,,0.00017667333333333331
2020-03-06,39.0,119328089.641393,,,,0.00025946000000000004
2020-03-07,38.0,,,366333.0,,0.0003475866666666667
2020-03-08,33.0,,302694.0,,16.14238732,0.0004911766666666667
2020-03-09,17.0,,,,,0.0001
2020-03-10,16.0,,,5383995.0,,0.0001
2020-03-11,17.0,,,,,0.00014299333333333335
2020-03-12,14.0,,,1383723.0,,1.8076666666666666e-05
2020-03-13,10.0,,,,,-0.0012715033333333334
2020-03-14,8.0,,,2292103.5,,-0.0004389733333333334
2020-03-15,12.0,,,,,-0.00050297
2020-03-16,9.0,,270399.0,,61.56626918,-0.0005183766666666667
2020-03-17,8.0,,,8799895.5,,-0.00012694666666666668
2020-03-18,11.0,82285031.3575081,,,,-0.0002786933333333333
2020-03-19,12.0,,,9089606.0,,-0.00021378333333333332
2020-03-20,9.0,,284594.0,,79.98994299,-2.213333333333333e-05
2020-03-21,9.0,,,,,-1.3816666666666673e-05
2020-03-22,11.0,,,108976.0,,2.460666666666667e-05
2020-03-23,10.0,,,,,-7.697e-05
2020-03-24,12.0,,,1101913.5,,0.0001
2020-03-25,13.0,,,,,9.923666666666668e-05
2020-03-26,14.0,,,10385489.0,,3.326333333333334e-05
2020-03-27,12.0,,,,,4.4030000000000004e-05
2020-03-28,8.0,,240627.0,,28.81999627,-0.00025038666666666665
2020-03-29,12.0,,,201689.5,,-0.00026005
2020-03-30,10.0,101664512.290166,,,,-0.00035036333333333334
2020-03-31,12.0,,,6799279.5,,-0.00012285333333333332
2020-04-01,12.0,,281855.0,,26.74327122,-0.00030966666666666664
2020-04-02,14.0,,,,,-2.2110000000000003e-05
2020-04-03,14.0,,,2280210.5,,6.375333333333333e-05
2020-04-04,12.0,,,,,1.3563333333333331e-05
2020-04-05,12.0,,,7957609.0,,1.1873333333333334e-05
2020-04-06,12.0,,,,,-1.8176666666666665e-05
2020-04-07,20.0,,,280909.5,,-4.889e-05
2020-04-08,21.0,,,,,4.638e-05
2020-04-09,22.0,,286706.0,,23.29595386,-2.953e-05
2020-04-10,15.0,,,288596.5,,4.999e-05
2020-04-11,15.0,116308064.119463,,,,0.0001
2020-04-12,10.0,,,3577166.0,,9.484333333333333e-05
2020-04-13,11.0,,288113.0,,16.74379536,-5.066333333333332e-05
2020-04-14,15.0,,,,,-5.272666666666667e-05
2020-04-15,18.0,123623036.705593,,,,-4.8360000000000005e-05
2020-04-16,13.0,,,,,-0.00015551333333333332
2020-04-17,15.0,,,16233293.0,,8.333333333333332e-06
2020-04-18,18.0,,,,,-0.00013306333333333334
2020-04-19,16.0,111187583.309172,,,,-5.531333333333333e-05
2020-04-20,15.0,,,756703.5,,-2.982e-05
2020-04-21,17.0,,310851.0,,23.37622201,-2.2396666666666662e-05
2020-04-22,19.0,,,497081.0,,-0.00015103
2020-04-23,19.0,112649865.245436,,,,-9.277e-05
2020-04-24,20.0,,,23781004.5,,0.0001
2020-04-25,24.0,,280805.0,,27.81417372,0.0001
2020-04-26,21.0,,,,,9.164333333333334e-05
2020-04-27,28.0,,,1195665.5,,0.0001
2020-04-28,26.0,,,,,0.0001
2020-04-29,26.0,,,13572054.0,,0.0001
2020-04-30,44.0,,,,,0.00040241666666666665
2020-05-01,40.0,111856556.335257,,,,0.00017495
2020-05-02,40.0,,,43674253.0,,0.00010048000000000001
2020-05-03,45.0,,281752.0,,57.28031251,0.00014990666666666667
2020-05-04,44.0,,,335634.0,,0.00010641666666666666
2020-05-05,40.0,126294576.814336,,,,0.0001
2020-05-06,42.0,,,11923658.5,,0.00018660333333333332
2020-05-07,49.0,,341986.0,,88.31823092,0.0001
2020-05-08,55.0,,,,,0.00034433333333333337
2020-05-09,56.0,,,50683869.5,,0.0005862366666666667
2020-05-10,48.0,,,,,0.00020775333333333335
2020-05-11,40.0,,,14331949.0,,0.0001
2020-05-12,39.0,,,,,0.0001
2020-05-13,41.0,95268344.370232,,,,0.0001
2020-05-14,40.0,,,40724050.5,,0.0001
2020-05-15,44.0,,310642.0,,161.77900478,8.133333333333334e-05
2020-05-16,41.0,,,57120346.5,,0.0001
2020-05-17,40.0,81658580.8887703,,,,4.338e-05
2020-05-18,50.0,,,74967267.0,,4.453333333333333e-05
2020-05-19,50.0,,274897.0,,182.34876244,9.297333333333333e-05
2020-05-20,52.0,,,,,0.0001
2020-05-21,49.0,,,69044750.5,,2.594e-05
2020-05-22,42.0,,,,,-2.2633333333333313e-06
2020-05-23,40.0,,,83623719.0,,1.2833333333333333e-05
2020-05-24,43.0,,,,,8.213666666666667e-05
2020-05-25,41.0,94064526.4346863,,,,-5.759999999999999e-06
2020-05-26,39.0,,,56521870.5,,4.854666666666667e-05
2020-05-27,39.0,,292927.0,,77.89905605,-6.403333333333329e-06
2020-05-28,41.0,,,36444547.5,,-6.471666666666666e-05
2020-05-29,48.0,95569558.8576412,,,,1.2970000000000001e-05
2020-05-30,48.0,,,619399.5,,0.0001
2020-05-31,51.0,,258427.0,,61.02644621,0.0001
2020-06-01,50.0,,,,,2.6756666666666667e-05
2020-06-02,56.0,,,11955347.0,,0.0004093
2020-06-03,48.0,,,,,9.548666666666667e-05
2020-06-04,54.0,,,8963295.5,,0.0001
2020-06-05,53.0,,,,,0.0001
2020-06-06,54.0,133797229.464477,,,,0.0001
2020-06-07,54.0,,,1462385.5,,0.0001
2020-06-08,53.0,,317275.0,,41.72247948,0.0001
2020-06-09,52.0,,,10488805.5,,0.0001
2020-06-10,54.0,111952783.837623,,,,0.0001
2020-06-11,52.0,,,855249.5,,0.0001
2020-06-12,38.0,,318274.0,,29.91881048,5.299333333333333e-05
2020-06-13,38.0,,,,,5.0916666666666666e-05
2020-06-14,40.0,,,469133.0,,9.034e-05
2020-06-15,37.0,,,,,-4.120666666666666e-05
2020-06-16,39.0,,,10867019.5,,1.5949999999999998e-05
2020-06-17,38.0,,,,,2.3179999999999995e-05
2020-06-18,40.0,97298323.0370428,,,,-4.656666666666667e-05
2020-06-19,39.0,,,10942088.5,,3.927666666666667e-05
2020-06-20,38.0,,284123.0,,30.01002493,7.062000000000001e-05
2020-06-21,37.0,,,1149074.5,,1.8843333333333333e-05
2020-06-22,38.0,112206937.050783,,,,8.928e-05
2020-06-23,41.0,,,21136570.0,,0.00010738333333333333
2020-06-24,50.0,,312321.0,,42.3573449,0.00010428666666666667
2020-06-25,43.0,,,,,0.0001
2020-06-26,40.0,,,2694351.0,,9.800333333333335e-05
2020-06-27,43.0,,,,,0.0001
2020-06-28,40.0,,264909.0,,19.69907106,8.289e-05
2020-06-29,41.0,,,,,0.0001
2020-06-30,44.0,115344676.145677,,,,0.0001
2020-07-01,42.0,,,18135915.5,,0.0001
2020-07-02,42.0,,339469.0,,56.01403666,0.0001
2020-07-03,41.0,,,16180543.0,,0.0001
2020-07-04,40.0,123188120.488637,,,,0.0001
2020-07-05,38.0,,,,,0.0001
2020-07-06,40.0,,,646988.0,,0.0001
2020-07-07,43.0,,,,,0.0001
2020-07-08,44.0,,,2709513.5,,0.0001
2020-07-09,44.0,,,,,0.0001
2020-07-10,41.0,,,13661650.5,,0.0001
2020-07-11,44.0,,,,,0.0001
2020-07-12,41.0,119264931.938044,,,,0.0001
2020-07-13,43.0,,,1991893.0,,0.0001
2020-07-14,43.0,,359847.0,,62.95443097,0.0001
2020-07-15,44.0,,,24770763.0,,0.0001
2020-07-16,43.0,117268964.179098,,,,0.0001
2020-07-17,41.0,,,,,0.0001
2020-07-18,44.0,,,46263397.5,,0.0001
2020-07-19,41.0,,,,,0.0001
2020-07-20,44.0,,,31278778.0,,0.0001
2020-07-21,44.0,,,,,0.0001
2020-07-22,50.0,,,67524980.5,,0.0001
2020-07-23,55.0,,,,,0.0001
2020-07-24,53.0,138825759.064961,,,,0.0001
2020-07-25,55.0,,,50887953.5,,0.0001
2020-07-26,55.0,,298580.0,,76.48811017,0.00028479
2020-07-27,58.0,,,39447892.5,,0.0006200633333333333
2020-07-28,76.0,121437040.395232,,,,0.00119704
2020-07-29,71.0,,,,,0.0007122833333333333
2020-07-30,76.0,,,50001979.5,,0.00067754
2020-07-31,75.0,,,,,0.0005323933333333333
2020-08-01,75.0,114737065.752737,,,,0.00035896999999999996
2020-08-02,80.0,,,,,0.0005424966666666667
2020-08-03,75.0,,,39864350.0,,0.00038503333333333333
2020-08-04,72.0,,,,,0.00033459
2020-08-05,75.0,108037091.110241,,,,0.00017518333333333335
2020-08-06,79.0,,,38997982.5,,0.0003788733333333334
2020-08-07,77.0,,326499.0,,137.20910291,0.00025614
2020-08-08,77.0,,,32309847.5,,0.0001
2020-08-09,79.0,130649505.528664,,,,0.00015213333333333334
2020-08-10,78.0,,,,,0.00057372
2020-08-11,84.0,,,14203348.0,,0.0003197466666666667
2020-08-12,75.0,,,,,0.0001
2020-08-13,75.0,,,9244971.0,,0.0001
2020-08-14,78.0,,,,,0.00029689666666666664
2020-08-15,79.0,,,8954762.5,,0.00022851333333333333
2020-08-16,82.0,,,,,0.00031980333333333333
2020-08-17,83.0,105309977.956271,,,,0.00050636
2020-08-18,82.0,,,24404162.5,,0.0009942233333333332
2020-08-19,80.0,,333879.0,,147.58221747,0.0005208933333333334
2020-08-20,75.0,,,21847190.0,,0.00018020000000000002
2020-08-21,81.0,130584372.66577661,,,,0.0001
2020-08-22,78.0,,,,,0.0001
2020-08-23,76.0,,,15162987.0,,0.0001
2020-08-24,78.0,,,,,0.0001
2020-08-25,75.0,,,26965519.0,,0.0002086
2020-08-26,76.0,,,,,0.00015451333333333335
2020-08-27,75.0,,328157.0,,122.89984729000001,0.0001
2020-08-28,74.0,,,,,0.0001
2020-08-29,79.0,127430634.91826336,,,,0.0001
2020-08-30,75.0,,,13720690.0,,0.0001
2020-08-31,75.0,,302920.0,,91.53783350000002,0.00011820333333333333
2020-09-01,75.0,,,27465606.5,,0.00026607
2020-09-02,83.0,125685009.78239675,,,,0.00037669
2020-09-03,79.0,,,,,0.00020977
2020-09-04,40.0,,,51840052.5,,0.0001
2020-09-05,41.0,,,,,0.0001
2020-09-06,41.0,,,12151140.5,,0.0001
2020-09-07,41.0,,,,,0.0001
2020-09-08,41.0,,,3914835.0,,0.0001
2020-09-09,38.0,,,,,0.0001
2020-09-10,38.0,136239328.01257572,,,,0.0001
2020-09-11,41.0,,,12994057.0,,0.0001
2020-09-12,41.0,,300152.0,,58.11575528999997,0.0001
2020-09-13,38.0,,,2941533.5,,0.0001
2020-09-14,39.0,151760264.11527425,,,,6.956e-05
2020-09-15,47.0,,,,,-0.00010073999999999999
2020-09-16,43.0,,,4589658.0,,-5.289e-05
2020-09-17,48.0,,,,,8.306666666666668e-06
2020-09-18,49.0,,,14162543.0,,6.657e-05
2020-09-19,48.0,,,,,-9.426333333333334e-05
2020-09-20,52.0,,259095.0,,33.00982992,-8.099666666666666e-05
2020-09-21,48.0,,,1781627.5,,-3.192333333333333e-05
2020-09-22,39.0,123857644.31701957,,,,0.0001
2020-09-23,43.0,,,36279869.0,,-1.263e-05
2020-09-24,39.0,,316552.0,,82.50485829000002,3.9966666666666665e-05
2020-09-25,46.0,,,25256908.0,,-3.559e-05
2020-09-26,45.0,144020516.64769718,,,,0.0001
2020-09-27,47.0,,,,,0.0001
2020-09-28,43.0,,,1539430.5,,0.0001
2020-09-29,45.0,,,,,0.0001
2020-09-30,49.0,,,12585200.0,,0.0001
2020-10-01,45.0,,,,,9.137333333333333e-05
2020-10-02,41.0,,315443.0,,122.51219145000005,2.695e-05
2020-10-03,40.0,,,48249232.5,,9.916333333333335e-05
2020-10-04,42.0,151592064.050859,,,,7.129999999999999e-06
2020-10-05,42.0,,,3979180.5,,-6.478666666666667e-05
2020-10-06,47.0,,317922.0,,113.31139879999998,-5.006666666666667e-06
2020-10-07,43.0,,,18246548.0,,4.02e-06
2020-10-08,46.0,155408725.01316798,,,,4.9323333333333336e-05
2020-10-09,48.0,,,,,8.709333333333334e-05
2020-10-10,53.0,,,11436426.5,,0.0001
2020-10-11,55.0,,,,,0.0001
2020-10-12,52.0,142937654.4874199,,,,0.0001
2020-10-13,56.0,,,,,0.0001
2020-10-14,53.0,,314541.0,,73.04920249999999,0.0001
2020-10-15,56.0,,,7282576.0,,0.0001
2020-10-16,52.0,148693533.1916113,,,,0.0001
2020-10-17,56.0,,,3725686.0,,0.0001
2020-10-18,55.0,,231557.0,,36.45097174999999,0.0001
2020-10-19,55.0,,,21725620.5,,0.0001
2020-10-20,56.0,143146506.838782,,,,7.914e-05
2020-10-21,61.0,,,,,6.592666666666666e-05
2020-10-22,73.0,,339087.0,,166.97812487000004,0.0001
2020-10-23,74.0,,,,,0.0001
2020-10-24,73.0,,,28100996.0,,0.0001
2020-10-25,76.0,,,,,0.0001
2020-10-26,75.0,,252494.0,,111.29083665,0.0001
2020-10-27,61.0,,,37925455.5,,8.467e-05
2020-10-28,70.0,99407296.41582084,,,,7.908333333333334e-05
2020-10-29,67.0,,,59694528.5,,-0.00012415666666666666
2020-10-30,74.0,,268364.0,,262.34694254,-9.883333333333333e-05
2020-10-31,73.0,,,62346872.0,,-0.00010785
2020-11-01,72.0,124259120.51977606,,,,-5.1750000000000004e-05
2020-11-02,71.0,,,,,4.441e-05
2020-11-03,71.0,,,62962806.0,,-8.704e-05
2020-11-04,74.0,,,,,-0.00011418333333333334
2020-11-05,72.0,,,78480764.0,,0.0001
2020-11-06,90.0,,,,,0.00022535
2020-11-07,88.0,,270901.0,,135.2343624300001,0.0003291733333333333
2020-11-08,82.0,,,50165632.5,,0.0001
2020-11-09,90.0,154387134.41512507,,,,0.0001
2020-11-10,90.0,,,6187116.0,,0.0001
2020-11-11,86.0,,322277.0,,107.57878081,0.0001
2020-11-12,87.0,,,7869515.5,,0.0001
2020-11-13,89.0,115998982.07406694,,,,0.0001
2020-11-14,90.0,,,,,8.092333333333333e-05
2020-11-15,86.0,,,1505278.5,,0.0001
2020-11-16,90.0,,,,,0.0001
2020-11-17,86.0,,,19707791.5,,0.0001
2020-11-18,91.0,,,,,0.0003339866666666667
2020-11-19,94.0,,311061.0,,94.51871958000002,0.00029074
2020-11-20,86.0,,,8186662.5,,0.0003830466666666667
2020-11-21,91.0,147831351.5740483,,,,0.00026479333333333336
2020-11-22,94.0,,,4666262.5,,0.0007796166666666667
2020-11-23,90.0,,297840.0,,56.545846030000014,0.0009524966666666666
2020-11-24,88.0,,,40659245.0,,0.0006411433333333333
2020-11-25,94.0,135584967.41998515,,,,0.0006586866666666667
2020-11-26,93.0,,,,,0.00025780000000000003
2020-11-27,86.0,,,31671324.5,,0.00010257666666666666
2020-11-28,87.0,,,,,0.0001
2020-11-29,89.0,,,3337254.0,,0.0001
2020-11-30,88.0,,,,,0.0001649366666666667
2020-12-01,95.0,,378068.0,,145.30838284999993,0.00033587333333333336
2020-12-02,92.0,,,47590941.5,,0.0001
2020-12-03,92.0,149512250.29219317,,,,0.00015151666666666665
2020-12-04,92.0,,,50725816.0,,0.00010901
2020-12-05,93.0,,282599.0,,69.64763484000004,0.0001
2020-12-06,95.0,,,,,0.0001
2020-12-07,94.0,142846099.00528008,,,,0.0001
2020-12-08,95.0,,,,,0.0001
2020-12-09,86.0,,,6976933.0,,0.0001
2020-12-10,94.0,,,,,0.0001
2020-12-11,89.0,,,26262838.5,,0.0001
2020-12-12,90.0,,,,,4.0596666666666664e-05
2020-12-13,91.0,,276160.0,,39.24154715,0.0001
2020-12-14,95.0,,,316615.0,,0.0001
2020-12-15,91.0,129933875.82961763,,,,0.0001
2020-12-16,92.0,,,25166606.5,,0.00022018000000000002
2020-12-17,92.0,,309481.0,,162.99271891000006,0.00028657666666666667
2020-12-18,95.0,,,,,0.0004237066666666666
2020-12-19,93.0,,,57463364.5,,0.00039525333333333335
2020-12-20,92.0,,,,,0.0005153666666666666
2020-12-21,92.0,,,35603955.0,,0.00031928333333333333
2020-12-22,88.0,,,,,0.00013318666666666665
2020-12-23,93.0,142927263.41257942,,,,0.00010508
2020-12-24,86.0,,,,,0.00015738666666666667
2020-12-25,94.0,,303901.0,,92.4849457699999,0.00021144333333333334
2020-12-26,93.0,,,40203000.0,,0.00012321666666666666
2020-12-27,91.0,137358668.73416725,,,,0.0003885733333333333
2020-12-28,92.0,,,46161726.0,,0.0005029133333333333
2020-12-29,91.0,,336311.0,,105.85291042999998,0.00042179
2020-12-30,91.0,,,,,0.0006289833333333333
2020-12-31,95.0,153482070.38176647,,,,0.00050127
2021-01-01,94.0,,,,,0.0002784866666666667
2021-01-02,94.0,,,6183669.5,,0.00048540666666666666
2021-01-03,93.0,,,,,0.0013126933333333334
2021-01-04,94.0,,,24228421.5,,0.0015224833333333336
2021-01-05,93.0,,,,,0.00066136
2021-01-06,95.0,,397384.0,,128.51898515,0.0016215133333333331
2021-01-07,91.0,,,35324967.0,,0.0011430033333333332
2021-01-08,93.0,136839436.24398455,,,,0.0014581766666666666
2021-01-09,93.0,,,88422959.0,,0.0009227133333333334
2021-01-10,94.0,,331865.0,,91.95258523,0.00106408
2021-01-11,90.0,,,,,0.0007382766666666667
2021-01-12,84.0,,,76641096.0,,0.00046441999999999995
2021-01-13,78.0,,,,,0.00035962666666666663
2021-01-14,83.0,,,83259972.5,,0.0007315366666666667
2021-01-15,88.0,,,,,0.0007943199999999999
2021-01-16,84.0,,,80295587.5,,0.00037023
2021-01-17,79.0,,,,,0.00024461666666666666
2021-01-18,79.0,,313816.0,,84.66625216,0.0006941533333333334
2021-01-19,80.0,,,71146068.0,,0.0012007566666666668
2021-01-20,78.0,144440445.1597046,,,,0.00040875666666666667
2021-01-21,75.0,,,87487757.5,,0.00039007999999999995
2021-01-22,40.0,,326935.0,,116.02452285,0.0001
2021-01-23,74.0,,,,,0.00010727333333333334
2021-01-24,70.0,,,73675871.0,,0.00021918666666666665
2021-01-25,74.0,,,,,0.00034889
2021-01-26,71.0,,336935.0,,81.76242060999999,0.00011168666666666666
2021-01-27,78.0,,,,,0.0001
2021-01-28,55.0,,,76806028.5,,0.00014087333333333334
2021-01-29,77.0,,,,,0.0008053066666666667
2021-01-30,76.0,,312313.0,,138.4634188,0.00041612
2021-01-31,78.0,,,61523323.5,,0.00048431666666666663
2021-02-01,77.0,124217201.7735671,,,,0.00039447
2021-02-02,76.0,,,86027666.0,,0.0006774866666666666
2021-02-03,78.0,,344425.0,,134.24070735,0.0007779633333333333
2021-02-04,80.0,,,,,0.00055095
2021-02-05,81.0,,,69446124.5,,0.0007687566666666666
2021-02-06,84.0,,,,,0.0006899333333333334
2021-02-07,86.0,,,73287477.5,,0.0010895766666666666
2021-02-08,83.0,,,,,0.00122049
2021-02-09,95.0,,,73997320.0,,0.00159619
2021-02-10,92.0,,,,,0.0013735333333333335
2021-02-11,93.0,,304739.0,,185.34915974999996,0.0011130733333333334
2021-02-12,92.0,,,82665549.5,,0.0011997833333333332
2021-02-13,92.0,167285007.6061438,,,,0.0011918466666666668
2021-02-14,95.0,,,81455572.5,,0.0012690733333333333
2021-02-15,93.0,,308496.0,,121.55584341000002,0.0007553666666666667
2021-02-16,95.0,,,,,0.0012165466666666667
2021-02-17,95.0,,,82084487.5,,0.0011487133333333334
2021-02-18,91.0,,,,,0.0013746466666666665
2021-02-19,93.0,,,80474293.5,,0.00101524
2021-02-20,91.0,,,,,0.0013177266666666665
2021-02-21,91.0,152267677.07260144,,,,0.0010839966666666666
2021-02-22,94.0,,,76540532.5,,0.00095565
2021-02-23,94.0,,287884.0,,183.30218416999998,0.00022616
2021-02-24,76.0,,,66379730.0,,0.00033026666666666665
2021-02-25,79.0,168466366.12287825,,,,0.00023335333333333332
2021-02-26,55.0,,,82679591.5,,0.0001
2021-02-27,56.0,,320784.0,,104.30956316000002,0.0002825733333333333
2021-02-28,55.0,,,,,0.00019235333333333333
2021-03-01,38.0,,,83291403.5,,0.00012307
2021-03-02,78.0,,,,,0.0001
2021-03-03,78.0,,333402.0,,132.69783596999994,0.00021692666666666666
2021-03-04,84.0,,,,,0.0001
2021-03-05,77.0,160906977.89941573,,,,0.0001
2021-03-06,77.0,,,75724839.5,,0.0001
2021-03-07,76.0,,260739.0,,71.23039113000002,0.00012535333333333332
2021-03-08,81.0,,,94633521.5,,0.00014919
2021-03-09,81.0,149267953.88308737,,,,0.0005714433333333333
2021-03-10,68.0,,,89116132.0,,0.0004328166666666667
2021-03-11,73.0,,291245.0,,111.07819319,0.0009355833333333334
2021-03-12,70.0,,,,,0.0007344933333333333
2021-03-13,74.0,152466552.89486787,,,,0.0005517166666666667
2021-03-14,78.0,,,,,0.0009383
2021-03-15,76.0,,,78077114.5,,0.0006766533333333333
2021-03-16,71.0,,,,,0.00033036000000000003
2021-03-17,71.0,145003155.2007135,,,,0.00026392
2021-03-18,72.0,,,78674768.5,,0.00030690333333333335
2021-03-19,71.0,,316180.0,,116.33945050000007,0.00026051
2021-03-20,75.0,,,79971067.5,,0.00047556000000000003
2021-03-21,73.0,169563074.61598912,,,,0.0002791366666666667
2021-03-22,70.0,,,86599266.0,,0.00048819333333333337
2021-03-23,66.0,,314234.0,,81.33063817999997,0.00031024666666666667
2021-03-24,65.0,,,,,0.0003214766666666667
2021-03-25,60.0,,,87752872.5,,0.00010609333333333334
2021-03-26,54.0,,,,,0.00012
2021-03-27,65.0,,,102296288.0,,0.0001
2021-03-28,74.0,,,,,0.0001
2021-03-29,72.0,164128360.68598944,,,,0.00012723666666666667
2021-03-30,72.0,,,80820724.0,,0.00047595
2021-03-31,76.0,,332749.0,,102.46134312999995,0.00070019
2021-04-01,74.0,,,86113506.0,,0.0008548533333333333
2021-04-02,74.0,160517766.38346806,,,,0.00093083
2021-04-03,73.0,,,80159193.0,,0.0009080766666666667
2021-04-04,74.0,,246007.0,,67.19630150000003,0.0004236866666666667
2021-04-05,71.0,,,,,0.00040029999999999997
2021-04-06,75.0,,,90180980.5,,0.0007956700000000001
2021-04-07,72.0,,,,,0.00055006
2021-04-08,73.0,,,88214303.5,,0.0003065066666666667
2021-04-09,70.0,,,,,0.0002256566666666667
2021-04-10,70.0,180576433.20445892,,,,0.0009374499999999999
2021-04-11,76.0,,,87484007.0,,0.0009738666666666666
2021-04-12,74.0,,291369.0,,91.77267732999996,0.0009816466666666666
2021-04-13,74.0,,,86427635.5,,0.0009889
2021-04-14,75.0,155272729.1885475,,,,0.00101287
2021-04-15,79.0,,,81289458.0,,0.0008958033333333333
2021-04-16,78.0,,219704.0,,140.32071554000004,0.0011506266666666666
2021-04-17,76.0,,,,,0.00065495
2021-04-18,79.0,,,70354690.0,,0.00050024
2021-04-19,74.0,,,,,0.0001
2021-04-20,73.0,,,74174354.5,,0.0001
2021-04-21,73.0,,,,,0.0001
2021-04-22,65.0,167634131.8030608,,,,0.0001
2021-04-23,55.0,,,74159751.0,,0.00022539333333333332
2021-04-24,37.0,,290690.0,,168.4008953499999,0.00018144000000000002
2021-04-25,31.0,,,82644357.5,,0.00023419333333333332
2021-04-26,27.0,133638398.78006244,,,,0.0001
2021-04-27,50.0,,,86549662.5,,0.0001
2021-04-28,59.0,,277126.0,,135.93910763999997,0.0001
2021-04-29,52.0,,,,,0.0001
2021-04-30,51.0,,,85820878.0,,0.0001
2021-05-01,68.0,,,,,0.0001790166666666667
2021-05-02,66.0,,,72641954.5,,0.0003546233333333333
2021-05-03,61.0,,,,,0.00047936
2021-05-04,68.0,185429301.3867602,,,,0.0004319033333333333
2021-05-05,48.0,,,73895957.0,,0.00032964333333333334
2021-05-06,65.0,,311380.0,,109.52051483999999,0.0007653633333333333
2021-05-07,64.0,,,52976518.5,,0.00038367333333333333
2021-05-08,67.0,175184588.60296133,,,,0.0005069166666666667
2021-05-09,73.0,,,,,0.00052217
2021-05-10,72.0,,,43122513.5,,0.0007414733333333334
2021-05-11,61.0,,,,,0.00038685333333333337
2021-05-12,68.0,,,18425844.0,,0.00030052000000000003
2021-05-13,31.0,,,,,0.00014833666666666667
2021-05-14,26.0,,,56274726.5,,0.0003010933333333333
2021-05-15,27.0,,,,,0.00013425333333333332
2021-05-16,20.0,164348929.98192218,,,,0.00031042
2021-05-17,27.0,,,44249337.5,,0.0004442766666666667
2021-05-18,21.0,,221018.0,,67.16487364999998,0.0003039166666666667
2021-05-19,23.0,,,85371166.5,,-0.00014628
2021-05-20,11.0,139447576.95435822,,,,0.0001
2021-05-21,19.0,,,,,5.5150000000000006e-05
2021-05-22,12.0,,,77736673.5,,-1.482666666666666e-05
2021-05-23,14.0,,,,,-4.58e-06
2021-05-24,10.0,,,69047633.5,,-5.4499999999999997e-05
2021-05-25,22.0,,,,,0.0001
2021-05-26,22.0,,,76136385.0,,0.0001
2021-05-27,27.0,,,,,0.0001
2021-05-28,21.0,148163050.51400563,,,,0.0001
2021-05-29,18.0,,,65997515.0,,0.00010125
2021-05-30,10.0,,179795.0,,36.61452541999999,0.0001
2021-05-31,18.0,,,28181482.0,,0.0001
2021-06-01,20.0,148572947.38247102,,,,0.0001
2021-06-02,23.0,,,,,0.0001
2021-06-03,24.0,,255621.0,,49.88061483999999,0.0001
2021-06-04,27.0,,,,,0.00013522
2021-06-05,24.0,,,2264107.5,,0.0001
2021-06-06,17.0,,,,,0.0001
2021-06-07,15.0,,,16514561.0,,0.0001
2021-06-08,13.0,,,,,7.005000000000001e-05
2021-06-09,14.0,131832333.59289683,,,,-3.4129999999999993e-05
2021-06-10,21.0,,,22224328.0,,-2.55333333333333e-06
2021-06-11,21.0,,216502.0,,40.70747208999999,5.796e-05
2021-06-12,28.0,,,14884747.0,,4.68666666666667e-06
2021-06-13,23.0,136724465.12868512,,,,1.9776666666666666e-05
2021-06-14,28.0,,,,,5.618666666666667e-05
2021-06-15,38.0,,,6842281.5,,9.334000000000001e-05
2021-06-16,33.0,,,,,0.0001
2021-06-17,26.0,,,173600.0,,0.0001
2021-06-18,25.0,,,,,5.229e-05
2021-06-19,23.0,,187042.0,,24.633397950000006,-2.390333333333333e-05
2021-06-20,21.0,,,,,5.2100000000000035e-06
2021-06-21,23.0,104040763.72581212,,,,-3.8236666666666666e-05
2021-06-22,10.0,,,19933528.5,,-4.9530000000000015e-05
2021-06-23,14.0,,232704.0,,56.04309666,-0.00011173666666666667
2021-06-24,22.0,,,24087207.0,,-5.549333333333333e-05
2021-06-25,27.0,108995085.80799364,,,,7.457333333333334e-05
2021-06-26,20.0,,,,,-0.00011507
2021-06-27,22.0,,124640.0,,27.102806160000004,-0.00034195
2021-06-28,25.0,,,,,3.4660000000000004e-05
2021-06-29,25.0,,,33783799.5,,7.409666666666667e-05
2021-06-30,28.0,,,,,0.0001
2021-07-01,28.0,,,63001070.5,,0.0001
2021-07-02,21.0,,,,,2.0390000000000003e-05
2021-07-03,24.0,98706076.21227616,,,,-4.962e-05
2021-07-04,27.0,,,16879683.5,,-2.5356666666666664e-05
2021-07-05,29.0,,223760.0,,47.54560696000002,3.186666666666667e-05
2021-07-06,20.0,,,1918515.5,,-6.678e-05
2021-07-07,28.0,87820755.10899657,,,,2.2126666666666666e-05
2021-07-08,20.0,,,,,-0.00011033666666666665
2021-07-09,20.0,,,360617.0,,-0.00015698
2021-07-10,20.0,,,,,2.612666666666667e-05
2021-07-11,20.0,,,1241482.5,,4.804e-05
2021-07-12,25.0,,,,,7.438e-05
2021-07-13,20.0,,,234125.5,,6.684e-05
2021-07-14,21.0,,,,,-1.4533333333333308e-06
2021-07-15,20.0,91390704.50367121,,,,2.2310000000000005e-05
2021-07-16,22.0,,,2032512.0,,-1.4503333333333332e-05
2021-07-17,15.0,,182047.0,,12.611708939999998,2.674e-05
2021-07-18,19.0,,,774881.0,,5.188666666666667e-05
2021-07-19,24.0,115543619.13247934,,,,-1.8523333333333333e-05
2021-07-20,19.0,,,,,-0.00015731666666666668
2021-07-21,10.0,,,430913.5,,-0.0003144066666666667
2021-07-22,21.0,,,,,-4.508333333333333e-05
2021-07-23,23.0,,,841772.5,,-5.877e-05
2021-07-24,22.0,,,,,-0.00010409333333333334
2021-07-25,27.0,,174535.0,,9.733525729999995,-0.00017530333333333332
2021-07-26,26.0,,,800668.0,,-0.00011613666666666668
2021-07-27,32.0,115543619.13247934,,,,5.917333333333334e-05
2021-07-28,50.0,,,4922672.5,,5.987666666666667e-05
2021-07-29,50.0,,262612.0,,14.995055600000008,6.589666666666666e-05
2021-07-30,53.0,,,1305886.5,,5.874333333333334e-05
2021-07-31,60.0,112465862.12588961,,,,0.0001
2021-08-01,60.0,,,,,0.0001
2021-08-02,48.0,,,485195.0,,0.0001
2021-08-03,48.0,,,,,0.0001
2021-08-04,42.0,,,8664445.5,,7.090666666666667e-05
2021-08-05,50.0,,,,,0.0001
2021-08-06,52.0,,260810.0,,14.22965964,0.0001
2021-08-07,69.0,,,746673.0,,0.0001
2021-08-08,74.0,113858289.12342106,,,,0.0001
2021-08-09,65.0,,,1921666.0,,0.0001
2021-08-10,71.0,,260968.0,,13.957605080000002,0.0001
2021-08-11,70.0,,,5418468.5,,0.0001
2021-08-12,70.0,108813934.5420037,,,,0.0001
2021-08-13,70.0,,,,,0.0001
2021-08-14,76.0,,,290946.5,,0.0001
2021-08-15,71.0,,,,,0.0001
2021-08-16,72.0,,,5849542.5,,0.00011308
2021-08-17,72.0,,,,,0.0001
2021-08-18,73.0,,247333.0,,15.411591230000003,0.0001
2021-08-19,70.0,,,2821075.5,,0.0001
2021-08-20,70.0,123727618.0945286,,,,0.00011920333333333334
2021-08-21,78.0,,,412258.0,,0.00015569
2021-08-22,76.0,,190631.0,,11.626182749999995,0.00011604333333333333
2021-08-23,79.0,,,307912.0,,0.0002438766666666667
2021-08-24,79.0,119087832.41598378,,,,0.0002688266666666667
2021-08-25,73.0,,,,,0.00013189333333333335
2021-08-26,75.0,,,435142.0,,0.00013955
2021-08-27,71.0,,,,,0.0001
2021-08-28,78.0,,,632633.5,,0.00021792333333333331
2021-08-29,72.0,,,,,0.0001
2021-08-30,73.0,,250955.0,,12.537301139999999,0.00014183333333333333
2021-08-31,73.0,,,317105.0,,0.00029103666666666664
2021-09-01,71.0,119963781.7426829,,,,0.0003528033333333334
2021-09-02,74.0,,,4547961.0,,0.0004887166666666667
2021-09-03,74.0,,283991.0,,18.433869729999994,0.00035202
2021-09-04,72.0,,,549209.0,,0.00024982
2021-09-05,73.0,143606278.8744525,,,,0.0001
2021-09-06,79.0,,,,,0.00015594333333333334
2021-09-07,79.0,,,1539945.5,,0.00014325666666666667
2021-09-08,47.0,,,,,0.0001
2021-09-09,45.0,125412870.36132078,,,,0.0001
2021-09-10,46.0,,,,,0.00010371666666666666
2021-09-11,31.0,,218445.0,,10.836634559999998,0.0001
2021-09-12,32.0,,,270348.0,,0.0001
2021-09-13,44.0,145552163.4120438,,,,0.0001
2021-09-14,30.0,,,4908231.0,,0.0001
2021-09-15,49.0,,268957.0,,17.058681740000008,0.0001
2021-09-16,53.0,,,10902482.0,,0.0001
2021-09-17,48.0,134567094.4752858,,,,0.0001
2021-09-18,50.0,,,,,0.0001
2021-09-19,53.0,,200516.0,,8.247936459999996,0.0001
2021-09-20,50.0,,,,,0.0001
2021-09-21,27.0,,,6021427.5,,0.0001
2021-09-22,21.0,,,,,0.0001
2021-09-23,27.0,,268689.0,,13.782920530000004,7.526333333333333e-05
2021-09-24,33.0,,,775110.5,,-4.1379999999999993e-05
2021-09-25,28.0,135990412.4848306,,,,8.543e-05
2021-09-26,27.0,,,2289398.5,,3.590333333333334e-05
2021-09-27,26.0,,255873.0,,12.663846300000005,0.0001
2021-09-28,25.0,,,4088431.5,,5.207666666666666e-05
2021-09-29,24.0,122769122.38213871,,,,4.622e-05
2021-09-30,20.0,,,,,9.745000000000001e-05
2021-10-01,27.0,,,4471352.5,,3.1696666666666664e-05
2021-10-02,54.0,,,,,4.911333333333333e-05
2021-10-03,49.0,,,4069402.5,,0.0001
2021-10-04,54.0,,,,,0.0001
2021-10-05,59.0,,312538.0,,15.293184800000008,2.578e-05
2021-10-06,68.0,,,1330222.5,,0.0001
2021-10-07,76.0,139433297.2697835,,,,0.00023949666666666668
2021-10-08,74.0,,,14062104.0,,0.00023383666666666668
2021-10-09,72.0,,246189.0,,14.68665122,0.00011905666666666666
2021-10-10,71.0,,,,,0.00013635333333333332
2021-10-11,71.0,,,1522082.0,,0.0001
2021-10-12,78.0,,,,,0.0001
2021-10-13,70.0,,,2473874.0,,0.0001
2021-10-14,70.0,,,,,0.00016693
2021-10-15,71.0,139433297.2697835,,,,0.00018895
2021-10-16,78.0,,,,,0.00039754333333333336
2021-10-17,79.0,,215883.0,,11.342677920000003,0.00038554
2021-10-18,78.0,,,1818993.0,,0.00023547333333333333
2021-10-19,75.0,154737198.72913387,,,,0.00011658000000000001
2021-10-20,82.0,,,14443661.0,,0.0002774566666666667
2021-10-21,84.0,,320743.0,,20.276850739999993,0.0006274466666666667
2021-10-22,75.0,,,,,0.00030406000000000004
2021-10-23,74.0,,,163129.5,,0.00019475666666666667
2021-10-24,73.0,,,,,0.00033478333333333333
2021-10-25,72.0,,284680.0,,14.023436650000006,0.00028888666666666667
2021-10-26,76.0,,,,,0.0005254166666666667
2021-10-27,73.0,,,2031654.0,,0.0002883366666666667
2021-10-28,66.0,,,,,0.00013118666666666666
2021-10-29,70.0,,305733.0,,15.656144510000003,0.00021869999999999998
2021-10-30,73.0,,,278229.5,,0.00026212
2021-10-31,74.0,140175299.14944655,,,,0.00037292333333333337
2021-11-01,74.0,,,6534312.0,,0.0004026766666666666
2021-11-02,73.0,,297402.0,,17.50019126999999,0.00032179
2021-11-03,76.0,,,,,0.00052478
2021-11-04,73.0,,,7659324.0,,0.0004770166666666667
2021-11-05,73.0,,,,,0.0002603566666666667
2021-11-06,71.0,,,1033173.5,,0.00045389333333333335
2021-11-07,73.0,,,,,0.0003031966666666667
2021-11-08,75.0,,,24467633.0,,0.00041316333333333335
2021-11-09,84.0,,,,,0.00048591
2021-11-10,75.0,,301025.0,,18.414890980000003,0.0005447533333333333
2021-11-11,77.0,,,287721.5,,0.00018341000000000003
2021-11-12,74.0,152890245.77610743,,,,0.0003013933333333333
2021-11-13,72.0,,,2373885.0,,0.00023005333333333332
2021-11-14,74.0,,224016.0,,8.671454749999999,0.00012340333333333333
2021-11-15,72.0,,,,,0.0002595333333333333
2021-11-16,71.0,,,431170.0,,0.00018665999999999998
2021-11-17,52.0,,,,,0.00011051666666666667
2021-11-18,54.0,,,3732676.0,,0.00010411666666666666
2021-11-19,34.0,,,,,0.0001
2021-11-20,43.0,163435013.23453516,,,,0.0001
2021-11-21,49.0,,,,,0.0001
2021-11-22,50.0,,279165.0,,12.30824165,0.0001
2021-11-23,33.0,,,551842.0,,0.00010965666666666666
2021-11-24,42.0,176960669.50222084,,,,0.0001067
2021-11-25,32.0,,,2755547.0,,0.00014404
2021-11-26,47.0,,292645.0,,14.573473770000003,0.00019201333333333334
2021-11-27,21.0,,,,,0.00010274666666666666
2021-11-28,27.0,,,545475.5,,0.0001
2021-11-29,33.0,,,,,0.00013591333333333333
2021-11-30,40.0,,,1856092.5,,0.00015936666666666665
2021-12-01,34.0,,,,,0.00017278333333333332
2021-12-02,32.0,,,8100216.0,,0.00011983666666666666
2021-12-03,31.0,,,,,0.0001629466666666667
2021-12-04,25.0,,253674.0,,17.45400847999999,6.392666666666667e-05
2021-12-05,18.0,,,227037.0,,9.091e-05
2021-12-06,16.0,190973602.87366727,,,,0.0001
2021-12-07,25.0,,,1755985.5,,7.992333333333333e-05
2021-12-08,28.0,,266110.0,,10.347112210000002,0.0001
2021-12-09,29.0,,,,,0.0001
2021-12-10,24.0,,,212217.0,,0.0001
2021-12-11,16.0,,,,,0.0001
2021-12-12,27.0,,,480293.0,,0.0001
2021-12-13,28.0,,,,,0.0001
2021-12-14,21.0,,,1784057.0,,6.115000000000001e-05
2021-12-15,28.0,,,,,0.0001
2021-12-16,29.0,,256206.0,,10.470706909999999,0.0001
2021-12-17,23.0,,,654229.5,,8.226e-05
2021-12-18,24.0,153952542.66529143,,,,8.913999999999999e-05
2021-12-19,29.0,,,1747066.0,,9.026666666666667e-05
2021-12-20,25.0,,266947.0,,10.997373189999998,0.0001
2021-12-21,27.0,,,,,9.728e-05
2021-12-22,45.0,,,1438314.0,,0.0001
2021-12-23,34.0,,,,,7.912666666666667e-05
2021-12-24,41.0,,260565.0,,12.067905989999998,0.0001
2021-12-25,39.0,,,,,0.0001
2021-12-26,37.0,161682278.52670813,,,,0.0001
2021-12-27,40.0,,,754895.5,,0.0001
2021-12-28,41.0,,265422.0,,17.86068218000001,0.0001
2021-12-29,27.0,,,3014911.0,,0.0001
2021-12-30,22.0,143583516.00506175,,,,0.0001
2021-12-31,28.0,,,6398925.0,,5.6326666666666664e-05
2022-01-01,21.0,,186834.0,,9.313250859999998,0.0001
2022-01-02,29.0,,,,,0.0001
2022-01-03,29.0,168921783.5353667,,,,0.0001
2022-01-04,23.0,,,,,0.0001
2022-01-05,24.0,,,4520311.5,,0.0001
2022-01-06,15.0,,,,,0.0001
2022-01-07,18.0,168921783.5353667,,,,0.0001
2022-01-08,10.0,,,606373.5,,0.0001
2022-01-09,23.0,,210143.0,,7.86552615,0.0001
2022-01-10,23.0,,,6188922.5,,8.174e-05
2022-01-11,21.0,191422128.4364691,,,,9.131333333333335e-05
2022-01-12,22.0,,,1059511.0,,-1.6300000000000007e-06
2022-01-13,21.0,,274515.0,,10.43758314,-1.1956666666666667e-05
2022-01-14,21.0,,,,,-5.0776666666666664e-05
2022-01-15,23.0,,,755780.5,,4.9810000000000006e-05
2022-01-16,21.0,,,,,3.453333333333333e-05
2022-01-17,22.0,,,564731.0,,6.132666666666667e-05
2022-01-18,24.0,,,,,9.999333333333335e-05
2022-01-19,24.0,209595115.3133491,,,,8.324333333333332e-05
2022-01-20,24.0,,,418361.0,,0.0001
2022-01-21,19.0,,272348.0,,12.146521389999995,7.583e-05
2022-01-22,13.0,,,589307.5,,4.357e-05
2022-01-23,11.0,186746029.1281284,,,,2.3903333333333335e-05
2022-01-24,13.0,,,5817079.0,,4.6979999999999994e-05
2022-01-25,12.0,,265128.0,,10.852287239999995,2.7060000000000002e-05
2022-01-26,23.0,,,,,-1.7863333333333332e-05
2022-01-27,20.0,,,588119.5,,-7.536333333333334e-05
2022-01-28,24.0,,,,,3.184e-05
2022-01-29,24.0,,,2331309.0,,3.7233333333333334e-06
2022-01-30,29.0,,,,,8.392000000000001e-05
2022-01-31,20.0,189394908.97391748,,,,-1.363333333333333e-05
2022-02-01,26.0,,,2749099.5,,-1.3809999999999998e-05
2022-02-02,28.0,,278985.0,,12.277100499999994,3.216e-05
2022-02-03,20.0,,,3207011.0,,-2.693666666666667e-05
2022-02-04,20.0,172445464.54596007,,,,9.636666666666669e-06
2022-02-05,33.0,,,15337326.0,,9.152333333333335e-05
2022-02-06,37.0,,219196.0,,10.267598419999999,0.0001
2022-02-07,45.0,,,,,-9.586666666666667e-06
2022-02-08,48.0,,,831644.0,,0.0001
2022-02-09,54.0,,,,,6.387333333333332e-05
2022-02-10,50.0,,,26626202.5,,6.067000000000001e-05
2022-02-11,50.0,,,,,-2.9953333333333337e-05
2022-02-12,44.0,248110330.00696588,,,,0.0001
2022-02-13,44.0,,,680753.0,,7.599333333333332e-05
2022-02-14,46.0,,247592.0,,11.161085030000006,6.343e-05
2022-02-15,46.0,,,8899501.5,,2.5673333333333334e-05
2022-02-16,51.0,206979740.54057044,,,,0.0001
2022-02-17,52.0,,,5141117.0,,0.0001
2022-02-18,30.0,,261055.0,,9.413693890000005,-1.4323333333333334e-05
2022-02-19,25.0,,,,,6.223666666666667e-05
2022-02-20,27.0,,,2421178.5,,6.956666666666665e-06
2022-02-21,25.0,,,,,-4.903333333333335e-06
2022-02-22,20.0,,,414708.5,,-1.9883333333333333e-05
2022-02-23,25.0,,,,,-6.186000000000001e-05
2022-02-24,23.0,183513619.49715608,,,,-6.26e-05
2022-02-25,27.0,,,2352724.5,,5.739333333333333e-05
2022-02-26,26.0,,220423.0,,6.735534049999998,8.982e-05
2022-02-27,26.0,,,553948.5,,2.2496666666666664e-05
2022-02-28,20.0,214099222.7466821,,,,-0.00011846333333333334
2022-03-01,51.0,,,15122308.5,,8.123e-05
2022-03-02,52.0,,288657.0,,29.265981479999997,6.497666666666666e-05
2022-03-03,39.0,,,,,0.0001
2022-03-04,33.0,,,237673.0,,0.0001
2022-03-05,22.0,,,,,7.218666666666667e-05
2022-03-06,22.0,,,2091798.0,,1.704e-05
2022-03-07,23.0,,,,,-3.9473333333333334e-05
2022-03-08,21.0,202691096.5721893,,,,7.792666666666667e-05
2022-03-09,22.0,,,1113809.5,,8.925333333333334e-05
2022-03-10,28.0,,261553.0,,11.649466789999998,3.120333333333333e-05
2022-03-11,22.0,,,4931887.0,,-4.4239999999999997e-05
2022-03-12,22.0,213647372.0625779,,,,-2.3466666666666657e-06
2022-03-13,21.0,,,,,-3.661e-05
2022-03-14,23.0,,,445582.0,,-3.9999999999999996e-05
2022-03-15,21.0,,,,,6.421e-05
2022-03-16,24.0,,,1746481.0,,8.623666666666666e-05
2022-03-17,27.0,,,,,0.0001
2022-03-18,25.0,,,5075270.0,,7.220666666666666e-05
2022-03-19,28.0,,,,,0.0001
2022-03-20,31.0,210160951.25482893,,,,0.0001
2022-03-21,30.0,,,1248399.5,,2.9843333333333336e-05
2022-03-22,26.0,,264569.0,,10.8074481,0.0001
2022-03-23,31.0,,,5250189.0,,9.004666666666667e-05
2022-03-24,40.0,195149454.73662692,,,,5.19e-06
2022-03-25,47.0,,,,,5.143000000000001e-05
2022-03-26,51.0,,231031.0,,8.185598199999998,4.209333333333333e-05
2022-03-27,49.0,,,,,1.0176666666666669e-05
2022-03-28,60.0,,,2195658.0,,0.0001
2022-03-29,56.0,,,,,9.864666666666667e-05
2022-03-30,55.0,,,10314103.0,,0.0001
2022-03-31,52.0,,,,,0.0001
2022-04-01,50.0,200371606.28467658,,,,8.939666666666668e-05
2022-04-02,52.0,,,429307.5,,0.0001
2022-04-03,48.0,,225564.0,,10.435895970000002,0.0001
2022-04-04,52.0,,,1933336.0,,0.0001
2022-04-05,53.0,206055907.17218518,,,,0.0001
2022-04-06,48.0,,,,,9.966e-05
2022-04-07,34.0,,,246763.0,,7.473666666666668e-05
2022-04-08,37.0,,,,,8.102000000000001e-05
2022-04-09,30.0,,,2210287.5,,9.759666666666667e-05
2022-04-10,34.0,,,,,6.317333333333333e-05
2022-04-11,32.0,,,7523201.5,,6.747666666666667e-05
2022-04-12,20.0,,,,,-7.936e-05
2022-04-13,25.0,198950531.06279945,,,,-8.08e-06
2022-04-14,28.0,,,402641.0,,4.324666666666666e-05
2022-04-15,22.0,,254831.0,,8.863154869999999,-4.113666666666667e-05
2022-04-16,28.0,,,1054293.0,,4.532333333333334e-05
2022-04-17,28.0,231514552.3256366,,,,6.852666666666667e-05
2022-04-18,24.0,,,,,-8.621333333333333e-05
2022-04-19,27.0,,,123610.5,,3.741e-05
2022-04-20,27.0,,,,,7.569e-05
2022-04-21,27.0,237127026.3214096,,,,9.699999999999992e-07
2022-04-22,26.0,,,,,-4.7909999999999994e-05
2022-04-23,24.0,,,762305.5,,-9.489333333333334e-05
2022-04-24,24.0,,,,,-0.00012401
2022-04-25,23.0,227305196.82880685,,,,-3.176333333333333e-05
2022-04-26,27.0,,,1869556.0,,0.0001
2022-04-27,21.0,,287105.0,,11.164919310000005,-7.235333333333334e-05
2022-04-28,24.0,,,8372672.0,,-4.199999999999998e-06
2022-04-29,23.0,222163205.20796743,,,,7.542666666666667e-05
2022-04-30,20.0,,,,,3.6366666666666673e-06
2022-05-01,22.0,,,2114043.5,,4.1660000000000004e-05
2022-05-02,28.0,,,,,9.666666666666667e-05
2022-05-03,27.0,,,3691217.5,,0.0001
2022-05-04,21.0,,,,,7.501333333333334e-05
2022-05-05,27.0,,315759.0,,22.340750540000002,0.0001
2022-05-06,22.0,,,11254434.0,,-4.999e-05
2022-05-07,23.0,211795588.96492898,,,,4.793333333333334e-06
2022-05-08,18.0,,,397045.5,,5.7803333333333336e-05
2022-05-09,11.0,,279511.0,,19.787603760000014,0.0001
2022-05-10,10.0,,,418461.0,,0.0001
2022-05-11,12.0,225257597.8912952,,,,3.6689999999999996e-05
2022-05-12,12.0,,,,,-0.0002514866666666667
2022-05-13,10.0,,,89934651.5,,-5.623333333333333e-06
2022-05-14,9.0,,,,,0.0001
2022-05-15,10.0,,,68994730.5,,9.114333333333334e-05
2022-05-16,14.0,,,,,7.941e-05
2022-05-17,8.0,,278496.0,,18.911246129999995,4.665e-05
2022-05-18,12.0,,,721048.5,,-3.2720000000000005e-05
2022-05-19,13.0,189527082.3637104,,,,4.249333333333333e-05
2022-05-20,13.0,,,866930.0,,0.0001
2022-05-21,13.0,,225225.0,,12.030804259999996,6.699999999999998e-07
2022-05-22,14.0,,,364404.5,,3.1156666666666666e-05
2022-05-23,10.0,248560108.0179809,,,,0.0001
2022-05-24,12.0,,,,,-3.385333333333333e-05
2022-05-25,11.0,,,2021524.0,,7.893e-05
2022-05-26,12.0,,,,,6.079e-05
2022-05-27,12.0,205096744.96660265,,,,0.0001
2022-05-28,13.0,,,,,9.570666666666668e-05
2022-05-29,14.0,,207859.0,,9.962765560000001,0.0001
2022-05-30,10.0,,,178361.5,,0.0001
2022-05-31,16.0,216986411.34147817,,,,0.0001
2022-06-01,17.0,,,6273937.0,,0.0001
2022-06-02,13.0,,264901.0,,19.52585209,9.733333333333334e-06
2022-06-03,10.0,,,4935301.0,,7.009999999999998e-06
2022-06-04,14.0,206582953.2634621,,,,3.523666666666666e-05
2022-06-05,10.0,,,,,3.979666666666667e-05
2022-06-06,13.0,,268921.0,,12.70170594,8.564e-05
2022-06-07,15.0,,,,,-1.3129999999999998e-05
2022-06-08,17.0,,,2169038.0,,0.0001
2022-06-09,11.0,,,,,9.702e-05
2022-06-10,13.0,,261856.0,,13.5712683,7.597333333333333e-05
2022-06-11,12.0,,,264612.0,,2.9156666666666668e-05
2022-06-12,14.0,191184617.31646615,,,,3.6673333333333333e-05
2022-06-13,11.0,,,35331377.5,,6.180000000000001e-06
2022-06-14,8.0,,283231.0,,26.092143590000006,-3.711666666666666e-05
2022-06-15,7.0,,,980003.0,,-3.3276666666666666e-05
2022-06-16,7.0,179141491.81621632,,,,-1.6386666666666667e-05
2022-06-17,9.0,,,,,-2.2053333333333335e-05
2022-06-18,6.0,,,780426.5,,5.7193333333333333e-05
2022-06-19,6.0,,,,,2.3076666666666665e-05
2022-06-20,9.0,,,6932144.0,,2.1376666666666665e-05
2022-06-21,9.0,,,,,5.665e-05
2022-06-22,11.0,,255472.0,,16.955184179999996,-1.4813333333333334e-05
2022-06-23,11.0,,,2019891.5,,-1.7016666666666666e-05
2022-06-24,11.0,189622396.21199957,,,,8.668666666666667e-05
2022-06-25,14.0,,,4904928.5,,7.540333333333334e-05
2022-06-26,14.0,,206755.0,,12.73963608,6.889666666666667e-05
2022-06-27,12.0,,,,,5.8183333333333336e-05
2022-06-28,10.0,214611394.16241816,,7888172.5,,-1.921333333333333e-05
2022-06-29,13.0,,,,,5.947333333333333e-05
2022-06-30,11.0,,,697428.0,,-6.904666666666666e-05
2022-07-01,11.0,,,,,-4.5803333333333336e-05
2022-07-02,14.0,,,286977.0,,1.475e-05
2022-07-03,11.0,,,,,5.2e-05
2022-07-04,14.0,,240385.0,,13.56007377999999,4.8899999999999996e-05
2022-07-05,19.0,,,925028.5,,5.137e-05
2022-07-06,18.0,186682514.1001857,,,,9.457666666666667e-05
2022-07-07,18.0,,,5551183.5,,8.424666666666666e-05
2022-07-08,20.0,,268331.0,,22.855290490000005,6.737333333333334e-05
2022-07-09,24.0,,,,,8.714333333333334e-05
2022-07-10,24.0,,,120465.5,,9.987333333333333e-05
2022-07-11,22.0,,,,,6.759666666666666e-05
2022-07-12,16.0,,275378.0,,17.361912600000007,5.7010000000000005e-05
2022-07-13,15.0,,,,,-6.016666666666666e-06
2022-07-14,18.0,,,10355247.0,,4.5026666666666674e-05
2022-07-15,15.0,,,,,4.086333333333333e-05
2022-07-16,21.0,,226638.0,,18.277772789999993,4.950333333333333e-05
2022-07-17,24.0,,,1794352.5,,8.915666666666667e-05
2022-07-18,20.0,189844347.0874986,,,,0.0001
2022-07-19,30.0,,,914206.0,,0.0001
2022-07-20,31.0,,260195.0,,25.64368542000001,9.372666666666667e-05
2022-07-21,34.0,,,,,0.0001
2022-07-22,33.0,181711862.6387281,,,,8.390666666666666e-05
2022-07-23,31.0,,,,,6.688e-05
2022-07-24,30.0,,,836246.0,,7.354333333333333e-05
2022-07-25,30.0,,,,,4.519e-05
2022-07-26,26.0,,,2621403.0,,7.437666666666666e-05
2022-07-27,28.0,,,,,4.209e-05
2022-07-28,32.0,,287254.0,,16.141326599999996,9.743000000000001e-05
2022-07-29,39.0,,,1690749.5,,0.0001
2022-07-30,42.0,177582047.57875702,,,,0.0001
2022-07-31,39.0,,,963716.5,,8.760333333333334e-05
2022-08-01,33.0,,249610.0,,14.450534099999997,8.816333333333335e-05
2022-08-02,31.0,,,,,8.539333333333333e-05
2022-08-03,34.0,,,159069.0,,2.4999999999999998e-06
2022-08-04,30.0,,,,,1.0076666666666666e-05
2022-08-05,31.0,,,759403.0,,3.527e-05
2022-08-06,31.0,,,,,8.492333333333335e-05
2022-08-07,30.0,222690688.3419183,,,,3.888e-05
2022-08-08,30.0,,,,,7.596666666666667e-05
2022-08-09,42.0,,256233.0,,22.94095828,9.306666666666667e-05
2022-08-10,31.0,,,562203.5,,2.9023333333333334e-05
2022-08-11,41.0,196079851.3702425,,,,7.372333333333333e-05
2022-08-12,42.0,,,4533897.5,,2.3506666666666666e-05
2022-08-13,46.0,,233308.0,,11.569899080000006,2.35e-05
2022-08-14,47.0,,,,,1.1006666666666666e-05
2022-08-15,45.0,,,282877.0,,-1.3426666666666666e-05
2022-08-16,44.0,,,,,2.0896666666666666e-05
2022-08-17,41.0,,,5614352.5,,3.364e-05
2022-08-18,30.0,,,,,8.520666666666668e-05
2022-08-19,33.0,,,2914450.5,,1.787333333333334e-05
2022-08-20,29.0,,,,,-3.406333333333333e-05
2022-08-21,27.0,,205435.0,,7.9226078700000055,-2.9266666666666665e-05
2022-08-22,29.0,,,1472215.0,,-2.428666666666667e-05
2022-08-23,28.0,242410954.69219768,,,,-2.1766666666666666e-05
2022-08-24,25.0,,,2448455.5,,-1.7939999999999998e-05
2022-08-25,25.0,,260460.0,,10.89698816,2.052e-05
2022-08-26,27.0,,,,,1.3663333333333334e-05
2022-08-27,28.0,,,415212.0,,-4.498e-05
2022-08-28,28.0,,,,,-4.1989999999999996e-05
2022-08-29,24.0,,,2402110.0,,-9.957333333333332e-05
2022-08-30,27.0,,,,,-2.7119999999999998e-05
2022-08-31,23.0,219862688.89188153,,,,2.88e-05
2022-09-01,20.0,,,1445619.5,,5.095333333333333e-05
2022-09-02,25.0,,270588.0,,18.277006289999996,3.948666666666667e-05
2022-09-03,21.0,,,8110697.5,,3.452666666666666e-05
2022-09-04,20.0,258699436.01770127,,,,2.7233333333333332e-05
2022-09-05,23.0,,,3548274.5,,4.089e-05
2022-09-06,22.0,,268125.0,,15.29135514,1.1903333333333333e-05
2022-09-07,24.0,,,,,-3.1173333333333335e-05
2022-09-08,20.0,,,3426252.5,,3.2046666666666666e-05
2022-09-09,22.0,,,,,7.104000000000001e-05
2022-09-10,28.0,,,455428.5,,9.921333333333333e-05
2022-09-11,26.0,,,,,7.942333333333334e-05
2022-09-12,25.0,235601272.08754936,,,,9.415333333333334e-05
2022-09-13,34.0,,,1063059.5,,9.988333333333333e-05
2022-09-14,27.0,,270309.0,,17.119207890000002,-7.406666666666667e-06
2022-09-15,28.0,,,5408577.0,,3.712333333333334e-05
2022-09-16,20.0,203901883.4393143,,,,5.1076666666666665e-05
2022-09-17,22.0,,,3404411.5,,2.942333333333333e-05
2022-09-18,27.0,,212396.0,,12.176171550000005,5.9373333333333336e-05
2022-09-19,21.0,,,,,-1.7026666666666667e-05
2022-09-20,23.0,242133486.58418575,,,,5.1296666666666666e-05
2022-09-21,23.0,,,,,3.131666666666667e-05
2022-09-22,22.0,,,3485162.0,,-3.649e-05
2022-09-23,20.0,,,,,1.7373333333333332e-05
2022-09-24,24.0,232575585.79796788,,,,3.3226666666666665e-05
2022-09-25,24.0,,,244241.0,,2.415e-05
2022-09-26,21.0,,259311.0,,14.465445650000003,2.511e-05
2022-09-27,20.0,,,3700773.0,,6.927333333333333e-05
2022-09-28,20.0,234283743.87934902,,,,1.8006666666666665e-05
2022-09-29,22.0,,,5844514.5,,6.669e-05
2022-09-30,21.0,,286672.0,,16.583648199999992,0.0001
2022-10-01,20.0,,,,,6.734333333333334e-05
2022-10-02,24.0,,,3118930.0,,5.1540000000000005e-05
2022-10-03,24.0,,,,,7.437333333333334e-05
2022-10-04,20.0,,,717637.0,,0.0001
2022-10-05,25.0,,,,,0.0001
2022-10-06,26.0,247871667.56178424,,,,0.0001
2022-10-07,23.0,,,501758.0,,9.171e-05
2022-10-08,24.0,,235498.0,,6.680587199999998,5.114666666666666e-05
2022-10-09,22.0,,,1407864.5,,2.324333333333333e-05
2022-10-10,22.0,281762541.4868823,,,,7.436666666666667e-05
2022-10-11,24.0,,,1764434.0,,0.0001
2022-10-12,20.0,,261196.0,,9.430387910000002,0.0001
2022-10-13,20.0,,,,,7.133999999999999e-05
2022-10-14,24.0,,,3336831.0,,7.21e-05
2022-10-15,24.0,,,,,4.217333333333333e-05
2022-10-16,24.0,,,4423491.5,,2.1966666666666668e-05
2022-10-17,20.0,,,,,3.876333333333333e-05
2022-10-18,22.0,251371549.5083366,,,,0.0001
2022-10-19,23.0,,,14034071.5,,9.199333333333333e-05
2022-10-20,23.0,,263986.0,,12.782906639999995,6.038666666666667e-05
2022-10-21,23.0,,,969822.5,,2.767e-05
2022-10-22,20.0,240750216.43051958,,,,3.9206666666666665e-05
2022-10-23,23.0,,,5823959.5,,3.499e-05
2022-10-24,22.0,,264486.0,,11.951984580000001,7.442666666666668e-05
2022-10-25,20.0,,,,,4.3933333333333335e-05
2022-10-26,33.0,,,2723109.5,,4.676666666666667e-05
2022-10-27,32.0,,,,,-2.956666666666666e-06
2022-10-28,30.0,,,11351580.5,,-1.0533333333333323e-06
2022-10-29,34.0,,,,,3.8146666666666665e-05
2022-10-30,34.0,247200081.03795698,,,,1.944e-05
2022-10-31,31.0,,,375028.0,,1.637333333333333e-05
2022-11-01,30.0,,276192.0,,14.951825980000002,3.1200000000000006e-06
2022-11-02,30.0,,,4670411.5,,4.0119999999999995e-05
2022-11-03,30.0,300302320.6683329,,,,3.353333333333333e-05
2022-11-04,30.0,,,9335708.0,,4.1586666666666666e-05
2022-11-05,38.0,,257198.0,,16.01921818999999,6.316666666666667e-05
2022-11-06,40.0,,,,,7.696333333333332e-05
2022-11-07,33.0,,,2025310.0,,9.271000000000001e-05
2022-11-08,31.0,,,,,5.057666666666666e-05
2022-11-09,29.0,,,5400185.0,,-0.00013185
2022-11-10,22.0,,,,,-0.00084986
2022-11-11,25.0,244879481.2695022,,,,-0.00010843666666666666
2022-11-12,21.0,,,196352.5,,3.1383333333333335e-05
2022-11-13,22.0,,227644.0,,16.368784639999998,-1.4026666666666667e-05
2022-11-14,24.0,,,2791071.5,,-4.195333333333334e-05
2022-11-15,22.0,283256116.39382714,,,,-8.771333333333333e-05
2022-11-16,23.0,,,,,-6.237333333333334e-05
2022-11-17,20.0,,248465.0,103512165.0,34.54296318999999,-4.1269999999999996e-05
2022-11-18,23.0,,,,,1.7233333333333337e-06
2022-11-19,23.0,,,47259107.5,,4.094666666666667e-05
2022-11-20,24.0,,,,,5.98e-06
2022-11-21,21.0,,,8043486.5,,2.994e-05
2022-11-22,22.0,,,,,8.096666666666667e-06
2022-11-23,22.0,258991482.2471786,,,,6.338666666666667e-05
2022-11-24,20.0,,,19607752.0,,4.568e-05
2022-11-25,20.0,,258341.0,,27.05300031,1.2826666666666665e-05
2022-11-26,22.0,,,9733788.5,,1.6423333333333333e-05
2022-11-27,26.0,249807387.13203046,,,,5.936666666666664e-06
2022-11-28,28.0,,,,,9.533333333333334e-06
2022-11-29,26.0,,,240571.5,,2.8486666666666666e-05
2022-11-30,29.0,,,,,5.6510000000000006e-05
2022-12-01,27.0,,,1504645.0,,2.0093333333333336e-05
2022-12-02,27.0,,,,,2.4249999999999997e-05
2022-12-03,27.0,,,3963802.5,,6.141666666666666e-05
2022-12-04,26.0,,,,,5.7306666666666665e-05
2022-12-05,26.0,268175577.36232677,,,,1.4633333333333324e-06
2022-12-06,25.0,,,595671.5,,2.8763333333333333e-05
2022-12-07,29.0,,272328.0,,18.324438660000006,2.3509999999999997e-05
2022-12-08,25.0,,,573514.0,,1.1673333333333334e-05
2022-12-09,26.0,258748833.58216918,,,,2.7943333333333334e-05
2022-12-10,27.0,,,,,-2.15e-06
2022-12-11,26.0,,217788.0,,8.19227598,8.313333333333334e-06
2022-12-12,27.0,,,,,1.1246666666666667e-05
2022-12-13,27.0,,,620404.5,,4.991333333333333e-05
2022-12-14,30.0,,,,,0.0001
2022-12-15,31.0,,,683592.5,,8.393333333333333e-05
2022-12-16,29.0,,,,,2.8536666666666667e-05
2022-12-17,28.0,234916704.1732852,,,,6.51e-05
2022-12-18,26.0,,,394619.5,,4.151666666666666e-05
2022-12-19,29.0,,259096.0,,18.069058319999993,4.8190000000000004e-05
2022-12-20,29.0,,,3474072.5,,3e-05
2022-12-21,26.0,251387886.90897432,,,,6.367333333333335e-05
2022-12-22,28.0,,,,,6.094333333333333e-05
2022-12-23,27.0,,,654899.0,,9.634333333333334e-05
2022-12-24,29.0,,,,,6.99e-05
2022-12-25,29.0,,,1763677.0,,1.812e-05
2022-12-26,28.0,,,,,3.7533333333333323e-06
2022-12-27,27.0,,,7534531.0,,3.902666666666667e-05
2022-12-28,28.0,,,,,5.375666666666666e-05
2022-12-29,28.0,247871972.40675086,,,,9.505666666666667e-05
2022-12-30,28.0,,,276275.0,,9.044000000000001e-05
2022-12-31,25.0,,242325.0,,12.180264259999996,0.0001
2023-01-01,26.0,,,1712695.5,,6.897e-05
2023-01-02,27.0,274241331.1734265,,,,-1.0580000000000002e-05
2023-01-03,26.0,,,,,7.433e-05
2023-01-04,29.0,,,591958.0,,4.936e-05
2023-01-05,29.0,,,,,5.7056666666666665e-05
2023-01-06,26.0,305064103.23047346,,,,6.945333333333333e-05
2023-01-07,25.0,,,,,4.393e-05
2023-01-08,25.0,,,361633.0,,7.703e-05
2023-01-09,25.0,,,,,2.0116666666666667e-05
2023-01-10,26.0,286421296.9219445,,,,5.0770000000000003e-05
2023-01-11,26.0,,,28677655.0,,1.6756666666666665e-05
2023-01-12,30.0,,315980.0,,16.51553844000001,9.183e-05
2023-01-13,31.0,,,3513625.5,,9.053333333333333e-05
2023-01-14,46.0,289810898.0689498,,,,0.00021531000000000002
2023-01-15,52.0,,,,,0.00015345999999999998
2023-01-16,45.0,,,257316.5,,0.0001
2023-01-17,51.0,,,,,0.0001
2023-01-18,52.0,,,343094.0,,0.0001
2023-01-19,45.0,,,,,0.0001
2023-01-20,51.0,,,4682672.0,,0.0001
2023-01-21,53.0,,,,,0.0001
2023-01-22,53.0,282163369.59394276,,,,0.0001
2023-01-23,50.0,,,2157031.0,,0.0001
2023-01-24,52.0,,292970.0,,16.92996076,0.0001
2023-01-25,51.0,,,2014406.5,,0.0001
2023-01-26,54.0,289637895.9408021,,,,0.0001
2023-01-27,55.0,,,,,9.847000000000001e-05
2023-01-28,52.0,,,1507142.5,,0.0001
2023-01-29,55.0,,,,,0.0001
2023-01-30,61.0,,,4455972.0,,0.0001
2023-01-31,51.0,,,,,0.0001
2023-02-01,56.0,,345561.0,,22.09847212999999,0.0001
2023-02-02,60.0,,,4887275.5,,0.0001
2023-02-03,60.0,260167412.7136542,,,,0.0001
2023-02-04,58.0,,,1015662.5,,0.0001
2023-02-05,58.0,,254113.0,,13.976726330000005,0.0001
2023-02-06,56.0,,,20779428.0,,0.0001
2023-02-07,54.0,277772726.3559315,,,,0.0001
2023-02-08,58.0,,,,,0.0001
2023-02-09,55.0,,,49353501.5,,0.0001
2023-02-10,48.0,,,,,0.0001
2023-02-11,49.0,291465748.0777028,,,,6.165666666666668e-05
2023-02-12,50.0,,,,,5.8710000000000005e-05
2023-02-13,48.0,,299329.0,,24.259215849999997,6.132333333333333e-05
2023-02-14,50.0,,,62895056.5,,9.629e-05
2023-02-15,53.0,317275458.3617154,,,,4.692666666666667e-05
2023-02-16,62.0,,,63036032.5,,0.00014390333333333331
2023-02-17,61.0,,321260.0,,26.678259050000005,0.0001
2023-02-18,60.0,,,37974329.5,,0.0001
2023-02-19,60.0,315328983.1570423,,,,0.0001
2023-02-20,58.0,,,,,0.0001
2023-02-21,60.0,,290457.0,,17.32064879,0.0001
2023-02-22,59.0,,,,,0.0001
2023-02-23,56.0,,,8712807.0,,5.7123333333333336e-05
2023-02-24,53.0,,,,,5.1223333333333335e-05
2023-02-25,52.0,,258413.0,,15.959074009999993,5.816666666666667e-06
2023-02-26,51.0,,,11918682.0,,5.571e-05
2023-02-27,50.0,299630548.4861114,,,,5.388666666666667e-05
2023-02-28,53.0,,,11178737.5,,3.783e-05
2023-03-01,50.0,,381932.0,,25.83815714,6.728333333333333e-05
2023-03-02,51.0,,,61052719.0,,8.570000000000001e-05
2023-03-03,50.0,359556658.1833338,,,,1.857e-05
2023-03-04,50.0,,,,,2.148666666666667e-05
2023-03-05,47.0,,,33481827.5,,2.0413333333333333e-05
2023-03-06,48.0,,,,,4.9760000000000005e-05
2023-03-07,49.0,,,34774397.5,,2.7263333333333334e-05
2023-03-08,50.0,,,,,5.577666666666667e-05
2023-03-09,44.0,,336854.0,,44.796256809999996,0.0001
2023-03-10,34.0,,,59188823.0,,-3.338666666666666e-05
2023-03-11,33.0,357219695.9219277,,,,-7.576666666666667e-06
2023-03-12,33.0,,,70677897.5,,1.798666666666667e-05
2023-03-13,49.0,,333107.0,,26.126984639999993,8.670333333333335e-05
2023-03-14,56.0,,,67346732.0,,0.00018284333333333332
2023-03-15,50.0,318250274.5486265,,,,0.00018751
2023-03-16,52.0,,,,,0.0001
2023-03-17,51.0,,,65513638.5,,7.770333333333335e-05
2023-03-18,64.0,,,,,0.0001
2023-03-19,63.0,320415242.4026988,,,,0.0001
2023-03-20,66.0,,,,,9.693666666666668e-05
2023-03-21,68.0,,327932.0,,28.886597120000012,3.221333333333334e-05
2023-03-22,62.0,,,62776364.5,,1.8693333333333333e-05
2023-03-23,57.0,398152679.74955547,,,,3.052666666666667e-05
2023-03-24,61.0,,,67372251.5,,0.0001
2023-03-25,64.0,,290197.0,,30.59583649,1.3566666666666667e-06
2023-03-26,64.0,,,58925730.0,,1.2300000000000024e-06
2023-03-27,64.0,344632512.6727259,,,,1.6393333333333334e-05
2023-03-28,59.0,,,,,2.4086666666666664e-05
2023-03-29,57.0,,334637.0,,27.534690559999987,7.724333333333334e-05
2023-03-30,60.0,,,,,4.5826666666666666e-05
2023-03-31,63.0,,,69697424.5,,4.5486666666666666e-05
2023-04-01,61.0,,,,,9.613333333333334e-05
2023-04-02,63.0,,341622.0,,24.467191630000006,5.311333333333333e-05
2023-04-03,63.0,,,56213467.0,,2.0689999999999997e-05
2023-04-04,62.0,377232885.49311894,,,,-2.8806666666666666e-05
2023-04-05,62.0,,,71773105.0,,5.514e-05
2023-04-06,63.0,,354019.0,,32.91813282999998,6.883333333333332e-06
2023-04-07,64.0,,,63571444.5,,1.953333333333334e-06
2023-04-08,61.0,349935510.5526316,,,,1.3086666666666666e-05
2023-04-09,61.0,,,,,-2.6899999999999997e-06
2023-04-10,62.0,,,70730183.0,,8.722333333333332e-05
2023-04-11,68.0,,,,,0.0001
2023-04-12,65.0,,,64512917.0,,6.508000000000001e-05
2023-04-13,61.0,,,,,7.030666666666667e-05
2023-04-14,68.0,,315959.0,,27.739714300000003,4.435666666666667e-05
2023-04-15,68.0,,,58306706.0,,4.493333333333333e-05
2023-04-16,68.0,295183695.97636956,,,,9.048e-05
2023-04-17,69.0,,,50961554.0,,9.125333333333334e-05
2023-04-18,58.0,,312522.0,,20.363491979999996,3.648333333333333e-05
2023-04-19,63.0,,,,,5.383333333333334e-05
2023-04-20,52.0,319313867.4340018,,19275513.5,,6.048333333333333e-05
2023-04-21,50.0,,,,,8.765666666666667e-05
2023-04-22,53.0,,,1043298.5,,6.316e-05
2023-04-23,56.0,,,,,2.504333333333333e-05
2023-04-24,53.0,,,13016694.5,,3.667666666666667e-05
2023-04-25,53.0,,,,,6.737666666666667e-05
2023-04-26,56.0,,436461.0,,33.09136423999998,5.344e-05
2023-04-27,59.0,,,24033795.5,,3.850666666666667e-05
2023-04-28,64.0,355961504.6329083,,,,8.158666666666667e-05
2023-04-29,64.0,,,9328156.5,,4.871333333333333e-05
2023-04-30,60.0,,568516.0,,47.64650049999998,4.2369999999999996e-05
2023-05-01,63.0,,,,,-1.1230000000000004e-05
2023-05-02,55.0,,,5208946.0,,2.769e-05
2023-05-03,64.0,,,,,6.568e-05
2023-05-04,64.0,,491123.0,,113.47645017000005,8.102000000000001e-05
2023-05-05,61.0,,,,,7.396e-05
2023-05-06,60.0,,,20166081.5,,0.0001
2023-05-07,64.0,,,,,4.804666666666667e-05
2023-05-08,60.0,,575051.0,,635.35380034,1.6763333333333333e-05
2023-05-09,51.0,,,22152990.5,,4.109666666666666e-05
2023-05-10,52.0,405682569.25521636,,,,4.109666666666666e-05
2023-05-11,52.0,,,101125483.0,,4.5763333333333336e-05
2023-05-12,49.0,,509159.0,,173.44342629,3.453e-05
2023-05-13,48.0,,,,,3.2896666666666666e-05
2023-05-14,48.0,,,129960218.5,,2.763666666666667e-05
2023-05-15,50.0,,,,,8.803333333333334e-06
2023-05-16,54.0,,,136896491.0,,5.875e-05
2023-05-17,50.0,,,,,6.627333333333333e-05
2023-05-18,51.0,,,158369162.0,,9.447333333333334e-05
2023-05-19,48.0,,,,,3.6683333333333335e-05
2023-05-20,48.0,,423736.0,,85.19281153999995,2.3063333333333337e-05
2023-05-21,52.0,,,151675714.5,,5.7029999999999994e-05
2023-05-22,49.0,354690591.1309403,,,,2.6663333333333333e-05
2023-05-23,50.0,,,171782259.5,,0.0001
2023-05-24,50.0,,405521.0,,64.87007901999998,5.476333333333333e-05
2023-05-25,51.0,,,,,8.606666666666667e-05
2023-05-26,49.0,,,172798146.0,,8.178666666666667e-05
2023-05-27,48.0,,,,,7.690666666666667e-05
2023-05-28,50.0,,,160504496.0,,9.96e-05
2023-05-29,52.0,,,,,0.0001
2023-05-30,51.0,379321882.1817001,,,,6.361333333333334e-05
2023-05-31,51.0,,,,,5.024333333333334e-05
2023-06-01,52.0,,355986.0,,70.13588614000001,7.245666666666667e-05
2023-06-02,50.0,,,128270666.5,,7.994e-05
2023-06-03,53.0,331093463.8956832,,,,7.662e-05
2023-06-04,52.0,,,125394196.0,,8.283333333333335e-05
2023-06-05,53.0,,359254.0,,58.00114518999999,9.131333333333332e-05
2023-06-06,44.0,,,,,-1.9719999999999998e-05
2023-06-07,53.0,,,121535352.5,,8.001666666666667e-05
2023-06-08,50.0,,,,,4.201666666666667e-05
2023-06-09,50.0,,,112288926.5,,6.302666666666667e-05
2023-06-10,49.0,,,,,4.9909999999999995e-05
2023-06-11,47.0,,,132308204.5,,4.5239999999999994e-05
2023-06-12,47.0,,,,,5.116333333333333e-05
2023-06-13,45.0,,410483.0,,37.246010070000004,7.561e-05
2023-06-14,46.0,,,150651892.5,,2.9383333333333334e-05
2023-06-15,41.0,385148460.1631553,,,,3.205e-05
2023-06-16,47.0,,,166327072.5,,1.6626666666666664e-05
2023-06-17,47.0,,475252.0,,40.12883580000002,9.137e-05
2023-06-18,49.0,,,,,6.214666666666667e-05
2023-06-19,47.0,,,94848977.0,,5.7090000000000004e-05
2023-06-20,49.0,,,,,4.35e-06
2023-06-21,59.0,,,128939164.0,,6.282e-05
2023-06-22,65.0,,,,,9.745333333333334e-05
2023-06-23,65.0,,,151960310.0,,0.0001
2023-06-24,62.0,,,,,0.0001
2023-06-25,64.0,,382769.0,,29.38484288000001,0.0001
2023-06-26,55.0,,,120964158.0,,0.0001
2023-06-27,59.0,364329624.47866035,,,,0.0001
2023-06-28,62.0,,,144322185.0,,7.966666666666667e-05
2023-06-29,54.0,,438193.0,,37.058475680000015,8.624666666666668e-05
2023-06-30,56.0,,,,,0.0001
2023-07-01,59.0,,,141004147.0,,0.0001
2023-07-02,63.0,,,,,0.0001
2023-07-03,62.0,,,78305288.0,,0.0001
2023-07-04,64.0,,,,,0.0001
2023-07-05,61.0,390233669.4978951,,,,0.0001
2023-07-06,56.0,,,74786209.0,,6.404e-05
2023-07-07,55.0,,556014.0,,19.24955069,1.4203333333333332e-05
2023-07-08,58.0,,,60854041.0,,2.6913333333333335e-05
2023-07-09,55.0,425480581.581576,,,,6.227e-05
2023-07-10,56.0,,,74024494.0,,1.8876666666666665e-05
2023-07-11,57.0,,432293.0,,16.952263900000002,6.743e-05
2023-07-12,64.0,,,,,6.0566666666666664e-05
2023-07-13,57.0,,,87549541.0,,1.838e-05
2023-07-14,60.0,,,,,0.0001
2023-07-15,56.0,,,104518947.0,,-4.406666666666667e-06
2023-07-16,57.0,,,,,4.782666666666667e-05
2023-07-17,54.0,364471696.6467593,,,,5.1080000000000006e-05
2023-07-18,56.0,,,105786526.0,,6.0860000000000003e-05
2023-07-19,50.0,,480249.0,,18.163703370000007,7.638000000000001e-05
2023-07-20,56.0,,,118018454.5,,5.952e-05
2023-07-21,50.0,300153161.94439,,,,2.457e-05
2023-07-22,52.0,,,81581910.5,,1.1053333333333333e-05
2023-07-23,54.0,,559624.0,,25.54846983,7.426666666666666e-05
2023-07-24,55.0,,,,,8.112666666666668e-05
2023-07-25,50.0,,,68497703.0,,8.026666666666666e-05
2023-07-26,51.0,,,,,8.406333333333333e-05
2023-07-27,51.0,,,80903669.5,,3.2806666666666665e-05
2023-07-28,52.0,,,,,7.016e-05
2023-07-29,52.0,343365594.25571066,,,,7.365666666666667e-05
2023-07-30,52.0,,,84788155.0,,6.022666666666667e-05
2023-07-31,50.0,,445666.0,,16.65975421,5.99e-05
2023-08-01,53.0,,,83430099.0,,7.689333333333333e-05
2023-08-02,53.0,400593193.2983291,,,,0.0001
2023-08-03,52.0,,,88322492.0,,0.0001
2023-08-04,54.0,,318486.0,,22.515295539999993,9.372e-05
2023-08-05,50.0,,,,,8.060333333333333e-05
2023-08-06,49.0,,,84970519.5,,0.0001
2023-08-07,49.0,,,,,9.223e-05
2023-08-08,54.0,,,90331378.0,,8.360000000000001e-05
2023-08-09,50.0,,,,,8.838e-05
2023-08-10,53.0,330756213.4390739,,,,9.425666666666667e-05
2023-08-11,51.0,,,79766202.0,,9.041000000000001e-05
2023-08-12,54.0,,503934.0,,19.421388580000023,9.768333333333333e-05
2023-08-13,54.0,,,90924947.0,,8.212333333333333e-05
2023-08-14,50.0,445348917.3077294,,,,0.0001
2023-08-15,53.0,,,101297522.0,,0.0001
2023-08-16,52.0,,566878.0,,18.03889855,0.0001
2023-08-17,50.0,,,,,0.0001
2023-08-18,37.0,,,106373799.5,,5.04e-05
2023-08-19,39.0,,,,,-1.9606666666666666e-05
2023-08-20,37.0,,612461.0,,14.984985450000002,-2.542e-05
2023-08-21,38.0,,,,,-1.2e-05
2023-08-22,37.0,380936887.22817194,,,,2.706666666666667e-06
2023-08-23,37.0,,,85960290.0,,9.886666666666666e-06
2023-08-24,41.0,,399151.0,,17.458467169999995,1.528e-05
2023-08-25,39.0,,,103350523.0,,2.4536666666666665e-05
2023-08-26,38.0,378799106.9943814,,,,3.75e-05
2023-08-27,38.0,,,,,1.7690000000000002e-05
2023-08-28,39.0,,,85553127.5,,2.851e-05
2023-08-29,39.0,,,,,-2.1136666666666664e-05
2023-08-30,49.0,,,23496644.5,,4.847666666666666e-05
2023-08-31,52.0,,,,,5.9576666666666675e-05
2023-09-01,40.0,,,80594342.0,,4.935e-05
2023-09-02,39.0,,,,,1.639e-05
2023-09-03,40.0,436863203.68695074,,,,2.6546666666666668e-05
2023-09-04,40.0,,,91866369.5,,1.0333333333333333e-05
2023-09-05,40.0,,462093.0,,24.396894269999994,1.798e-05
2023-09-06,42.0,,,121780505.5,,3.6966666666666667e-06
2023-09-07,41.0,393005453.9397736,,,,4.879e-05
2023-09-08,46.0,,,,,-9.013333333333332e-06
2023-09-09,41.0,,,128710265.5,,-1.337e-05
2023-09-10,40.0,,,,,1.9433333333333332e-05
2023-09-11,40.0,,,137463254.0,,1.1203333333333333e-05
2023-09-12,30.0,,,,,1.551e-05
2023-09-13,41.0,,,143177763.5,,2.2336666666666666e-05
2023-09-14,45.0,,,,,-2.863333333333335e-06
2023-09-15,45.0,506061817.40190023,,,,1.3863333333333333e-05
2023-09-16,43.0,,,148918368.0,,-2.9540000000000002e-05
2023-09-17,46.0,,611220.0,,28.30720798,8.96e-06
2023-09-18,46.0,,,6366199.0,,-2.2343333333333333e-05
2023-09-19,46.0,385677556.7313763,,,,-4.2000000000000004e-06
2023-09-20,47.0,,,,,-2.460666666666667e-05
2023-09-21,47.0,,,118302299.0,,3.901e-05
2023-09-22,43.0,,,,,1.0359999999999997e-05
2023-09-23,47.0,,,129840855.0,,2.8136666666666668e-05
2023-09-24,44.0,,,,,2.0719999999999995e-05
2023-09-25,47.0,,,121129486.0,,4.0323333333333334e-05
2023-09-26,46.0,,,,,1.6699999999999982e-06
2023-09-27,44.0,445792739.99081457,,,,5.1319999999999997e-05
2023-09-28,46.0,,,95417976.0,,-1.8796666666666666e-05
2023-09-29,48.0,,330269.0,,29.363154359999996,-1.995e-05
2023-09-30,47.0,,,54797858.5,,1.344e-05
2023-10-01,48.0,400361632.7306042,,,,-8.623333333333333e-06
2023-10-02,50.0,,,,,1.694e-05
2023-10-03,50.0,,310664.0,,29.087440100000013,2.7796666666666668e-05
2023-10-04,49.0,,,,,3.124666666666667e-05
2023-10-05,48.0,,,61577810.0,,-3.459e-05
2023-10-06,50.0,,,,,-9.396666666666666e-06
2023-10-07,49.0,,,61143444.5,,2.3520000000000002e-05
2023-10-08,50.0,,,,,2.1503333333333335e-05
2023-10-09,50.0,444516950.225938,,,,5.115e-05
2023-10-10,50.0,,,66759461.0,,4.263666666666667e-05
2023-10-11,47.0,,264600.0,,21.60053422,6.855666666666667e-05
2023-10-12,45.0,,,80613474.0,,6.655e-05
2023-10-13,44.0,393226532.892176,,,,2.2196666666666667e-05
2023-10-14,47.0,,,,,1.5906666666666665e-05
2023-10-15,45.0,,,69905909.5,,1.669e-05
2023-10-16,47.0,,,,,3.394333333333334e-05
2023-10-17,52.0,,,80806820.0,,-2.0466666666666673e-06
2023-10-18,50.0,,,,,-9.716666666666666e-06
2023-10-19,52.0,,,93035948.5,,-4.2193333333333335e-05
2023-10-20,53.0,,,,,-1.5490000000000002e-05
2023-10-21,63.0,455077748.5595787,,,,2.872e-05
2023-10-22,53.0,,,96173465.0,,2.7536666666666667e-05
2023-10-23,53.0,,301780.0,,17.002779340000004,6.162666666666666e-05
2023-10-24,66.0,,,124721952.5,,0.0001
2023-10-25,72.0,436874638.6171956,,,,0.0001
2023-10-26,71.0,,,,,0.0001
2023-10-27,70.0,,,111840128.0,,0.0001
2023-10-28,65.0,,,,,0.0001
2023-10-29,72.0,415637677.0177486,,,,0.0001
2023-10-30,68.0,,,,,0.0001
2023-10-31,66.0,,433751.0,,18.239112260000002,0.0001
2023-11-01,66.0,,,93106747.5,,0.0001
2023-11-02,72.0,447130946.6720681,,,,0.0001
2023-11-03,65.0,,,137646560.5,,0.0001
2023-11-04,68.0,,698917.0,,79.51745750999999,0.0001
2023-11-05,70.0,,,165687957.0,,0.0001
2023-11-06,74.0,394344654.35661566,,,,0.0001
2023-11-07,68.0,,,,,0.0001
2023-11-08,66.0,,583201.0,,118.07035988000001,0.0001
2023-11-09,69.0,,,,,0.00013342333333333332
2023-11-10,70.0,,,182124278.5,,0.00010560666666666666
2023-11-11,70.0,,,,,0.00013751666666666666
2023-11-12,73.0,,703327.0,,115.77631581999998,0.00022046000000000001
2023-11-13,72.0,,,221746017.0,,0.00021284000000000003
2023-11-14,69.0,443696225.37862045,,,,0.00016076
2023-11-15,60.0,,,225737294.0,,0.0001
2023-11-16,70.0,,628426.0,,317.4560769399997,0.00012404333333333335
2023-11-17,63.0,,,123940709.0,,0.0001
2023-11-18,69.0,479063315.80735093,,,,0.0001
2023-11-19,66.0,,,,,0.0001
2023-11-20,69.0,,,183378255.5,,0.0001
2023-11-21,71.0,,,,,0.0001
2023-11-22,62.0,,,221256237.0,,0.0001
2023-11-23,66.0,,,,,0.0001
2023-11-24,66.0,,623898.0,,97.80573665000001,0.0001
2023-11-25,73.0,,,226702162.0,,0.0001
2023-11-26,73.0,492891191.48160595,,,,0.0001
2023-11-27,66.0,,,252035805.5,,0.0001
2023-11-28,68.0,,447662.0,,78.80659978,0.0001
2023-11-29,72.0,,,289140664.0,,0.0001
2023-11-30,74.0,452678810.6117344,,,,0.0001
2023-12-01,71.0,,,,,0.0001
2023-12-02,74.0,,,220864714.5,,8.488e-05
2023-12-03,73.0,,,,,0.0001
2023-12-04,74.0,,,254411843.0,,0.0001
2023-12-05,75.0,,,,,0.0001
2023-12-06,72.0,,467795.0,,293.6611414599999,0.0001
2023-12-07,72.0,,,219172862.5,,0.0001
2023-12-08,72.0,456057010.69092655,,,,0.00017843333333333335
2023-12-09,73.0,,,228087127.0,,0.00019618333333333332
2023-12-10,74.0,,536175.0,,114.83473182,0.00021676666666666669
2023-12-11,74.0,,,240813196.5,,0.00011576666666666668
2023-12-12,67.0,481794448.2864064,,,,0.0001
2023-12-13,65.0,,,,,0.00011557333333333333
2023-12-14,72.0,,,282365138.0,,0.0001
2023-12-15,70.0,,,,,0.0001
2023-12-16,67.0,,,11082838.5,,0.0001
2023-12-17,73.0,,,,,0.0001
2023-12-18,65.0,,640936.0,,390.7370200099999,0.00012988666666666668
2023-12-19,73.0,,,176425565.5,,0.0001
2023-12-20,74.0,485140243.06617314,,,,0.00014714333333333332
2023-12-21,70.0,,,205663259.5,,0.0002843566666666667
2023-12-22,74.0,,625531.0,,324.4882387599998,0.0002614233333333333
2023-12-23,70.0,,,,,0.00013783666666666668
2023-12-24,71.0,612085087.5512694,,,,0.00016839666666666666
2023-12-25,73.0,,,,,0.00019302666666666667
2023-12-26,71.0,,,208533880.0,,0.0003223566666666667
2023-12-27,73.0,,,,,0.00032622333333333337
2023-12-28,73.0,,,52035033.5,,0.00033684
2023-12-29,65.0,,,,,0.0005072133333333333
2023-12-30,68.0,,533823.0,,264.2947451199999,0.0003815166666666667
2023-12-31,67.0,,,58409519.5,,0.0003200833333333333
2024-01-01,65.0,554813968.2482265,,,,0.00032741
2024-01-02,71.0,,,153128495.5,,0.00051585
2024-01-03,70.0,,502749.0,,146.25275834000007,0.00016094000000000001
2024-01-04,68.0,,,,,0.0001
2024-01-05,72.0,,,238149961.0,,0.0001
2024-01-06,70.0,,,,,0.0001
2024-01-07,71.0,,,299854064.5,,0.0001
2024-01-08,71.0,,,,,0.0001
2024-01-09,76.0,553078468.1633366,,,,0.0001
2024-01-10,73.0,,,,,0.0001
2024-01-11,76.0,,449075.0,,101.28308080000001,0.0001
2024-01-12,71.0,,,325707586.0,,0.0001
2024-01-13,64.0,578549187.0919114,,,,0.0001
2024-01-14,60.0,,,342869733.0,,0.0001
2024-01-15,52.0,,408499.0,,117.39484570000003,0.0001
2024-01-16,64.0,,,,,0.0001
2024-01-17,60.0,440279570.0510773,,,,0.0001
2024-01-18,63.0,,,,,0.0001
2024-01-19,51.0,,,337167863.5,,0.0001
2024-01-20,52.0,,,,,0.0001
2024-01-21,56.0,,,374841120.5,,0.0001
2024-01-22,55.0,,,,,0.0001
2024-01-23,50.0,,368462.0,,88.51466299000006,0.0001
2024-01-24,48.0,,,381290782.5,,0.0001
2024-01-25,52.0,632919956.7514365,,,,0.0001
2024-01-26,49.0,,,282676020.0,,0.0001
2024-01-27,55.0,,597446.0,,58.19419444000002,9.088666666666666e-05
2024-01-28,54.0,,,,,8.241666666666667e-05
2024-01-29,55.0,,,306177543.0,,9.714000000000001e-05
2024-01-30,61.0,,,,,8.213666666666667e-05
2024-01-31,60.0,,,320132490.0,,7.384666666666667e-05
2024-02-01,63.0,,,,,0.0001
2024-02-02,63.0,,,306301599.0,,0.0001
2024-02-03,60.0,,,,,8.232333333333334e-05
2024-02-04,60.0,,336211.0,,98.42988745000001,9.051000000000001e-05
2024-02-05,60.0,,,266923976.5,,0.0001
2024-02-06,64.0,638049611.833403,,,,8.907666666666668e-05
2024-02-07,62.0,,,249251889.5,,7.068666666666666e-05
2024-02-08,66.0,,285101.0,,52.9856866,6.375e-05
2024-02-09,72.0,,,,,7.653666666666667e-05
2024-02-10,74.0,,,192555826.0,,9.347000000000001e-05
2024-02-11,71.0,,,,,0.0001
2024-02-12,70.0,,409911.0,,67.17328884000001,0.0001
2024-02-13,79.0,,,,,0.0001
2024-02-14,74.0,521699388.49907666,,,,0.00010761
2024-02-15,72.0,,,204062488.0,,0.0001
2024-02-16,72.0,,312782.0,,32.81914217999999,0.0001
2024-02-17,76.0,,,188323400.5,,0.00012013666666666667
2024-02-18,72.0,491572989.4556458,,,,0.00016546666666666669
2024-02-19,75.0,,,181862061.5,,0.00018661666666666666
2024-02-20,72.0,,397096.0,,31.802945029999993,0.00013877333333333331
2024-02-21,78.0,,,,,0.00010414
2024-02-22,74.0,548449203.1116709,,,,0.00012012333333333334
2024-02-23,76.0,,,,,0.00010996999999999999
2024-02-24,72.0,,,154787847.5,,0.0001
2024-02-25,74.0,,,,,0.00013837333333333333
2024-02-26,72.0,540324029.7322387,,,,0.00025185
2024-02-27,79.0,,,138054936.5,,0.00042916000000000004
2024-02-28,82.0,,413800.0,,59.94820722000001,0.0003464966666666667
2024-02-29,80.0,,,167269448.0,,0.0006748633333333332
2024-03-01,80.0,608054004.3789,,,,0.0005471866666666667
2024-03-02,80.0,,,184268507.5,,0.0004899866666666667
2024-03-03,83.0,,385447.0,,46.136782050000015,0.00044618
2024-03-04,82.0,,,,,0.0005517466666666667
2024-03-05,90.0,,,203345631.0,,0.00073359
2024-03-06,75.0,,,,,0.00039836666666666663
2024-03-07,82.0,,,190516725.5,,0.0004183733333333333
2024-03-08,81.0,,,,,0.00047076333333333334
2024-03-09,84.0,642965064.1720946,,,,0.0002560733333333333
2024-03-10,79.0,,,167013912.0,,0.0004964666666666667
2024-03-11,82.0,,394098.0,,41.035269150000005,0.0006010433333333334
2024-03-12,81.0,,,124902081.5,,0.0004590166666666667
2024-03-13,81.0,631131351.3345715,,,,0.00047682
2024-03-14,88.0,,,119765884.5,,0.0003380133333333333
2024-03-15,83.0,,307904.0,,37.14060522999997,0.00022716333333333333
2024-03-16,81.0,,,,,0.00018004999999999999
2024-03-17,79.0,,,120316513.5,,0.00018563
2024-03-18,77.0,,,,,0.00025990999999999997
2024-03-19,79.0,,,130732221.0,,0.00026668666666666667
2024-03-20,74.0,,,,,0.00014745
2024-03-21,78.0,500768807.8908293,,,,0.00016405666666666666
2024-03-22,75.0,,,127900582.0,,0.00012754666666666667
2024-03-23,73.0,,326610.0,,24.56584449,0.00010268666666666668
2024-03-24,74.0,,,86735651.0,,0.00013617
2024-03-25,75.0,550845688.6799122,,,,0.00023562666666666668
2024-03-26,81.0,,,114446069.5,,0.00022358333333333334
2024-03-27,83.0,,355902.0,,30.34220638,0.00033979666666666665
2024-03-28,80.0,,,,,0.00027841333333333335
2024-03-29,79.0,,,103528633.5,,0.0002462533333333333
2024-03-30,75.0,,,,,0.0002875033333333333
2024-03-31,75.0,,,112986758.0,,0.0003751366666666666
2024-04-01,79.0,,,,,0.00043706999999999996
2024-04-02,79.0,611575286.7885739,,,,0.00012460666666666667
2024-04-03,71.0,,,100061702.5,,0.0001
2024-04-04,70.0,,320607.0,,23.051920150000004,0.0001
2024-04-05,79.0,,,94129461.0,,0.0001
2024-04-06,75.0,640501144.9474928,,,,0.0001
2024-04-07,78.0,,,85010190.5,,0.0001
2024-04-08,76.0,,455617.0,,33.11963192,0.00018396333333333333
2024-04-09,80.0,,,,,0.00020192999999999999
2024-04-10,78.0,,,111585761.0,,0.00011462000000000001
2024-04-11,76.0,,,,,0.00017964999999999998
2024-04-12,79.0,,,141583504.0,,0.00016367333333333332
2024-04-13,72.0,,,,,0.0001
2024-04-14,72.0,674220573.4624075,,,,0.0001
2024-04-15,74.0,,,129619352.5,,7.253e-05
2024-04-16,65.0,,454669.0,,94.83667170999998,6.330333333333333e-05
2024-04-17,67.0,,,136326953.0,,5.494333333333333e-05
2024-04-18,57.0,622687790.7773827,,,,3.195e-05
2024-04-19,66.0,,,,,3.133666666666667e-05
2024-04-20,66.0,,631001.0,161925059.0,1257.7154452499992,4.479333333333333e-05
2024-04-21,72.0,,,,,3.1213333333333335e-05
2024-04-22,73.0,,,142149678.0,,2.6013333333333334e-05
2024-04-23,71.0,,,,,9.736666666666668e-06
2024-04-24,72.0,,606713.0,,258.70972687,4.587333333333333e-05
2024-04-25,72.0,,,104908039.5,,4.076333333333333e-05
2024-04-26,70.0,578118168.6740619,,,,2.652e-05
2024-04-27,67.0,,,126749937.0,,6.768e-05
2024-04-28,65.0,,487521.0,,53.221399729999995,5.6900000000000014e-06
2024-04-29,67.0,,,123992216.5,,4.948e-05
2024-04-30,67.0,617535316.5382024,,,,9.631333333333333e-05
2024-05-01,54.0,,,,,9.616000000000001e-05
2024-05-02,43.0,,,141667849.0,,4.2266666666666666e-05
2024-05-03,48.0,,,,,9.259999999999998e-06
2024-05-04,67.0,,,163363667.0,,5.474333333333334e-05
2024-05-05,69.0,,,,,3.815333333333334e-05
2024-05-06,71.0,,519817.0,,40.47732225000001,2.439e-05
2024-05-07,68.0,,,166988963.5,,5.5576666666666666e-05
2024-05-08,64.0,556219753.1939834,,,,6.578666666666666e-05
2024-05-09,55.0,,,161895815.5,,5.405333333333333e-05
2024-05-10,66.0,,713791.0,,31.21384524000001,4.8710000000000006e-05
2024-05-11,53.0,,,159720571.0,,5.9063333333333334e-05
2024-05-12,56.0,545599184.5546882,,,,5.144666666666666e-05
2024-05-13,57.0,,,,,9.206666666666666e-05
2024-05-14,66.0,,,156354183.0,,8.086e-05
2024-05-15,64.0,,,,,3.996e-05
2024-05-16,70.0,586932456.1118613,,,,3.598e-05
2024-05-17,74.0,,,,,1.7213333333333333e-05
2024-05-18,73.0,,401264.0,,17.823959919999993,2.6159999999999997e-05
2024-05-19,72.0,,,165859360.0,,4.4426666666666666e-05
2024-05-20,70.0,644799036.2919042,,,,3.5459999999999996e-05
2024-05-21,76.0,,,175402833.0,,0.00010172333333333334
2024-05-22,76.0,,583279.0,,21.26717374,0.00011919666666666666
2024-05-23,76.0,,,136661345.0,,0.0001
2024-05-24,74.0,671140034.7624127,,,,0.0001
2024-05-25,76.0,,,,,0.0001
2024-05-26,75.0,,,147637962.0,,0.0001
2024-05-27,74.0,,,,,0.0001
2024-05-28,72.0,,,161013277.0,,0.0001
2024-05-29,72.0,,,,,0.00010852666666666667
2024-05-30,73.0,,510417.0,,37.45567083999999,0.0001
2024-05-31,73.0,,,158176811.5,,0.00012289
2024-06-01,72.0,591442155.634376,,,,0.00010083333333333335
2024-06-02,73.0,,,50100205.0,,0.0001
2024-06-03,73.0,,769224.0,,43.74055069000002,0.00011378333333333333
2024-06-04,73.0,,,,,0.00010669333333333335
2024-06-05,75.0,,,103406123.0,,0.00013204333333333333
2024-06-06,78.0,,,,,0.00010735999999999999
2024-06-07,77.0,,,197379173.5,,0.00010055333333333335
2024-06-08,72.0,,,,,0.0001
2024-06-09,75.0,636721355.302943,,,,0.0001
2024-06-10,72.0,,,130675696.0,,0.0001
2024-06-11,74.0,,463737.0,,44.32667776000001,0.0001
2024-06-12,72.0,,,150419600.5,,0.0001
2024-06-13,70.0,603428735.4178218,,,,0.0001
2024-06-14,74.0,,,82889731.5,,0.0001
2024-06-15,74.0,,452945.0,,45.01788529,0.0001
2024-06-16,71.0,,,,,0.0001
2024-06-17,71.0,,,119218372.5,,0.0001
2024-06-18,74.0,,,,,9.412e-05
2024-06-19,64.0,,,143620094.0,,5.698000000000001e-05
2024-06-20,60.0,,,,,5.588666666666667e-05
2024-06-21,63.0,582332779.002438,,,,6.890666666666668e-05
2024-06-22,53.0,,,143389398.0,,8.048666666666667e-05
2024-06-23,55.0,,492352.0,,14.863135919999998,5.6609999999999995e-05
2024-06-24,51.0,,,143983783.5,,9.007333333333334e-05
2024-06-25,30.0,515780461.4021594,,,,7.049333333333334e-05
2024-06-26,46.0,,,,,0.0001
2024-06-27,40.0,,,150072031.0,,0.0001
2024-06-28,47.0,,,,,0.0001
2024-06-29,30.0,653044616.4527341,,,,0.0001
2024-06-30,47.0,,,,,0.0001
2024-07-01,53.0,,,117444603.0,,0.0001
2024-07-02,51.0,,,,,0.0001
2024-07-03,50.0,603130378.2525251,,,,0.0001
2024-07-04,44.0,,,105005827.0,,0.0001
2024-07-05,29.0,,490537.0,,14.72065925,7.254000000000001e-05
2024-07-06,26.0,,,116160648.5,,5.497e-05
2024-07-07,29.0,557193590.72128,,,,9.388e-05
2024-07-08,28.0,,,,,8.709e-05
2024-07-09,27.0,,654037.0,,13.21596265,6.953666666666667e-05
2024-07-10,28.0,,,,,8.236666666666666e-05
2024-07-11,29.0,,,62867791.0,,0.0001
2024-07-12,25.0,,,,,4.480333333333334e-05
2024-07-13,25.0,,,64517626.0,,8.394666666666668e-05
2024-07-14,33.0,,,,,6.929666666666666e-05
2024-07-15,52.0,604614321.8464954,,,,2.426e-05
2024-07-16,65.0,,,42068953.0,,2.1563333333333334e-05
2024-07-17,69.0,,615870.0,,14.034124100000003,1.6633333333333326e-06
2024-07-18,61.0,,,65442027.5,,1.7873333333333334e-05
2024-07-19,60.0,599556361.5235602,,,,4.4966666666666664e-05
2024-07-20,74.0,,,,,1.6300000000000007e-06
2024-07-21,74.0,,,37455663.5,,-8.243333333333335e-06
2024-07-22,70.0,,,,,5.9526666666666674e-05
2024-07-23,71.0,,,52589412.0,,4.553666666666667e-05
2024-07-24,69.0,,,,,0.0001
2024-07-25,68.0,,,52400780.5,,0.0001
2024-07-26,68.0,,,,,7.780000000000001e-05
2024-07-27,72.0,628106664.4532535,,,,7.892666666666666e-05
2024-07-28,71.0,,,63040930.0,,6.720333333333333e-05
2024-07-29,74.0,,826129.0,,10.867002189999997,7.994666666666666e-05
2024-07-30,67.0,,,57714204.5,,4.883e-05
2024-07-31,61.0,613215974.0238556,,,,4.689e-05
2024-08-01,52.0,,,,,9.402666666666667e-05
2024-08-02,57.0,,,61035771.0,,0.0001
2024-08-03,37.0,,,,,8.011666666666667e-05
2024-08-04,34.0,644509048.8165007,,,,8.447666666666668e-05
2024-08-05,26.0,,,,,6.798666666666666e-05
2024-08-06,17.0,,,86854194.0,,1.7353333333333332e-05
2024-08-07,29.0,,,,,-1.4493333333333334e-05
2024-08-08,20.0,581410260.8204794,,,,2.29e-05
2024-08-09,48.0,,,25476274.0,,4.008e-05
2024-08-10,40.0,,548777.0,,6.757603340000002,-2.4233333333333334e-05
2024-08-11,39.0,,,49590309.0,,1.1316666666666666e-05
2024-08-12,25.0,617466711.1039201,,,,2.5526666666666667e-05
2024-08-13,31.0,,,,,9.196666666666666e-06
2024-08-14,30.0,,,74139202.0,,-2.6629999999999997e-05
2024-08-15,29.0,,,,,-2.776666666666667e-05
2024-08-16,27.0,,,85581646.5,,-6.392999999999999e-05
2024-08-17,25.0,,,,,1.9790000000000002e-05
2024-08-18,31.0,,,91078201.5,,-1.6866666666666652e-06
2024-08-19,28.0,,,,,-4.1076666666666666e-05
2024-08-20,30.0,647760661.689083,,,,3.7333333333333313e-07
2024-08-21,26.0,,,107688077.0,,-2.317e-05
2024-08-22,39.0,,795102.0,,100.26494952000006,-2.717333333333333e-05
2024-08-23,34.0,,,100680052.5,,-1.7516666666666668e-05
2024-08-24,56.0,660715874.9228647,,,,1.633333333333333e-05
2024-08-25,54.0,,,,,-1.0763333333333332e-05
2024-08-26,55.0,,,67273578.5,,3.225333333333333e-05
2024-08-27,48.0,,,,,4.099666666666667e-05
2024-08-28,30.0,,,67429926.0,,-1.0756666666666666e-05
2024-08-29,29.0,,,,,-6.87e-06
2024-08-30,34.0,,542101.0,,8.013371420000004,2.4803333333333334e-05
2024-08-31,29.0,,,59026846.5,,1.8763333333333334e-05
2024-09-01,26.0,631567802.399059,,,,9.966666666666682e-07
2024-09-02,26.0,,,57280164.0,,-1.167e-05
2024-09-03,26.0,,582751.0,,8.47166562,5.322e-05
2024-09-04,27.0,,,62568831.5,,5.9633333333333336e-06
2024-09-05,29.0,689387389.9426349,,,,4.510333333333333e-05
2024-09-06,22.0,,,,,1.2356666666666665e-05
2024-09-07,23.0,,781426.0,,6.552367879999996,-5.142333333333334e-05
2024-09-08,29.0,,,,,-2.4996666666666667e-05
2024-09-09,26.0,,,86815085.5,,-6.189333333333333e-05
2024-09-10,33.0,,,,,-3.361333333333333e-05
2024-09-11,37.0,,411402.0,,6.642300200000001,-5.4706666666666676e-05
2024-09-12,31.0,,,106101109.0,,-1.8156666666666665e-05
2024-09-13,32.0,566627672.3067043,,,,-1.127e-05
2024-09-14,50.0,,,111303578.0,,-1.838e-05
2024-09-15,51.0,,712474.0,,6.327634969999999,-2.9333333333333337e-07
2024-09-16,39.0,,,104984281.0,,4.242666666666667e-05
2024-09-17,33.0,691009356.4715909,,,,5.2556666666666664e-05
2024-09-18,45.0,,,,,2.5566666666666664e-05
2024-09-19,49.0,,,100425861.5,,3.511e-05
2024-09-20,54.0,,,,,4.3683333333333336e-05
2024-09-21,54.0,,,93407190.5,,7.624e-05
2024-09-22,52.0,,,,,7.025333333333333e-05
2024-09-23,50.0,,580102.0,,7.737245180000002,4.4046666666666666e-05
2024-09-24,54.0,,,76754070.0,,1.679e-05
2024-09-25,59.0,657005311.2676694,,,,1.2333333333333333e-05
2024-09-26,50.0,,,86626142.5,,5.965333333333333e-05
2024-09-27,61.0,,451723.0,,11.07140301,6.332333333333334e-05
2024-09-28,64.0,,,95381477.5,,5.056333333333334e-05
2024-09-29,63.0,681164035.1378452,,,,3.702e-05
2024-09-30,61.0,,,,,7.005333333333334e-05
2024-10-01,50.0,,,102125200.0,,0.0001
2024-10-02,42.0,,,,,7.744e-05
2024-10-03,37.0,,,94320545.0,,4.3723333333333335e-05
2024-10-04,41.0,,,,,3.153e-05
2024-10-05,49.0,,757575.0,,12.091758149999997,1.1766666666666667e-06
2024-10-06,50.0,,,97164915.0,,2.68e-05
2024-10-07,50.0,681164035.1378452,,,,1.9326666666666666e-05
2024-10-08,49.0,,,89212379.0,,4.505333333333333e-05
2024-10-09,49.0,,536887.0,,15.227246359999995,7.692333333333333e-05
2024-10-10,39.0,,,96639451.0,,4.540666666666667e-05
2024-10-11,32.0,640613423.0024583,,,,1.5900000000000007e-06
2024-10-12,49.0,,,,,3.5776666666666666e-05
2024-10-13,50.0,,,99095664.0,,2.0896666666666666e-05
2024-10-14,48.0,,,,,8.476333333333334e-05
2024-10-15,65.0,713826385.6313109,,,,0.0001
2024-10-16,73.0,,,,,8.941666666666668e-05
2024-10-17,71.0,,653027.0,,61.40548312,0.0001
2024-10-18,73.0,,,93179736.0,,0.0001
2024-10-19,72.0,791615158.4244666,,,,0.0001
2024-10-20,73.0,,,74802559.0,,0.0001
2024-10-21,72.0,,835011.0,,17.517528030000005,0.0001
2024-10-22,70.0,,,88721593.0,,0.0001
2024-10-23,71.0,718143298.2753785,,,,0.0001
2024-10-24,69.0,,,,,0.0001
2024-10-25,72.0,,524014.0,,36.680515899999996,0.0001
2024-10-26,,,,,,7.441333333333333e-05
2024-10-27,74.0,,,53530308.0,,9.908e-05
2024-10-28,72.0,,,,,9.457e-05
2024-10-29,72.0,,614981.0,,11.48340517000001,0.0001
2024-10-30,77.0,,,56100699.5,,0.0001
2024-10-31,77.0,751434709.4537071,,,,0.0001
2024-11-01,75.0,,,87767490.0,,0.0001
2024-11-02,72.0,,544612.0,,7.11291527,0.0001
2024-11-03,74.0,,,,,0.0001
2024-11-04,70.0,,,66084739.0,,0.0001
2024-11-05,70.0,,,,,0.0001
2024-11-06,70.0,,,57418350.0,,0.0001
2024-11-07,77.0,,,,,0.0001
2024-11-08,75.0,,,75846086.0,,0.0001
2024-11-09,75.0,,,,,0.0001
2024-11-10,78.0,,558278.0,,10.833933739999997,0.00016571999999999998
2024-11-11,76.0,,,73785632.5,,0.00018959333333333332
2024-11-12,80.0,737722232.7271894,,,,0.00043874666666666664
2024-11-13,84.0,,,79166506.5,,0.00014985666666666666
2024-11-14,88.0,,503566.0,,24.696528190000013,0.0001
2024-11-15,80.0,,,,,0.00010325666666666667
2024-11-16,86.0,,,73243595.0,,0.00011077000000000001
2024-11-17,90.0,,,,,0.00012114000000000001
2024-11-18,83.0,,,62671315.0,,0.0002258933333333333
2024-11-19,90.0,,,,,0.00023260333333333333
2024-11-20,83.0,747470602.2973549,,,,0.0001
2024-11-21,82.0,,,,,0.0001
2024-11-22,94.0,,540305.0,,18.81865613,0.0001
2024-11-23,93.0,,,64001457.0,,0.0001
2024-11-24,80.0,681367759.9173166,,,,0.00016458666666666665
2024-11-25,82.0,,,43734009.5,,0.00018756
2024-11-26,79.0,,475689.0,,17.208246409999997,0.00023145666666666664
2024-11-27,75.0,,,,,0.00019333333333333333
2024-11-28,77.0,,,41429890.5,,0.00012061666666666667
2024-11-29,78.0,,,,,0.00018095666666666666
2024-11-30,84.0,,,47283055.0,,0.00012657333333333334
2024-12-01,81.0,,,,,0.00015160666666666668
2024-12-02,80.0,,,61180708.5,,0.00021223
2024-12-03,76.0,,,,,0.00016552333333333334
2024-12-04,78.0,,502912.0,,11.847352130000008,0.00025373999999999997
2024-12-05,84.0,,,55077341.5,,0.0004904333333333333
2024-12-06,72.0,702558736.3396405,,,,0.00011544666666666666
2024-12-07,75.0,,,80585204.0,,0.00019478666666666668
2024-12-08,79.0,,420320.0,,15.218431179999998,0.00017045666666666668
2024-12-09,78.0,,,,,0.00020853333333333335
2024-12-10,78.0,,,58329392.0,,0.0001
2024-12-11,74.0,,,,,0.0001
2024-12-12,83.0,,,68901338.5,,0.0001
2024-12-13,76.0,,,,,0.0001
2024-12-14,83.0,,,70747339.5,,8.916666666666666e-05
2024-12-15,80.0,,,,,9.398e-05
2024-12-16,83.0,,412747.0,,12.327577080000006,9.727e-05
2024-12-17,87.0,,,78663824.0,,9.288666666666667e-05
2024-12-18,81.0,776835370.7386113,,,,9.719666666666666e-05
2024-12-19,75.0,,,83878775.0,,0.0001
2024-12-20,74.0,,398670.0,,15.185983740000003,0.0001
2024-12-21,73.0,,,,,7.068666666666668e-05
2024-12-22,73.0,,,78248333.0,,9.876333333333334e-05
2024-12-23,70.0,,,,,9.660333333333333e-05
2024-12-24,73.0,,,70298137.0,,0.0001
2024-12-25,73.0,,,,,0.0001
2024-12-26,79.0,,,68799959.0,,8.621666666666667e-05
2024-12-27,74.0,,,,,0.0001
2024-12-28,72.0,,298580.0,,5.660320319999999,7.604e-05
2024-12-29,73.0,,,62946321.0,,9.337666666666668e-05
2024-12-30,65.0,867710155.9849901,,,,6.249666666666667e-05
2024-12-31,64.0,,,72277507.5,,0.0001
2025-01-01,66.0,,292213.0,,4.759661460000001,0.0001
2025-01-02,70.0,,,,,0.0001
2025-01-03,74.0,774936114.1501169,,,,8.414e-05
2025-01-04,73.0,,,,,6.165666666666668e-05
2025-01-05,72.0,,,58299816.5,,9.44e-05
2025-01-06,76.0,,,,,0.0001
2025-01-07,78.0,,,63777829.5,,9.060666666666666e-05
2025-01-08,70.0,,,,,0.0001
2025-01-09,69.0,,534013.0,,7.305172840000002,6.43e-05
2025-01-10,50.0,,,52192444.0,,3.661333333333333e-05
2025-01-11,69.0,753106927.8360293,,,,4.1143333333333336e-05
2025-01-12,62.0,,,44632356.0,,4.955333333333333e-05
2025-01-13,61.0,,408248.0,,7.777593819999997,4.3786666666666665e-05
2025-01-14,63.0,,,,,9.832000000000001e-05
2025-01-15,70.0,,,37799327.5,,6.542666666666667e-05
2025-01-16,75.0,,,,,4.298e-05
2025-01-17,75.0,,,41539137.5,,5.8049999999999995e-05
2025-01-18,77.0,,,,,8.902333333333334e-05
2025-01-19,77.0,823589114.5051093,,,,0.0001
2025-01-20,76.0,,,50404369.0,,0.0001
2025-01-21,76.0,,324412.0,,10.22718074,0.0001
2025-01-22,84.0,,,51005501.5,,0.0001
2025-01-23,75.0,746720797.1512991,,,,9.09e-05
2025-01-24,75.0,,,47230119.5,,5.8036666666666666e-05
2025-01-25,75.0,,338988.0,,5.433938540000001,7.326333333333333e-05
2025-01-26,73.0,,,,,8.935333333333333e-05
2025-01-27,71.0,,,26279473.5,,4.298e-05
2025-01-28,72.0,,,,,7.854e-05
2025-01-29,72.0,,355332.0,,4.824865440000004,9.983000000000001e-05
2025-01-30,70.0,,,,,9.029666666666666e-05
2025-01-31,76.0,671743783.1087936,,,,7.075e-05
2025-02-01,68.0,,,29179623.0,,6.478333333333334e-05
2025-02-02,60.0,,383258.0,,4.564019920000001,2.7810000000000003e-05
2025-02-03,44.0,,,24851896.0,,8.281666666666667e-05
2025-02-04,72.0,703987484.6980155,,,,4.516666666666666e-05
2025-02-05,54.0,,,3269023.5,,1.9743333333333335e-05
2025-02-06,49.0,,428326.0,,5.3041850299999975,2.6170000000000002e-05
2025-02-07,44.0,,,,,6.713e-05
2025-02-08,44.0,859832042.3792553,,,,-8.796666666666667e-06
2025-02-09,46.0,,,,,5.437333333333333e-05
2025-02-10,43.0,,,9617809.0,,6.145e-05
2025-02-11,47.0,,,,,2.9540000000000002e-05
2025-02-12,46.0,754813012.7554775,,,,3.7189999999999995e-05
2025-02-13,50.0,,,14556637.5,,4.974e-05
2025-02-14,48.0,,346002.0,,4.744212379999999,5.567666666666667e-05
2025-02-15,50.0,,,4141474.5,,2.3623333333333335e-05
2025-02-16,54.0,856968157.3389257,,,,2.457e-05
2025-02-17,51.0,,,25769546.5,,4.881666666666667e-05
2025-02-18,47.0,,422709.0,,4.703006010000002,9.829333333333334e-05
2025-02-19,44.0,,,,,7.915333333333333e-05
2025-02-20,49.0,,,29807986.5,,4.345e-05
2025-02-21,55.0,,,,,7.706666666666667e-06
2025-02-22,49.0,,,64189425.0,,6.261333333333333e-05
2025-02-23,50.0,,,,,2.91e-05
2025-02-24,49.0,714530229.8374169,,,,1.9869999999999998e-05
2025-02-25,25.0,,,73960961.5,,5.543333333333334e-05
2025-02-26,21.0,,403575.0,,10.904291969999996,6.508666666666666e-05
2025-02-27,10.0,,,69550580.5,,6.040333333333334e-05
2025-02-28,16.0,857436275.8049003,,,,6.197333333333333e-05
2025-03-01,20.0,,,38470021.0,,-2.326666666666667e-05
2025-03-02,26.0,,264912.0,,5.543123860000001,-2.248666666666667e-05
2025-03-03,33.0,,,,,1.8166666666666656e-06
2025-03-04,15.0,,,56561912.5,,-1.6333333333333329e-06
2025-03-05,20.0,,,,,3.954333333333333e-05
2025-03-06,25.0,,,24013673.0,,5.589666666666667e-05
2025-03-07,34.0,,,,,-4.1000000000000004e-07
2025-03-08,28.0,753004934.5209701,,,,2.303e-05
2025-03-09,27.0,,,9855766.0,,3.479666666666667e-05
2025-03-10,20.0,,446224.0,,5.31973344,3.111e-05
2025-03-11,24.0,,,11177601.5,,5.570333333333333e-05
2025-03-12,34.0,852972260.0961236,,,,3.467999999999999e-05
2025-03-13,45.0,,,10662446.0,,1.8963333333333335e-05
2025-03-14,27.0,,439189.0,,5.447541660000001,3.691333333333333e-05
2025-03-15,46.0,,,,,-2.915e-05
2025-03-16,30.0,,,22040342.5,,1.9716666666666667e-05
2025-03-17,32.0,,,,,3.4660000000000004e-05
2025-03-18,34.0,,,15250175.5,,2.092e-05
2025-03-19,32.0,,,,,3.7283333333333336e-05
2025-03-20,49.0,791647457.0826768,,,,2.2733333333333335e-05
2025-03-21,31.0,,,39709861.0,,3.152333333333333e-05
2025-03-22,32.0,,413839.0,,9.808855499999996,2.0526666666666668e-05
2025-03-23,30.0,,,30756586.0,,1.9783333333333334e-05
2025-03-24,45.0,870857131.0489082,,,,1.3763333333333333e-05
2025-03-25,46.0,,,27079677.0,,-9.576666666666666e-06
2025-03-26,47.0,,515068.0,,9.679871510000002,-1.471e-05
2025-03-27,40.0,,,,,1.6293333333333332e-05
2025-03-28,44.0,,,28751377.0,,3.081666666666667e-05
2025-03-29,26.0,,,,,5.369333333333333e-05
2025-03-30,32.0,,,666183.5,,1.7853333333333334e-05
2025-03-31,34.0,,,,,3.502666666666667e-05
2025-04-01,34.0,763413718.7766403,,,,3.474333333333333e-05
2025-04-02,44.0,,,1628175.0,,5.523333333333333e-06
2025-04-03,25.0,,392043.0,,5.781421130000002,5.7946666666666665e-05
2025-04-04,28.0,,,519989.5,,5.685666666666666e-05
2025-04-05,30.0,948981343.907835,,,,5.467999999999999e-05
2025-04-06,34.0,,,,,1.6603333333333334e-05
2025-04-07,23.0,,,687210.0,,5.600333333333334e-05
2025-04-08,24.0,,,,,3.594333333333333e-05
2025-04-09,18.0,,,981196.0,,4.7239999999999995e-05
2025-04-10,39.0,,,,,4.864666666666667e-05
2025-04-11,25.0,,,4446574.5,,3.5366666666666674e-06
2025-04-12,43.0,,,,,4.894e-05
2025-04-13,45.0,1038911847.2943201,,,,7.709333333333334e-05
2025-04-14,31.0,,,3558286.0,,5.8893333333333334e-05
2025-04-15,38.0,,442899.0,,5.681177280000002,2.138666666666667e-05
2025-04-16,29.0,,,5586828.0,,3.7743333333333335e-05
2025-04-17,30.0,924148329.2792498,,,,3.502666666666666e-05
2025-04-18,33.0,,,,,3.951333333333333e-05
2025-04-19,32.0,,,8369271.0,,2.3336666666666666e-05
2025-04-20,37.0,,,,,-1.2113333333333333e-05
2025-04-21,39.0,771877846.401681,,,,4.062666666666667e-05
2025-04-22,47.0,,,,,-1.3333333333333207e-07
2025-04-23,72.0,,,23828491.0,,1.5240000000000001e-05
2025-04-24,63.0,,,,,1.246666666666666e-06
2025-04-25,60.0,882146110.1733494,,,,-4.9133333333333334e-06
2025-04-26,65.0,,,3410155.0,,-3.3346666666666664e-05
2025-04-27,61.0,,441827.0,,5.182267590000003,-8.603333333333335e-06
2025-04-28,54.0,,,16936434.5,,-1.734e-05
2025-04-29,60.0,894398139.4813126,,,,3.15e-06
2025-04-30,56.0,,,,,-2.013e-05
2025-05-01,53.0,,,19846826.5,,4.153333333333333e-06
2025-05-02,67.0,,,,,-0.00010101000000000001
2025-05-03,65.0,,,1202016.0,,-1.4126666666666666e-05
2025-05-04,64.0,,,,,2.448e-05
2025-05-05,52.0,,,285948.5,,-3.383333333333334e-06
2025-05-06,59.0,,,,,2.391666666666667e-05
2025-05-07,67.0,894116485.453914,,,,8.376666666666667e-06
2025-05-08,65.0,,,11470561.0,,4.2180000000000006e-05
2025-05-09,73.0,,334543.0,,6.867091060000005,8.126e-05
2025-05-10,70.0,,,2679275.0,,7.971333333333333e-05
2025-05-11,70.0,882273882.9975705,,,,8.05e-05
2025-05-12,70.0,,,,,5.585e-05
2025-05-13,70.0,,,1728784.0,,8.034333333333333e-05
2025-05-14,73.0,,,,,6.879333333333332e-05
2025-05-15,70.0,,,4213113.0,,3.251e-05
2025-05-16,71.0,,,,,5.6023333333333336e-05
2025-05-17,74.0,,291797.0,,7.1957170900000005,2.2526666666666666e-05
2025-05-18,74.0,,,,,7.548333333333333e-05
2025-05-19,74.0,852722089.09428,,,,4.713333333333333e-05
2025-05-20,71.0,,,22992888.5,,5.583666666666667e-05
2025-05-21,70.0,,422191.0,,7.899307769999999,7.011e-05
2025-05-22,72.0,,,13797797.5,,0.0001
2025-05-23,78.0,937389530.5646338,,,,8.398666666666666e-05
2025-05-24,66.0,,,,,5.317e-05
2025-05-25,74.0,,,2744113.0,,6.186e-05
2025-05-26,73.0,,,,,9.037666666666667e-05
2025-05-27,74.0,,,5910614.0,,5.797333333333333e-05
2025-05-28,71.0,,,,,3.597333333333333e-05
2025-05-29,74.0,,,418191.5,,4.792333333333333e-05
2025-05-30,60.0,,,,,4.621e-05
2025-05-31,50.0,1016284104.8877773,,,,6.915e-05
2025-06-01,56.0,,,3919557.0,,1.9566666666666667e-05
2025-06-02,64.0,,346488.0,,4.7752589300000015,3.139333333333333e-05
2025-06-03,64.0,,,4768091.5,,5.1756666666666665e-05
2025-06-04,62.0,795352777.73826,,,,1.1873333333333334e-05
2025-06-05,57.0,,,,,2.7003333333333333e-05
2025-06-06,45.0,,,4041722.0,,-3.172e-05
2025-06-07,52.0,,,,,-1.918e-05
2025-06-08,62.0,,,634263.5,,2.2730000000000004e-05
2025-06-09,62.0,,,,,1.639e-05
2025-06-10,71.0,,,1583733.5,,8.179666666666667e-05
2025-06-11,72.0,,,,,7.402666666666667e-05
2025-06-12,71.0,934223897.6608136,,,,3.4336666666666666e-05
2025-06-13,61.0,,,8817942.5,,5.953333333333333e-06
2025-06-14,63.0,,273850.0,,3.0589920699999995,2.317e-05
2025-06-15,60.0,,,866574.0,,1.722333333333333e-05
2025-06-16,61.0,917456209.4405266,,,,2.9330000000000002e-05
2025-06-17,68.0,,,,,3.278e-05
2025-06-18,52.0,,,6675213.0,,2.8783333333333333e-05
2025-06-19,57.0,,,,,1.2856666666666668e-05
2025-06-20,54.0,,,2384549.0,,4.609000000000001e-05
2025-06-21,49.0,,,,,4.45e-05
2025-06-22,42.0,,265421.0,,2.7805980599999995,5.676e-05
2025-06-23,47.0,,,466628.5,,3.3966666666666675e-06
2025-06-24,65.0,735221756.880422,,,,9.7e-06
2025-06-25,66.0,,,6675042.0,,1.7833333333333338e-06
2025-06-26,74.0,,504341.0,,7.57462956,1.542666666666667e-05
2025-06-27,65.0,,,16877784.5,,2.1110000000000003e-05
2025-06-28,65.0,911172262.800523,,,,3.108666666666667e-05
2025-06-29,68.0,,,,,5.5366666666666666e-05
2025-06-30,66.0,,,2880685.0,,2.988666666666667e-05
2025-07-01,64.0,,,,,2.1653333333333335e-05
2025-07-02,63.0,,,3379677.0,,3.113333333333333e-05
2025-07-03,73.0,,,,,4.487e-05
2025-07-04,73.0,,366873.0,,3.3710390200000013,4.0119999999999995e-05
2025-07-05,67.0,,,1118336.0,,2.7086666666666663e-05
2025-07-06,66.0,930246266.8772235,,,,1.5446666666666666e-05
2025-07-07,73.0,,,1117453.5,,3.356333333333334e-05
2025-07-08,65.0,,354753.0,,4.5461275400000005,3.079e-05
2025-07-09,66.0,,,2066919.5,,3.5806666666666664e-05
2025-07-10,71.0,994200697.7250328,,,,6.810333333333333e-05
2025-07-11,71.0,,,,,0.0001
2025-07-12,79.0,,,2812315.5,,0.0001
2025-07-13,74.0,,,,,0.0001
2025-07-14,74.0,,,5911887.0,,9.350333333333332e-05
2025-07-15,73.0,,,,,0.0001
2025-07-16,70.0,,399196.0,,4.539328199999996,0.0001
2025-07-17,74.0,,,11515495.5,,0.0001
2025-07-18,73.0,903884853.0824848,,,,0.0001
2025-07-19,74.0,,,1675251.5,,0.0001
2025-07-20,72.0,,414919.0,,3.15968918,0.0001
2025-07-21,71.0,,,501892.5,,0.0001
2025-07-22,72.0,941546721.960922,,,,0.0001
2025-07-23,74.0,,,,,0.0001
2025-07-24,71.0,,,1076860.0,,0.0001
2025-07-25,70.0,,,,,0.0001
2025-07-26,72.0,,,2093516.5,,0.0001
2025-07-27,73.0,,,,,0.0001
2025-07-28,75.0,,502252.0,,4.207920390000001,0.0001
2025-07-29,73.0,,,4678613.5,,0.0001
2025-07-30,74.0,869131963.3112651,,,,0.0001
2025-07-31,72.0,,,1343169.5,,8.564666666666667e-05
2025-08-01,65.0,,400385.0,,5.450971709999999,1.9406666666666665e-05
2025-08-02,55.0,,,23613177.5,,3.380333333333333e-05
2025-08-03,53.0,983324484.0382924,,,,5.89e-05
2025-08-04,64.0,,,,,4.606333333333334e-05
2025-08-05,60.0,,,3014659.0,,6.824666666666668e-05
2025-08-06,54.0,,,,,7.578333333333334e-05
2025-08-07,62.0,1021388657.6139685,,,,6.230666666666666e-05
2025-08-08,74.0,,,,,4.035e-05
2025-08-09,67.0,,376121.0,,4.494624190000002,7.691000000000001e-05
2025-08-10,69.0,,,582931.0,,9.949666666666667e-05
2025-08-11,70.0,945836287.6602162,,,,0.0001
2025-08-12,68.0,,,5387711.5,,8.843666666666666e-05
2025-08-13,73.0,,441094.0,,4.397483219999999,9.041000000000001e-05
2025-08-14,75.0,,,5316967.0,,0.0001
2025-08-15,60.0,862190901.6766596,,,,4.5503333333333335e-05
2025-08-16,56.0,,,,,8.713666666666667e-05
2025-08-17,64.0,,440879.0,,2.54035809,4.916e-05
2025-08-18,60.0,,,,,2.4866666666666667e-05
2025-08-19,56.0,,,434953.0,,5.5219999999999996e-05
2025-08-20,44.0,,,,,3.614333333333333e-05
2025-08-21,50.0,,447767.0,,3.0897044099999995,5.4380000000000005e-05
2025-08-22,50.0,,,2330772.5,,7.721e-05
2025-08-23,60.0,980001769.6141683,,,,9.903666666666667e-05
2025-08-24,53.0,,,522507.5,,0.0001
2025-08-25,47.0,,482127.0,,2.8474278699999997,9.448000000000002e-05
2025-08-26,48.0,,,704656.5,,6.140666666666667e-05
2025-08-27,51.0,967107009.4876657,,,,3.600333333333333e-05
2025-08-28,48.0,,,,,7.500666666666666e-05
2025-08-29,50.0,,,856796.5,,3.587e-05
2025-08-30,39.0,,,,,7.848000000000001e-05
2025-08-31,48.0,,,594808.0,,4.5056666666666665e-05
2025-09-01,46.0,,,,,6.541e-05
2025-09-02,49.0,,592659.0,,4.966634959999998,7.369e-05
2025-09-03,55.0,,,1132674.0,,2.746e-05
2025-09-04,51.0,902633208.8551546,,,,4.7113333333333335e-05
2025-09-05,48.0,,,3332740.0,,8.468000000000001e-05
2025-09-06,48.0,,441035.0,,3.4592569699999975,4.022333333333333e-05
2025-09-07,44.0,,,,,4.183333333333334e-05
2025-09-08,51.0,,,320274.5,,7.799e-05
2025-09-09,48.0,,,,,7.933e-05
2025-09-10,49.0,,,174858.0,,6.943666666666667e-05
2025-09-11,54.0,,,,,4.4840000000000004e-05
2025-09-12,57.0,811509451.1601102,,,,5.598666666666667e-05
2025-09-13,52.0,,,,,1.2780000000000001e-05
2025-09-14,55.0,,534198.0,,3.1299257199999992,5.359e-05
2025-09-15,53.0,,,201952.5,,7.551666666666667e-05
2025-09-16,52.0,1082012601.5468137,,,,4.82e-05
2025-09-17,53.0,,,2329664.0,,7.238666666666666e-05
2025-09-18,52.0,,448521.0,,3.687311720000001,6.025666666666666e-05
2025-09-19,53.0,,,,,2.3806666666666663e-05
2025-09-20,48.0,,,548897.0,,9.08e-06
2025-09-21,49.0,,,,,3.2766666666666652e-06
2025-09-22,45.0,,,522964.5,,4.415333333333333e-05
2025-09-23,43.0,,,,,7.207666666666666e-05
2025-09-24,44.0,,,420830.0,,5.649e-05
2025-09-25,44.0,,,,,3.69e-05
2025-09-26,28.0,,419078.0,,4.05417458,5.0730000000000004e-05
2025-09-27,33.0,,,405557.5,,3.745333333333333e-05
2025-09-28,37.0,1167521713.2756777,,,,4.5169999999999996e-05
2025-09-29,50.0,,,2583107.0,,1.2159999999999999e-05
2025-09-30,50.0,,555361.0,,3.1584596399999985,3.61e-05
2025-10-01,49.0,,,,,5.6040000000000006e-05
2025-10-02,64.0,,,606677.0,,9.109e-05
2025-10-03,63.0,,,,,9.975333333333333e-05
2025-10-04,71.0,,,1283361.5,,9.437333333333333e-05
2025-10-05,74.0,,,,,9.404666666666667e-05
2025-10-06,71.0,,,8011050.5,,7.737e-05
2025-10-07,70.0,,,,,8.267333333333333e-05
2025-10-08,60.0,,427474.0,,3.3791308699999987,5.9793333333333336e-05
2025-10-09,70.0,,,225326.5,,2.716333333333333e-05
2025-10-10,64.0,989771850.1084098,,,,1.8923333333333332e-05
2025-10-11,27.0,,,766726.5,,6.822333333333333e-05
2025-10-12,24.0,,463487.0,,2.43852623,-3.701666666666666e-05
2025-10-13,38.0,,,,,-1.2426666666666666e-05
2025-10-14,38.0,,,889793.0,,-2.609e-05
2025-10-15,34.0,,,,,-4.089999999999999e-06
2025-10-16,28.0,,497400.0,,3.168048689999999,-2.6583333333333333e-05
2025-10-17,22.0,,,,,-4.033333333333333e-06
2025-10-18,23.0,,,404097.0,,-4.958666666666667e-05
2025-10-19,29.0,,,,,9.626666666666665e-06
2025-10-20,29.0,,424653.0,,2.930852719999999,-9.600000000000001e-06
2025-10-21,34.0,,,934296.5,,-1.9503333333333334e-05
2025-10-22,25.0,1115874064.956139,,,,1.3116666666666664e-05
2025-10-23,27.0,,,1480420.0,,5.172333333333333e-05
2025-10-24,30.0,,571212.0,,2.9053725499999996,2.7993333333333335e-05
2025-10-25,37.0,,,,,4.024666666666667e-05
2025-10-26,40.0,,,414600.5,,3.1140000000000003e-05
2025-10-27,51.0,,,,,9.101333333333334e-05
2025-10-28,50.0,,,1474207.5,,5.6189999999999996e-05
2025-10-29,51.0,,,,,2.853e-05
2025-10-30,34.0,,,224391.5,,2.7026666666666667e-05
2025-10-31,29.0,,,,,6.737666666666667e-05
2025-11-01,33.0,,391320.0,,2.469086779999999,9.927333333333334e-05
2025-11-02,37.0,,,254572.5,,7.328333333333333e-05
2025-11-03,42.0,1100991530.929305,,,,6.0933333333333335e-05
2025-11-04,21.0,,,2604081.5,,7.382333333333334e-05
2025-11-05,23.0,,396072.0,,4.18353984,4.2596666666666665e-05
2025-11-06,27.0,,,,,5.465e-05
2025-11-07,24.0,,,278688.0,,5.854333333333333e-05
2025-11-08,20.0,,,,,4.854333333333333e-05
2025-11-09,22.0,,,675295.5,,3.8316666666666665e-05
2025-11-10,29.0,,,,,7.068000000000001e-05
2025-11-11,26.0,1186279607.2688992,,,,1.9553333333333335e-05
2025-11-12,24.0,,,,,2.9783333333333333e-05
2025-11-13,15.0,,,,,5.959000000000001e-05
2025-11-14,16.0,,,449989.0,,8.924333333333333e-05
2025-11-15,10.0,,,,,8.143333333333334e-05
2025-11-16,10.0,,,672724.0,,8.268333333333333e-05
2025-11-17,14.0,,,,,8.925333333333334e-05
2025-11-18,11.0,1006737198.683799,,,,7.908333333333334e-05
2025-11-19,15.0,,,334478.5,,5.496e-05
2025-11-20,11.0,,361895.0,,3.1734651599999997,7.752666666666667e-05
2025-11-21,14.0,,,734497.5,,3.812666666666667e-05
2025-11-22,11.0,1082431724.900626,,,,4.3883333333333334e-05
2025-11-23,13.0,,,,,1.0240000000000002e-05
2025-11-24,19.0,,,397458.0,,1.6346666666666667e-05
2025-11-25,20.0,,,,,-2.1043333333333332e-05
2025-11-26,15.0,,,992610.5,,3.002333333333333e-05
2025-11-27,22.0,,,,,1.4776666666666665e-05
2025-11-28,25.0,,511691.0,,2.869712909999998,2.025e-05
2025-11-29,28.0,,,,,8.103333333333333e-06
2025-11-30,28.0,1239441135.1156871,,,,4.506e-05
2025-12-01,24.0,,,1351033.5,,2.7456666666666667e-05
2025-12-02,23.0,,412650.0,,3.900622880000001,1.8776666666666666e-05
2025-12-03,28.0,,,1044463.0,,5.296666666666666e-06
2025-12-04,26.0,979678022.9656931,,,,3.6559999999999996e-05
2025-12-05,28.0,,,,,3.3906666666666665e-05
2025-12-06,23.0,,527061.0,,2.405767989999999,1.2633333333333333e-05
2025-12-07,20.0,,,,,3.69e-05
2025-12-08,20.0,1098426874.2342618,,,,3.133666666666667e-05
2025-12-09,22.0,,,,,4.224666666666666e-05
2025-12-10,26.0,,,243871.5,,2.6593333333333332e-05
2025-12-11,29.0,,,,,2.371e-05
2025-12-12,29.0,1068190154.3848839,,,,4.998333333333334e-05
2025-12-13,23.0,,,210224.5,,4.0606666666666665e-05
2025-12-14,21.0,,416686.0,,1.9304611599999992,5.5570000000000005e-05
2025-12-15,16.0,,,536240.5,,7.926666666666666e-06
2025-12-16,11.0,1082923811.686744,,,,4.3020000000000005e-05
2025-12-17,16.0,,,,,7.041666666666667e-05
2025-12-18,17.0,,,416529.0,,4.5726666666666664e-05
2025-12-19,16.0,,,,,8.497000000000001e-05
2025-12-20,20.0,,,452149.5,,6.135e-05
2025-12-21,20.0,,,,,7.510666666666666e-05
2025-12-22,25.0,,,672968.0,,5.189e-05
2025-12-23,24.0,,,,,3.219666666666666e-05
2025-12-24,24.0,1171325755.4979067,,,,8.127333333333334e-05
2025-12-25,23.0,,,1732732.5,,7.409333333333333e-05
2025-12-26,20.0,,517078.0,,2.3658647199999994,6.601666666666667e-05
2025-12-27,23.0,,,901043.0,,3.4823333333333336e-05
2025-12-28,24.0,1142344841.882498,,,,5.7943333333333325e-05
2025-12-29,24.0,,,,,8.275333333333335e-05
2025-12-30,23.0,,,1144522.0,,7.652666666666667e-05
2025-12-31,21.0,,,,,2.7083333333333332e-05
2026-01-01,20.0,1112864974.9952078,,,,7.237e-05
2026-01-02,28.0,,,,,4.88e-05
2026-01-03,29.0,,,1316434.0,,3.701e-05
2026-01-04,25.0,,,,,6.578999999999999e-05
2026-01-05,26.0,972835607.2805791,,,,7.282000000000001e-05
2026-01-06,44.0,,,239142.0,,1.377e-05
2026-01-07,42.0,,425191.0,,2.598904729999999,6.489e-05
2026-01-08,28.0,,,203040.5,,8.376333333333332e-05
2026-01-09,27.0,1033929118.9983668,,,,1.5543333333333334e-05
2026-01-10,25.0,,,,,6.511666666666667e-05
2026-01-11,29.0,,290317.0,,1.9199271000000004,5.027e-05
2026-01-12,27.0,,,,,3.121666666666667e-05
2026-01-13,26.0,,,2939032.5,,5.176e-05
2026-01-14,48.0,,,,,2.2340000000000003e-05
2026-01-15,61.0,,,1806805.0,,9.693333333333333e-06
2026-01-16,49.0,,,,,5.7239999999999994e-05
2026-01-17,50.0,1084897455.850399,,,,1.935e-05
2026-01-18,49.0,,,122046.0,,6.563333333333333e-05
2026-01-19,44.0,,354595.0,,2.2826795899999985,2.6366666666666666e-05
2026-01-20,32.0,,,2191094.0,,7.365666666666667e-05
2026-01-21,24.0,997523164.104058,,,,6.155e-05
2026-01-22,20.0,,,,,6.961333333333333e-05
2026-01-23,24.0,,,1264860.0,,5.149333333333333e-05
2026-01-24,25.0,,,,,4.780333333333334e-05
2026-01-25,25.0,,,951609.5,,4.768e-05
2026-01-26,20.0,,,,,4.1733333333333336e-05
2026-01-27,29.0,,362327.0,,2.3041153399999996,5.932666666666667e-05
2026-01-28,29.0,,,,,5.413666666666667e-05
2026-01-29,26.0,901422056.6587061,,,,5.696333333333334e-05
2026-01-30,16.0,,,1518914.0,,2.167333333333333e-05
2026-01-31,20.0,,405402.0,,3.0406677999999996,6.608666666666666e-05
2026-02-01,14.0,,,1012012.5,,6.253333333333334e-06
2026-02-02,14.0,830998458.4822448,,,,-2.8959999999999997e-05
2026-02-03,17.0,,,,,-1.4100000000000003e-06
2026-02-04,14.0,,,581286.5,,2.7626666666666664e-05
2026-02-05,12.0,,,,,1.5046666666666668e-05
2026-02-06,9.0,,,1868252.5,,-9.587666666666666e-05
2026-02-07,6.0,,,,,-8.803666666666665e-05
2026-02-08,7.0,,507211.0,,2.2321171099999995,-3.937666666666667e-05
2026-02-09,14.0,,,260750.5,,-1.837666666666667e-05
2026-02-10,9.0,900973830.4794525,,,,-7.481e-05
2026-02-11,11.0,,,1010294.0,,-2.7286666666666667e-05
2026-02-12,5.0,,484938.0,,2.5517531400000006,1.300000000000001e-06
2026-02-13,9.0,,,1149355.0,,1.758666666666667e-05
2026-02-14,9.0,1038622610.1360354,,,,4.569999999999999e-06
2026-02-15,8.0,,,,,4.083333333333333e-06
2026-02-16,12.0,,526061.0,,2.21631648,-1.5766666666666666e-05
2026-02-17,10.0,,,,,4.544e-05
2026-02-18,8.0,,,399568.0,,2.2260000000000004e-05
2026-02-19,9.0,,,,,-1.4599999999999997e-05
2026-02-20,7.0,,413542.0,,2.590732749999999,1.9986666666666666e-05
2026-02-21,8.0,,,1678994.0,,3.392e-05
2026-02-22,9.0,1177205689.6625803,,,,1.9146666666666667e-05
2026-02-23,5.0,,,949722.5,,-4.0000000000000067e-07
2026-02-24,8.0,,566873.0,,2.695604439999999,1.4436666666666665e-05
2026-02-25,11.0,,,280054.0,,4.800000000000001e-06
2026-02-26,11.0,1004931686.2973247,,,,2.9366666666666685e-06
2026-02-27,13.0,,,,,-3.2566666666666674e-05
2026-02-28,11.0,,,568817.0,,-1.3303333333333334e-05
2026-03-01,14.0,,,,,2.2743333333333333e-05
2026-03-02,10.0,,,1112871.5,,-1.1126666666666665e-05
2026-03-03,14.0,,,,,9.106666666666667e-06
2026-03-04,10.0,,377812.0,,3.0306415199999996,6.043333333333331e-06
2026-03-05,22.0,,,394052.5,,2.902e-05
2026-03-06,18.0,1052672432.0364789,,,,-1.1826666666666666e-05
2026-03-07,12.0,,,224424.5,,-2.4333333333333157e-07
2026-03-08,12.0,,453532.0,,1.9641713200000002,-2.8263333333333334e-05
2026-03-09,8.0,,,1084473.5,,-4.593333333333333e-05
2026-03-10,13.0,994991750.8290006,,,,1.913333333333333e-06
2026-03-11,15.0,,,,,-7.376e-05
2026-03-12,18.0,,,1298953.5,,-6.858333333333332e-05
2026-03-13,15.0,,,,,2.786666666666666e-06
2026-03-14,16.0,,,872158.0,,-3.0726666666666665e-05
2026-03-15,15.0,,,,,-1.8950000000000003e-05
2026-03-16,23.0,,405364.0,,2.542807089999999,3.889e-05
2026-03-17,28.0,,,2587239.5,,-1.1746666666666667e-05
2026-03-18,26.0,1002201835.9799352,,,,-2.9880000000000002e-05
2026-03-19,23.0,,,750056.0,,-9.27e-06
2026-03-20,11.0,,423312.0,,2.72301647,3.8499999999999996e-06
2026-03-21,12.0,,,2681648.0,,-3.793333333333333e-06
2026-03-22,10.0,1077444735.2152646,,,,-3.485333333333333e-05
2026-03-23,8.0,,,,,-1.594e-05
2026-03-24,11.0,,,1986385.5,,3.653333333333334e-05
2026-03-25,14.0,,,,,2.7016666666666665e-05
2026-03-26,10.0,,,1539128.5,,5.746666666666666e-06
2026-03-27,13.0,,,,,-3.071333333333333e-05
2026-03-28,12.0,,763304.0,,1.8646291600000005,-5.2883333333333336e-05
2026-03-29,9.0,,,625542.5,,-3.3833333333333333e-06
2026-03-30,8.0,904521506.1066417,,,,5.166666666666667e-06
2026-03-31,11.0,,,1486490.5,,-1.5226666666666668e-05
2026-04-01,8.0,,683419.0,,2.5519788400000007,-1.1109999999999999e-05
2026-04-02,12.0,,,280809.0,,-1.010666666666667e-05
2026-04-03,9.0,898750099.8899364,,,,-3.596666666666667e-06
2026-04-04,11.0,,,,,3.175666666666667e-05
2026-04-05,12.0,,,1442799.5,,2.7026666666666667e-05
2026-04-06,13.0,,,,,4.346666666666667e-05
2026-04-07,11.0,,,310677.5,,3.593666666666667e-05
2026-04-08,17.0,,,,,3.877e-05
2026-04-09,14.0,,586158.0,,2.3998083000000006,1.0353333333333335e-05
2026-04-10,16.0,,,497565.5,,2.273333333333333e-06
2026-04-11,15.0,849693923.6702881,,,,-6.687666666666666e-05
2026-04-12,16.0,,,368303.5,,-4.044333333333333e-05
2026-04-13,12.0,,641052.0,,2.31460802,-1.942e-05
2026-04-14,21.0,,,146710.0,,-2.785333333333333e-05
2026-04-15,23.0,863510085.0307804,,,,-7.183e-05
2026-04-16,23.0,,,,,-2.8280000000000004e-05
2026-04-17,21.0,,,806896.0,,-1.5703333333333333e-05
2026-04-18,26.0,,,,,-6.588666666666667e-05
2026-04-19,27.0,,,458421.5,,-9.296666666666667e-05
2026-04-20,29.0,,,,,-4.0459999999999995e-05
2026-04-21,33.0,,537497.0,,2.45859733,-6.0009999999999996e-05
2026-04-22,32.0,,,528940.0,,1.913333333333332e-06
2026-04-23,46.0,815595402.6286399,,,,-6.0396666666666664e-05
2026-04-24,39.0,,,1473586.0,,-4.948666666666667e-05
2026-04-25,31.0,,581159.0,,1.97454031,-4.3370000000000007e-05
2026-04-26,33.0,,,,,1.9633333333333333e-06
2026-04-27,47.0,,,414256.5,,-4.696e-05
2026-04-28,33.0,,,,,-6.376666666666665e-06
2026-04-29,26.0,,,612508.0,,6.786666666666667e-06
2026-04-30,29.0,,,,,-2.987e-05
2026-05-01,26.0,,,,,-2.899666666666667e-05
2026-05-02,39.0,,,,,-2.9625e-05
